Id,Url,Primarytitle,Originaltitle,Type,Description,Primaryimage,Thumbnails,Trailer,Contentrating,Startyear,Endyear,Releasedate,Interests,Countriesoforigin,Externallinks,Spokenlanguages,Filminglocations,Productioncompanies,Budget,Grossworldwide,Genres,Isadult,Runtimeminutes,Averagerating,Numvotes,Metascore
tt0111161,https://www.imdb.com/title/tt0111161/,The Shawshank Redemption,The Shawshank Redemption,movie,"After a banker is sentenced to life in Shawshank Prison, he forms an unlikely friendship with a seasoned inmate and clings to hope amid cruelty and corruption.",https://m.media-amazon.com/images/M/MV5BMDAyY2FhYjctNDc5OS00MDNlLThiMGUtY2UxYWVkNGY2ZjljXkEyXkFqcGc@.jpg,"[{'url': 'https://m.media-amazon.com/images/M/MV5BMDAyY2FhYjctNDc5OS00MDNlLThiMGUtY2UxYWVkNGY2ZjljXkEyXkFqcGc@._V1_QL75_UX100_CR0,0,100,148_.jpg', 'width': 100, 'height': 148}, {'url': 'https://m.media-amazon.com/images/M/MV5BMDAyY2FhYjctNDc5OS00MDNlLThiMGUtY2UxYWVkNGY2ZjljXkEyXkFqcGc@._V1_QL75_UX280_CR0,0,280,414_.jpg', 'width': 280, 'height': 414}, {'url': 'https://m.media-amazon.com/images/M/MV5BMDAyY2FhYjctNDc5OS00MDNlLThiMGUtY2UxYWVkNGY2ZjljXkEyXkFqcGc@._V1_QL75_UX380_CR0,0,380,562_.jpg', 'width': 380, 'height': 562}]",https://www.youtube.com/watch?v=xyXX8LXiNJ4,R,1994,,14-10-1994,"['Epic', 'Period Drama', 'Prison Drama', 'Psychological Drama', 'Drama']",['US'],"['https://www.facebook.com/shawshankredemptionfilm/', 'https://www.warnerbros.com/movies/shawshank-redemption']",['en'],"['Butler, Ohio, USA']","[{'id': 'co0040620', 'name': 'Castle Rock Entertainment'}]",25000000,29424909,['Drama'],FALSE,142,9.3,3219026,82
tt0068646,https://www.imdb.com/title/tt0068646/,The Godfather,The Godfather,movie,The aging patriarch of an organized crime dynasty transfers control of his clandestine empire to his reluctant son.,https://m.media-amazon.com/images/M/MV5BNGEwYjgwOGQtYjg5ZS00Njc1LTk2ZGEtM2QwZWQ2NjdhZTE5XkEyXkFqcGc@.jpg,"[{'url': 'https://m.media-amazon.com/images/M/MV5BNGEwYjgwOGQtYjg5ZS00Njc1LTk2ZGEtM2QwZWQ2NjdhZTE5XkEyXkFqcGc@._V1_QL75_UX100_CR0,0,100,148_.jpg', 'width': 100, 'height': 148}, {'url': 'https://m.media-amazon.com/images/M/MV5BNGEwYjgwOGQtYjg5ZS00Njc1LTk2ZGEtM2QwZWQ2NjdhZTE5XkEyXkFqcGc@._V1_QL75_UX280_CR0,0,280,414_.jpg', 'width': 280, 'height': 414}, {'url': 'https://m.media-amazon.com/images/M/MV5BNGEwYjgwOGQtYjg5ZS00Njc1LTk2ZGEtM2QwZWQ2NjdhZTE5XkEyXkFqcGc@._V1_QL75_UX380_CR0,0,380,562_.jpg', 'width': 380, 'height': 562}]",https://www.youtube.com/watch?v=8V2k2YQEQJ4,R,1972,,24-03-1972,"['Epic', 'Gangster', 'Psychological Drama', 'Tragedy', 'Crime', 'Drama']",['US'],"['https://www.facebook.com/thegodfather/', 'https://www.instagram.com/thegodfathermovie/']","['en', 'it', 'la']","[""Forza d'Agrò, Messina, Sicily, Italy""]","[{'id': 'co0023400', 'name': 'Paramount Pictures'}, {'id': 'co0921482', 'name': 'Albert S. Ruddy Productions'}, {'id': 'co0255097', 'name': 'Alfran Productions'}]",6000000,250933436,"['Crime', 'Drama']",FALSE,175,9.2,2244201,100
tt0468569,https://www.imdb.com/title/tt0468569/,The Dark Knight,The Dark Knight,movie,"When a menace known as the Joker wreaks havoc and chaos on the people of Gotham, Batman, James Gordon and Harvey Dent must work together to put an end to the madness.",https://m.media-amazon.com/images/M/MV5BMTMxNTMwODM0NF5BMl5BanBnXkFtZTcwODAyMTk2Mw@@.jpg,"[{'url': 'https://m.media-amazon.com/images/M/MV5BMTMxNTMwODM0NF5BMl5BanBnXkFtZTcwODAyMTk2Mw@@._V1_QL75_UX100_CR0,0,100,148_.jpg', 'width': 100, 'height': 148}, {'url': 'https://m.media-amazon.com/images/M/MV5BMTMxNTMwODM0NF5BMl5BanBnXkFtZTcwODAyMTk2Mw@@._V1_QL75_UX280_CR0,0,280,414_.jpg', 'width': 280, 'height': 414}, {'url': 'https://m.media-amazon.com/images/M/MV5BMTMxNTMwODM0NF5BMl5BanBnXkFtZTcwODAyMTk2Mw@@._V1_QL75_UX380_CR0,0,380,562_.jpg', 'width': 380, 'height': 562}]",https://www.youtube.com/watch?v=kmJLuwP3MbY,PG-13,2008,,18-07-2008,"['DC', 'Action Epic', 'Epic', 'Psychological Drama', 'Psychological Thriller', 'Superhero', 'Crime', 'Thriller']","['US', 'GB']","['https://www.facebook.com/darkknighttrilogy/', 'https://www.warnerbros.co.uk/movies/dark-knight']",['en'],"['Chicago, Illinois, USA']","[{'id': 'co0002663', 'name': 'Warner Bros.'}, {'id': 'co1041831', 'name': 'Legendary Pictures'}, {'id': 'co0038332', 'name': 'DC Comics'}]",185000000,1008480203,"['Crime', 'Thriller']",FALSE,152,9.1,3204629,85
tt0071562,https://www.imdb.com/title/tt0071562/,The Godfather Part II,The Godfather Part II,movie,"The early life and career of Vito Corleone in 1920s New York City is portrayed, while his son, Michael, expands and tightens his grip on the family crime syndicate.",https://m.media-amazon.com/images/M/MV5BMDIxMzBlZDktZjMxNy00ZGI4LTgxNDEtYWRlNzRjMjJmOGQ1XkEyXkFqcGc@.jpg,"[{'url': 'https://m.media-amazon.com/images/M/MV5BMDIxMzBlZDktZjMxNy00ZGI4LTgxNDEtYWRlNzRjMjJmOGQ1XkEyXkFqcGc@._V1_QL75_UX100_CR0,0,100,148_.jpg', 'width': 100, 'height': 148}, {'url': 'https://m.media-amazon.com/images/M/MV5BMDIxMzBlZDktZjMxNy00ZGI4LTgxNDEtYWRlNzRjMjJmOGQ1XkEyXkFqcGc@._V1_QL75_UX280_CR0,0,280,414_.jpg', 'width': 280, 'height': 414}, {'url': 'https://m.media-amazon.com/images/M/MV5BMDIxMzBlZDktZjMxNy00ZGI4LTgxNDEtYWRlNzRjMjJmOGQ1XkEyXkFqcGc@._V1_QL75_UX380_CR0,0,380,562_.jpg', 'width': 380, 'height': 562}]",https://www.youtube.com/watch?v=9O1Iy9od7-A,R,1974,,18-12-1974,"['Epic', 'Gangster', 'Tragedy', 'Crime', 'Drama']",['US'],"['https://www.facebook.com/thegodfather/', 'https://www.instagram.com/thegodfathermovie/']","['en', 'it', 'es', 'la']","['Kaiser Estate - 4000 W Lake Blvd, Homewood, Lake Tahoe, California, USA']","[{'id': 'co0023400', 'name': 'Paramount Pictures'}, {'id': 'co0099634', 'name': 'The Coppola Company'}, {'id': 'co0020958', 'name': 'American Zoetrope'}]",13000000,48209545,"['Crime', 'Drama']",FALSE,202,9,1505420,90
tt0167260,https://www.imdb.com/title/tt0167260/,The Lord of the Rings: The Return of the King,The Lord of the Rings: The Return of the King,movie,Gandalf and Aragorn lead the World of Men against Sauron's army to draw his gaze from Frodo and Sam as they approach Mount Doom with the One Ring.,https://m.media-amazon.com/images/M/MV5BMTZkMjBjNWMtZGI5OC00MGU0LTk4ZTItODg2NWM3NTVmNWQ4XkEyXkFqcGc@.jpg,"[{'url': 'https://m.media-amazon.com/images/M/MV5BMTZkMjBjNWMtZGI5OC00MGU0LTk4ZTItODg2NWM3NTVmNWQ4XkEyXkFqcGc@._V1_QL75_UX100_CR0,0,100,148_.jpg', 'width': 100, 'height': 148}, {'url': 'https://m.media-amazon.com/images/M/MV5BMTZkMjBjNWMtZGI5OC00MGU0LTk4ZTItODg2NWM3NTVmNWQ4XkEyXkFqcGc@._V1_QL75_UX280_CR0,0,280,414_.jpg', 'width': 280, 'height': 414}, {'url': 'https://m.media-amazon.com/images/M/MV5BMTZkMjBjNWMtZGI5OC00MGU0LTk4ZTItODg2NWM3NTVmNWQ4XkEyXkFqcGc@._V1_QL75_UX380_CR0,0,380,562_.jpg', 'width': 380, 'height': 562}]",https://www.youtube.com/watch?v=zckJCxYxn1g,PG-13,2003,,17-12-2003,"['The Lord of the Rings', 'Action Epic', 'Adventure Epic', 'Epic', 'Fantasy Epic', 'Mountain Adventure', 'Quest', 'Sword & Sorcery', 'Tragedy', 'Adventure']","['NZ', 'US']","['https://www.facebook.com/lordoftheringstrilogy', 'http://www.lordoftherings.net/']",['en'],"['Hinuera Valley, Matamata, Waikato, New Zealand']","[{'id': 'co0046718', 'name': 'New Line Cinema'}, {'id': 'co0046203', 'name': 'WingNut Films'}, {'id': 'co0061706', 'name': 'The Saul Zaentz Company'}]",94000000,1149453674,"['Adventure', 'Drama', 'Fantasy']",FALSE,201,9,2181632,94
tt0050083,https://www.imdb.com/title/tt0050083/,12 Angry Men,12 Angry Men,movie,The jury in a New York City murder trial is frustrated by a single member whose skeptical caution forces them to more carefully consider the evidence before jumping to a hasty verdict.,https://m.media-amazon.com/images/M/MV5BYjE4NzdmOTYtYjc5Yi00YzBiLWEzNDEtNTgxZGQ2MWVkN2NiXkEyXkFqcGc@.jpg,"[{'url': 'https://m.media-amazon.com/images/M/MV5BYjE4NzdmOTYtYjc5Yi00YzBiLWEzNDEtNTgxZGQ2MWVkN2NiXkEyXkFqcGc@._V1_QL75_UX100_CR0,0,100,148_.jpg', 'width': 100, 'height': 148}, {'url': 'https://m.media-amazon.com/images/M/MV5BYjE4NzdmOTYtYjc5Yi00YzBiLWEzNDEtNTgxZGQ2MWVkN2NiXkEyXkFqcGc@._V1_QL75_UX280_CR0,0,280,414_.jpg', 'width': 280, 'height': 414}, {'url': 'https://m.media-amazon.com/images/M/MV5BYjE4NzdmOTYtYjc5Yi00YzBiLWEzNDEtNTgxZGQ2MWVkN2NiXkEyXkFqcGc@._V1_QL75_UX380_CR0,0,380,562_.jpg', 'width': 380, 'height': 562}]",https://www.youtube.com/watch?v=TEN-2uTi2c0,Approved,1957,,10-04-1957,"['Legal Drama', 'Psychological Drama', 'Crime', 'Drama']",['US'],[],['en'],"['New York County Courthouse - 60 Centre Street, New York City, New York, USA']","[{'id': 'co0032902', 'name': 'Orion-Nova Productions'}]",350000,13168,"['Crime', 'Drama']",FALSE,96,9,996035,97
tt0108052,https://www.imdb.com/title/tt0108052/,Schindler's List,Schindler's List,movie,"In German-occupied Poland during World War II, industrialist Oskar Schindler gradually becomes concerned for his Jewish workforce after witnessing their persecution by the Nazis.",https://m.media-amazon.com/images/M/MV5BNjM1ZDQxYWUtMzQyZS00MTE1LWJmZGYtNGUyNTdlYjM3ZmVmXkEyXkFqcGc@.jpg,"[{'url': 'https://m.media-amazon.com/images/M/MV5BNjM1ZDQxYWUtMzQyZS00MTE1LWJmZGYtNGUyNTdlYjM3ZmVmXkEyXkFqcGc@._V1_QL75_UX100_CR0,0,100,148_.jpg', 'width': 100, 'height': 148}, {'url': 'https://m.media-amazon.com/images/M/MV5BNjM1ZDQxYWUtMzQyZS00MTE1LWJmZGYtNGUyNTdlYjM3ZmVmXkEyXkFqcGc@._V1_QL75_UX280_CR0,0,280,414_.jpg', 'width': 280, 'height': 414}, {'url': 'https://m.media-amazon.com/images/M/MV5BNjM1ZDQxYWUtMzQyZS00MTE1LWJmZGYtNGUyNTdlYjM3ZmVmXkEyXkFqcGc@._V1_QL75_UX380_CR0,0,380,562_.jpg', 'width': 380, 'height': 562}]",https://www.youtube.com/watch?v=kXYcYhckXD8,R,1993,,04-02-1994,"['Docudrama', 'Epic', 'Historical Epic', 'Period Drama', 'Prison Drama', 'Psychological Drama', 'Tragedy', 'Biography', 'Drama', 'History']",['US'],"['https://www.facebook.com/SchindlersListMovie/', 'https://www.uphe.com/movies/schindlers-list']","['en', 'he', 'de', 'pl', 'la']","['Auschwitz-Birkenau Concentration Camp, Oswiecim, Malopolskie, Poland']","[{'id': 'co0005073', 'name': 'Universal Pictures'}, {'id': 'co0009119', 'name': 'Amblin Entertainment'}]",22000000,322161245,"['Biography', 'Drama', 'History']",FALSE,195,9,1595817,95
tt0120737,https://www.imdb.com/title/tt0120737/,The Lord of the Rings: The Fellowship of the Ring,The Lord of the Rings: The Fellowship of the Ring,movie,A meek Hobbit from the Shire and eight companions set out on a journey to destroy the powerful One Ring and save Middle-earth from the Dark Lord Sauron.,https://m.media-amazon.com/images/M/MV5BNzIxMDQ2YTctNDY4MC00ZTRhLTk4ODQtMTVlOWY4NTdiYmMwXkEyXkFqcGc@.jpg,"[{'url': 'https://m.media-amazon.com/images/M/MV5BNzIxMDQ2YTctNDY4MC00ZTRhLTk4ODQtMTVlOWY4NTdiYmMwXkEyXkFqcGc@._V1_QL75_UX100_CR0,0,100,148_.jpg', 'width': 100, 'height': 148}, {'url': 'https://m.media-amazon.com/images/M/MV5BNzIxMDQ2YTctNDY4MC00ZTRhLTk4ODQtMTVlOWY4NTdiYmMwXkEyXkFqcGc@._V1_QL75_UX280_CR0,0,280,414_.jpg', 'width': 280, 'height': 414}, {'url': 'https://m.media-amazon.com/images/M/MV5BNzIxMDQ2YTctNDY4MC00ZTRhLTk4ODQtMTVlOWY4NTdiYmMwXkEyXkFqcGc@._V1_QL75_UX380_CR0,0,380,562_.jpg', 'width': 380, 'height': 562}]",https://www.youtube.com/watch?v=_nZdmwHrcnw,PG-13,2001,,19-12-2001,"['The Lord of the Rings', 'Action Epic', 'Adventure Epic', 'Dark Fantasy', 'Epic', 'Fantasy Epic', 'Quest', 'Sword & Sorcery', 'Adventure', 'Drama']","['NZ', 'US', 'GB']","['https://www.facebook.com/lordoftheringstrilogy', 'https://www.warnerbros.com/movies/lord-rings-fellowship-ring']",['en'],"['Wellington, New Zealand']","[{'id': 'co0046718', 'name': 'New Line Cinema'}, {'id': 'co0046203', 'name': 'WingNut Films'}, {'id': 'co0614377', 'name': 'Marzano Films'}]",93000000,897539618,"['Adventure', 'Drama', 'Fantasy']",FALSE,178,8.9,2224790,92
tt0110912,https://www.imdb.com/title/tt0110912/,Pulp Fiction,Pulp Fiction,movie,"The lives of two mob hitmen, a boxer, a gangster and his wife, and a pair of diner bandits intertwine in four tales of violence and redemption.",https://m.media-amazon.com/images/M/MV5BYTViYTE3ZGQtNDBlMC00ZTAyLTkyODMtZGRiZDg0MjA2YThkXkEyXkFqcGc@.jpg,"[{'url': 'https://m.media-amazon.com/images/M/MV5BYTViYTE3ZGQtNDBlMC00ZTAyLTkyODMtZGRiZDg0MjA2YThkXkEyXkFqcGc@._V1_QL75_UX100_CR0,0,100,148_.jpg', 'width': 100, 'height': 148}, {'url': 'https://m.media-amazon.com/images/M/MV5BYTViYTE3ZGQtNDBlMC00ZTAyLTkyODMtZGRiZDg0MjA2YThkXkEyXkFqcGc@._V1_QL75_UX280_CR0,0,280,414_.jpg', 'width': 280, 'height': 414}, {'url': 'https://m.media-amazon.com/images/M/MV5BYTViYTE3ZGQtNDBlMC00ZTAyLTkyODMtZGRiZDg0MjA2YThkXkEyXkFqcGc@._V1_QL75_UX380_CR0,0,380,562_.jpg', 'width': 380, 'height': 562}]",https://www.youtube.com/watch?v=tGpTpVyI_OQ,R,1994,,14-10-1994,"['Dark Comedy', 'Drug Crime', 'Gangster', 'Crime', 'Drama']",['US'],"['http://www.facebook.com/PulpFiction', 'http://www.miramax.com/movie/pulp-fiction']","['en', 'es', 'fr']","['1435 Flower Street, Glendale, California, USA']","[{'id': 'co0022594', 'name': 'Miramax'}, {'id': 'co0019267', 'name': 'A Band Apart'}, {'id': 'co0010434', 'name': 'Jersey Films'}]",8000000,213928762,"['Crime', 'Drama']",FALSE,154,8.8,2455116,95
tt0060196,https://www.imdb.com/title/tt0060196/,"The Good, the Bad and the Ugly","Il buono, il brutto, il cattivo",movie,A bounty-hunting scam joins two men in an uneasy alliance against a third in a race to find a fortune in gold buried in a remote cemetery.,https://m.media-amazon.com/images/M/MV5BMWM5ZjQxM2YtNDlmYi00ZDNhLWI4MWUtN2VkYjBlMTY1ZTkwXkEyXkFqcGc@.jpg,"[{'url': 'https://m.media-amazon.com/images/M/MV5BMWM5ZjQxM2YtNDlmYi00ZDNhLWI4MWUtN2VkYjBlMTY1ZTkwXkEyXkFqcGc@._V1_QL75_UX100_CR0,0,100,148_.jpg', 'width': 100, 'height': 148}, {'url': 'https://m.media-amazon.com/images/M/MV5BMWM5ZjQxM2YtNDlmYi00ZDNhLWI4MWUtN2VkYjBlMTY1ZTkwXkEyXkFqcGc@._V1_QL75_UX280_CR0,0,280,414_.jpg', 'width': 280, 'height': 414}, {'url': 'https://m.media-amazon.com/images/M/MV5BMWM5ZjQxM2YtNDlmYi00ZDNhLWI4MWUtN2VkYjBlMTY1ZTkwXkEyXkFqcGc@._V1_QL75_UX380_CR0,0,380,562_.jpg', 'width': 380, 'height': 562}]",https://www.youtube.com/watch?v=3VQjSSB78es,R,1966,,29-12-1967,"['Action Epic', 'Adventure Epic', 'Dark Comedy', 'Desert Adventure', 'Epic', 'Period Drama', 'Quest', 'Spaghetti Western', 'Western Epic', 'Adventure']","['IT', 'ES', 'US']",[],"['en', 'it']","['Cabo de Gata, Almería, Andalucía, Spain']","[{'id': 'co0013844', 'name': 'Produzioni Europee Associate (PEA)'}, {'id': 'co0046114', 'name': 'Arturo González Producciones Cinematográficas'}, {'id': 'co0002257', 'name': 'Constantin Film'}]",1200000,25280183,"['Adventure', 'Drama', 'Western']",FALSE,178,8.8,896337,90
tt0167261,https://www.imdb.com/title/tt0167261/,The Lord of the Rings: The Two Towers,The Lord of the Rings: The Two Towers,movie,"While Frodo and Sam edge closer to Mordor with the help of the shifty Gollum, the divided fellowship makes a stand against Sauron's new ally, Saruman, and his hordes of Isengard.",https://m.media-amazon.com/images/M/MV5BMGQxMDdiOWUtYjc1Ni00YzM1LWE2NjMtZTg3Y2JkMjEzMTJjXkEyXkFqcGc@.jpg,"[{'url': 'https://m.media-amazon.com/images/M/MV5BMGQxMDdiOWUtYjc1Ni00YzM1LWE2NjMtZTg3Y2JkMjEzMTJjXkEyXkFqcGc@._V1_QL75_UX100_CR0,0,100,148_.jpg', 'width': 100, 'height': 148}, {'url': 'https://m.media-amazon.com/images/M/MV5BMGQxMDdiOWUtYjc1Ni00YzM1LWE2NjMtZTg3Y2JkMjEzMTJjXkEyXkFqcGc@._V1_QL75_UX280_CR0,0,280,414_.jpg', 'width': 280, 'height': 414}, {'url': 'https://m.media-amazon.com/images/M/MV5BMGQxMDdiOWUtYjc1Ni00YzM1LWE2NjMtZTg3Y2JkMjEzMTJjXkEyXkFqcGc@._V1_QL75_UX380_CR0,0,380,562_.jpg', 'width': 380, 'height': 562}]",https://www.youtube.com/watch?v=nuTU5XcZTLA,PG-13,2002,,18-12-2002,"['The Lord of the Rings', 'Action Epic', 'Adventure Epic', 'Dark Fantasy', 'Epic', 'Fantasy Epic', 'Quest', 'Sword & Sorcery', 'Adventure', 'Drama']","['NZ', 'US']","['http://www.lordoftherings.net/', 'https://www.facebook.com/lordoftheringstrilogy']",['en'],"['Hinuera Valley, Matamata, Waikato, New Zealand']","[{'id': 'co0046718', 'name': 'New Line Cinema'}, {'id': 'co0046203', 'name': 'WingNut Films'}, {'id': 'co0061706', 'name': 'The Saul Zaentz Company'}]",94000000,945185917,"['Adventure', 'Drama', 'Fantasy']",FALSE,179,8.8,1973312,87
tt0109830,https://www.imdb.com/title/tt0109830/,Forrest Gump,Forrest Gump,movie,"The history of the United States from the 1950s to the '70s unfolds from the perspective of an Alabama man with an IQ of 75, who yearns to be reunited with his childhood sweetheart.",https://m.media-amazon.com/images/M/MV5BNDYwNzVjMTItZmU5YS00YjQ5LTljYjgtMjY2NDVmYWMyNWFmXkEyXkFqcGc@.jpg,"[{'url': 'https://m.media-amazon.com/images/M/MV5BNDYwNzVjMTItZmU5YS00YjQ5LTljYjgtMjY2NDVmYWMyNWFmXkEyXkFqcGc@._V1_QL75_UX100_CR0,0,100,148_.jpg', 'width': 100, 'height': 148}, {'url': 'https://m.media-amazon.com/images/M/MV5BNDYwNzVjMTItZmU5YS00YjQ5LTljYjgtMjY2NDVmYWMyNWFmXkEyXkFqcGc@._V1_QL75_UX280_CR0,0,280,414_.jpg', 'width': 280, 'height': 414}, {'url': 'https://m.media-amazon.com/images/M/MV5BNDYwNzVjMTItZmU5YS00YjQ5LTljYjgtMjY2NDVmYWMyNWFmXkEyXkFqcGc@._V1_QL75_UX380_CR0,0,380,562_.jpg', 'width': 380, 'height': 562}]",https://www.youtube.com/watch?v=Mj9IA9tTfio,PG-13,1994,,06-07-1994,"['Epic', 'Period Drama', 'Romantic Epic', 'Tragic Romance', 'Drama', 'Romance']",['US'],"['https://www.facebook.com/ForrestGump', 'https://www.instagram.com/forrestgumpfilm/']",['en'],"['Chippewa Square, Savannah, Georgia, USA']","[{'id': 'co0023400', 'name': 'Paramount Pictures'}, {'id': 'co0024369', 'name': 'The Steve Tisch Company'}, {'id': 'co0004317', 'name': 'Wendy Finerman Productions'}]",55000000,678226465,"['Drama', 'Romance']",FALSE,142,8.8,2519721,82
tt0137523,https://www.imdb.com/title/tt0137523/,Fight Club,Fight Club,movie,An insomniac office worker and a devil-may-care soap maker form an underground fight club that evolves into much more.,https://m.media-amazon.com/images/M/MV5BOTgyOGQ1NDItNGU3Ny00MjU3LTg2YWEtNmEyYjBiMjI1Y2M5XkEyXkFqcGc@.jpg,"[{'url': 'https://m.media-amazon.com/images/M/MV5BOTgyOGQ1NDItNGU3Ny00MjU3LTg2YWEtNmEyYjBiMjI1Y2M5XkEyXkFqcGc@._V1_QL75_UX100_CR0,0,100,148_.jpg', 'width': 100, 'height': 148}, {'url': 'https://m.media-amazon.com/images/M/MV5BOTgyOGQ1NDItNGU3Ny00MjU3LTg2YWEtNmEyYjBiMjI1Y2M5XkEyXkFqcGc@._V1_QL75_UX280_CR0,0,280,414_.jpg', 'width': 280, 'height': 414}, {'url': 'https://m.media-amazon.com/images/M/MV5BOTgyOGQ1NDItNGU3Ny00MjU3LTg2YWEtNmEyYjBiMjI1Y2M5XkEyXkFqcGc@._V1_QL75_UX380_CR0,0,380,562_.jpg', 'width': 380, 'height': 562}]",https://www.youtube.com/watch?v=BdJKm16Co6M,R,1999,,15-10-1999,"['Dark Comedy', 'Psychological Drama', 'Psychological Thriller', 'Workplace Drama', 'Crime', 'Drama', 'Thriller']","['DE', 'US']","['https://www.facebook.com/FightClub', 'https://www.foxmovies.com/movies/fight-club']",['en'],"['240 North Neptune Avenue, Los Angeles, California, USA']","[{'id': 'co0017497', 'name': 'Fox 2000 Pictures'}, {'id': 'co0867908', 'name': 'Regency Enterprises'}, {'id': 'co0038102', 'name': 'Linson Films'}]",63000000,102438967,"['Crime', 'Drama', 'Thriller']",FALSE,139,8.8,2641980,67
tt1375666,https://www.imdb.com/title/tt1375666/,Inception,Inception,movie,"A thief who steals corporate secrets through the use of dream-sharing technology is given the inverse task of planting an idea into the mind of a CEO, but his tragic past may doom the project and his team to disaster.",https://m.media-amazon.com/images/M/MV5BMjAxMzY3NjcxNF5BMl5BanBnXkFtZTcwNTI5OTM0Mw@@.jpg,"[{'url': 'https://m.media-amazon.com/images/M/MV5BMjAxMzY3NjcxNF5BMl5BanBnXkFtZTcwNTI5OTM0Mw@@._V1_QL75_UX100_CR0,0,100,148_.jpg', 'width': 100, 'height': 148}, {'url': 'https://m.media-amazon.com/images/M/MV5BMjAxMzY3NjcxNF5BMl5BanBnXkFtZTcwNTI5OTM0Mw@@._V1_QL75_UX280_CR0,0,280,414_.jpg', 'width': 280, 'height': 414}, {'url': 'https://m.media-amazon.com/images/M/MV5BMjAxMzY3NjcxNF5BMl5BanBnXkFtZTcwNTI5OTM0Mw@@._V1_QL75_UX380_CR0,0,380,562_.jpg', 'width': 380, 'height': 562}]",https://www.youtube.com/watch?v=Jvurpf91omw,PG-13,2010,,16-07-2010,"['Action Epic', 'Adventure Epic', 'Epic', 'Psychological Thriller', 'Sci-Fi Epic', 'Adventure', 'Sci-Fi', 'Thriller']","['US', 'GB']","['http://wwws.warnerbros.co.jp/inception/', 'http://inceptionmovie.warnerbros.com/']","['en', 'ja', 'fr']","['Fortress Mountain, Kananaskis Country, Alberta, Canada']","[{'id': 'co0002663', 'name': 'Warner Bros.'}, {'id': 'co1041831', 'name': 'Legendary Pictures'}, {'id': 'co0147954', 'name': 'Syncopy'}]",160000000,839796627,"['Adventure', 'Sci-Fi', 'Thriller']",FALSE,148,8.8,2849077,74
tt0080684,https://www.imdb.com/title/tt0080684/,Star Wars: Episode V - The Empire Strikes Back,Star Wars: Episode V - The Empire Strikes Back,movie,"After the Empire overpowers the Rebel Alliance, Luke Skywalker begins training with Jedi Master Yoda, while Darth Vader and bounty hunter Boba Fett pursue his friends across the galaxy.",https://m.media-amazon.com/images/M/MV5BMTkxNGFlNDktZmJkNC00MDdhLTg0MTEtZjZiYWI3MGE5NWIwXkEyXkFqcGc@.jpg,"[{'url': 'https://m.media-amazon.com/images/M/MV5BMTkxNGFlNDktZmJkNC00MDdhLTg0MTEtZjZiYWI3MGE5NWIwXkEyXkFqcGc@._V1_QL75_UX100_CR0,0,100,148_.jpg', 'width': 100, 'height': 148}, {'url': 'https://m.media-amazon.com/images/M/MV5BMTkxNGFlNDktZmJkNC00MDdhLTg0MTEtZjZiYWI3MGE5NWIwXkEyXkFqcGc@._V1_QL75_UX280_CR0,0,280,414_.jpg', 'width': 280, 'height': 414}, {'url': 'https://m.media-amazon.com/images/M/MV5BMTkxNGFlNDktZmJkNC00MDdhLTg0MTEtZjZiYWI3MGE5NWIwXkEyXkFqcGc@._V1_QL75_UX380_CR0,0,380,562_.jpg', 'width': 380, 'height': 562}]",https://www.youtube.com/watch?v=JNwNXF9Y6kY,PG,1980,,18-06-1980,"['Star Wars', 'Adventure Epic', 'Fantasy Epic', 'Sci-Fi Epic', 'Space Sci-Fi', 'Sword & Sorcery', 'Adventure', 'Fantasy', 'Sci-Fi']",['US'],"['https://www.lucasfilm.com/productions/episode-v/', 'https://www.starwars.com/films/star-wars-episode-v-the-empire-strikes-back']",['en'],"['Hardangerjøkulen Glacier, Finse, Norway']","[{'id': 'co0071326', 'name': 'Lucasfilm'}]",18000000,550016086,"['Adventure', 'Fantasy', 'Sci-Fi']",FALSE,124,8.7,1516392,82
tt0133093,https://www.imdb.com/title/tt0133093/,The Matrix,The Matrix,movie,A computer hacker discovers that his life is nothing more than an elaborate simulation run by an evil AI.,https://m.media-amazon.com/images/M/MV5BN2NmN2VhMTQtMDNiOS00NDlhLTliMjgtODE2ZTY0ODQyNDRhXkEyXkFqcGc@.jpg,"[{'url': 'https://m.media-amazon.com/images/M/MV5BN2NmN2VhMTQtMDNiOS00NDlhLTliMjgtODE2ZTY0ODQyNDRhXkEyXkFqcGc@._V1_QL75_UX100_CR0,0,100,148_.jpg', 'width': 100, 'height': 148}, {'url': 'https://m.media-amazon.com/images/M/MV5BN2NmN2VhMTQtMDNiOS00NDlhLTliMjgtODE2ZTY0ODQyNDRhXkEyXkFqcGc@._V1_QL75_UX280_CR0,0,280,414_.jpg', 'width': 280, 'height': 414}, {'url': 'https://m.media-amazon.com/images/M/MV5BN2NmN2VhMTQtMDNiOS00NDlhLTliMjgtODE2ZTY0ODQyNDRhXkEyXkFqcGc@._V1_QL75_UX380_CR0,0,380,562_.jpg', 'width': 380, 'height': 562}]",https://www.youtube.com/watch?v=nUEQNVV3Gfs,R,1999,,31-03-1999,"['The Matrix', 'Action Epic', 'Artificial Intelligence', 'Cyberpunk', 'Dystopian Sci-Fi', 'Gun Fu', 'Martial Arts', 'Sci-Fi Epic', 'Action', 'Sci-Fi']","['US', 'AU']","['https://play.hbomax.com/feature/urn:hbo:feature:GXdu2VgPdq5uAuwEAADak', 'https://www.facebook.com/TheMatrixMovie/']",['en'],"['Nashville, Tennessee, USA']","[{'id': 'co0002663', 'name': 'Warner Bros.'}, {'id': 'co0108864', 'name': 'Village Roadshow Pictures'}, {'id': 'co0060075', 'name': 'Groucho Film Partnership'}]",63000000,473333509,"['Action', 'Sci-Fi']",FALSE,136,8.7,2266147,73
tt0816692,https://www.imdb.com/title/tt0816692/,Interstellar,Interstellar,movie,"In a dystopian future where Earth has become near-uninhabitable, a team of astronauts embark on a mission to find a new home for humanity.",https://m.media-amazon.com/images/M/MV5BYzdjMDAxZGItMjI2My00ODA1LTlkNzItOWFjMDU5ZDJlYWY3XkEyXkFqcGc@.jpg,"[{'url': 'https://m.media-amazon.com/images/M/MV5BYzdjMDAxZGItMjI2My00ODA1LTlkNzItOWFjMDU5ZDJlYWY3XkEyXkFqcGc@._V1_QL75_UX100_CR0,0,100,148_.jpg', 'width': 100, 'height': 148}, {'url': 'https://m.media-amazon.com/images/M/MV5BYzdjMDAxZGItMjI2My00ODA1LTlkNzItOWFjMDU5ZDJlYWY3XkEyXkFqcGc@._V1_QL75_UX280_CR0,0,280,414_.jpg', 'width': 280, 'height': 414}, {'url': 'https://m.media-amazon.com/images/M/MV5BYzdjMDAxZGItMjI2My00ODA1LTlkNzItOWFjMDU5ZDJlYWY3XkEyXkFqcGc@._V1_QL75_UX380_CR0,0,380,562_.jpg', 'width': 380, 'height': 562}]",https://www.youtube.com/watch?v=827FNDpQWrQ,PG-13,2014,,07-11-2014,"['Adventure Epic', 'Epic', 'Psychological Drama', 'Quest', 'Sci-Fi Epic', 'Space Sci-Fi', 'Time Travel', 'Adventure', 'Drama', 'Sci-Fi']","['US', 'GB', 'CA']","['https://www.facebook.com/Interstellar', 'https://twitter.com/Interstellar']",['en'],['Iceland'],"[{'id': 'co0023400', 'name': 'Paramount Pictures'}, {'id': 'co0002663', 'name': 'Warner Bros.'}, {'id': 'co1041831', 'name': 'Legendary Pictures'}]",165000000,764344535,"['Adventure', 'Drama', 'Sci-Fi']",FALSE,169,8.7,2579990,74
tt0099685,https://www.imdb.com/title/tt0099685/,GoodFellas,GoodFellas,movie,"The story of Henry Hill and his life in the mafia, covering his relationship with his wife Karen and his mob partners Jimmy Conway and Tommy DeVito.",https://m.media-amazon.com/images/M/MV5BN2E5NzI2ZGMtY2VjNi00YTRjLWI1MDUtZGY5OWU1MWJjZjRjXkEyXkFqcGc@.jpg,"[{'url': 'https://m.media-amazon.com/images/M/MV5BN2E5NzI2ZGMtY2VjNi00YTRjLWI1MDUtZGY5OWU1MWJjZjRjXkEyXkFqcGc@._V1_QL75_UX100_CR0,0,100,148_.jpg', 'width': 100, 'height': 148}, {'url': 'https://m.media-amazon.com/images/M/MV5BN2E5NzI2ZGMtY2VjNi00YTRjLWI1MDUtZGY5OWU1MWJjZjRjXkEyXkFqcGc@._V1_QL75_UX280_CR0,0,280,414_.jpg', 'width': 280, 'height': 414}, {'url': 'https://m.media-amazon.com/images/M/MV5BN2E5NzI2ZGMtY2VjNi00YTRjLWI1MDUtZGY5OWU1MWJjZjRjXkEyXkFqcGc@._V1_QL75_UX380_CR0,0,380,562_.jpg', 'width': 380, 'height': 562}]",https://www.youtube.com/watch?v=qWhS8Pjf-9c,R,1990,,21-09-1990,"['Docudrama', 'Gangster', 'True Crime', 'Biography', 'Crime', 'Drama']",['US'],['https://www.warnerbros.com/movies/goodfellas'],"['en', 'it', 'he', 'yi']","['Staten Island, New York City, New York, USA']","[{'id': 'co0002663', 'name': 'Warner Bros.'}]",25000000,47292032,"['Biography', 'Crime', 'Drama']",FALSE,145,8.7,1404679,92
tt0073486,https://www.imdb.com/title/tt0073486/,One Flew Over the Cuckoo's Nest,One Flew Over the Cuckoo's Nest,movie,"A rebellious convict is sent to a psychiatric hospital for evaluation in 1963 Oregon, and encourages his docile companions to take more control of their lives and defy the tyrannical head nurse.",https://m.media-amazon.com/images/M/MV5BYjBkMjgzMzYtNzRiMS00NDc3LWE4YTUtZjYxYjZhNjNhYzhhXkEyXkFqcGc@.jpg,"[{'url': 'https://m.media-amazon.com/images/M/MV5BYjBkMjgzMzYtNzRiMS00NDc3LWE4YTUtZjYxYjZhNjNhYzhhXkEyXkFqcGc@._V1_QL75_UX100_CR0,0,100,148_.jpg', 'width': 100, 'height': 148}, {'url': 'https://m.media-amazon.com/images/M/MV5BYjBkMjgzMzYtNzRiMS00NDc3LWE4YTUtZjYxYjZhNjNhYzhhXkEyXkFqcGc@._V1_QL75_UX280_CR0,0,280,414_.jpg', 'width': 280, 'height': 414}, {'url': 'https://m.media-amazon.com/images/M/MV5BYjBkMjgzMzYtNzRiMS00NDc3LWE4YTUtZjYxYjZhNjNhYzhhXkEyXkFqcGc@._V1_QL75_UX380_CR0,0,380,562_.jpg', 'width': 380, 'height': 562}]",https://www.youtube.com/watch?v=NWZXL_anruA,R,1975,,21-11-1975,"['Dark Comedy', 'Medical Drama', 'Psychological Drama', 'Drama']",['US'],[],['en'],"['Oregon State Mental Hospital - 2600 Center Street NE, Salem, Oregon, USA']","[{'id': 'co0066949', 'name': 'Fantasy Films'}, {'id': 'co0046377', 'name': 'N.V. Zvaluw'}]",3000000,109130852,['Drama'],FALSE,133,8.6,1162651,84
tt0114369,https://www.imdb.com/title/tt0114369/,Seven,Se7en,movie,Two detectives try to track down a serial killer who chooses his victims based on the Seven Deadly Sins.,https://m.media-amazon.com/images/M/MV5BY2IzNzMxZjctZjUxZi00YzAxLTk3ZjMtODFjODdhMDU5NDM1XkEyXkFqcGc@.jpg,"[{'url': 'https://m.media-amazon.com/images/M/MV5BY2IzNzMxZjctZjUxZi00YzAxLTk3ZjMtODFjODdhMDU5NDM1XkEyXkFqcGc@._V1_QL75_UX100_CR0,0,100,148_.jpg', 'width': 100, 'height': 148}, {'url': 'https://m.media-amazon.com/images/M/MV5BY2IzNzMxZjctZjUxZi00YzAxLTk3ZjMtODFjODdhMDU5NDM1XkEyXkFqcGc@._V1_QL75_UX280_CR0,0,280,414_.jpg', 'width': 280, 'height': 414}, {'url': 'https://m.media-amazon.com/images/M/MV5BY2IzNzMxZjctZjUxZi00YzAxLTk3ZjMtODFjODdhMDU5NDM1XkEyXkFqcGc@._V1_QL75_UX380_CR0,0,380,562_.jpg', 'width': 380, 'height': 562}]",https://www.youtube.com/watch?v=UKgMoL2JQ0I,R,1995,,22-09-1995,"['Cop Drama', 'Hard-boiled Detective', 'Police Procedural', 'Psychological Drama', 'Psychological Thriller', 'Serial Killer', 'Tragedy', 'Crime', 'Drama', 'Mystery']",['US'],['http://www.facebook.com/Se7en.Film'],['en'],"['Pacific Electric Building, Los Angeles, California, USA']","[{'id': 'co0027715', 'name': 'Arnold Kopelson Productions'}, {'id': 'co0078943', 'name': 'Cecchi Gori Pictures'}, {'id': 'co0043545', 'name': 'Juno Pix'}]",33000000,329813591,"['Crime', 'Drama', 'Mystery']",FALSE,127,8.6,2044647,65
tt0038650,https://www.imdb.com/title/tt0038650/,It's a Wonderful Life,It's a Wonderful Life,movie,An angel is sent from Heaven to help a desperately frustrated businessman see the value of his own life.,https://m.media-amazon.com/images/M/MV5BMDM4OWFhYjEtNTE5Yy00NjcyLTg5N2UtZDQwNDZlYjlmNDU5XkEyXkFqcGc@.jpg,"[{'url': 'https://m.media-amazon.com/images/M/MV5BMDM4OWFhYjEtNTE5Yy00NjcyLTg5N2UtZDQwNDZlYjlmNDU5XkEyXkFqcGc@._V1_QL75_UX100_CR0,0,100,148_.jpg', 'width': 100, 'height': 148}, {'url': 'https://m.media-amazon.com/images/M/MV5BMDM4OWFhYjEtNTE5Yy00NjcyLTg5N2UtZDQwNDZlYjlmNDU5XkEyXkFqcGc@._V1_QL75_UX280_CR0,0,280,414_.jpg', 'width': 280, 'height': 414}, {'url': 'https://m.media-amazon.com/images/M/MV5BMDM4OWFhYjEtNTE5Yy00NjcyLTg5N2UtZDQwNDZlYjlmNDU5XkEyXkFqcGc@._V1_QL75_UX380_CR0,0,380,562_.jpg', 'width': 380, 'height': 562}]",https://www.youtube.com/watch?v=kWumEBO97l4,PG,1946,,07-01-1947,"['Feel-Good Romance', 'Holiday Family', 'Holiday Romance', 'Psychological Drama', 'Supernatural Fantasy', 'Drama', 'Family', 'Fantasy', 'Holiday', 'Romance']",['US'],['https://www.facebook.com/ItsAWonderfulLifeMovie'],"['en', 'fr']","['Beverly Hills High School - 241 Moreno Drive, Beverly Hills, California, USA']","[{'id': 'co0196361', 'name': 'Liberty Films (II)'}]",3180000,11497647,"['Drama', 'Family', 'Fantasy']",FALSE,130,8.6,557068,89
tt0102926,https://www.imdb.com/title/tt0102926/,The Silence of the Lambs,The Silence of the Lambs,movie,A young FBI cadet is aided by a manipulative cannibal killer in her pursuit of a madman who skins his victims.,https://m.media-amazon.com/images/M/MV5BNDdhOGJhYzctYzYwZC00YmI2LWI0MjctYjg4ODdlMDExYjBlXkEyXkFqcGc@.jpg,"[{'url': 'https://m.media-amazon.com/images/M/MV5BNDdhOGJhYzctYzYwZC00YmI2LWI0MjctYjg4ODdlMDExYjBlXkEyXkFqcGc@._V1_QL75_UX100_CR0,0,100,148_.jpg', 'width': 100, 'height': 148}, {'url': 'https://m.media-amazon.com/images/M/MV5BNDdhOGJhYzctYzYwZC00YmI2LWI0MjctYjg4ODdlMDExYjBlXkEyXkFqcGc@._V1_QL75_UX280_CR0,0,280,414_.jpg', 'width': 280, 'height': 414}, {'url': 'https://m.media-amazon.com/images/M/MV5BNDdhOGJhYzctYzYwZC00YmI2LWI0MjctYjg4ODdlMDExYjBlXkEyXkFqcGc@._V1_QL75_UX380_CR0,0,380,562_.jpg', 'width': 380, 'height': 562}]",https://www.youtube.com/watch?v=Msigx2eqO6s,R,1991,,14-02-1991,"['Police Procedural', 'Psychological Drama', 'Psychological Horror', 'Psychological Thriller', 'Serial Killer', 'Crime', 'Drama', 'Horror', 'Thriller']",['US'],['https://www.facebook.com/TheSilenceOfTheLambsMovie/'],"['en', 'la']","['Bimini Airport, South Bimini Island, Bimini Islands, Bahamas']","[{'id': 'co0165563', 'name': 'Strong Heart/Demme Production'}, {'id': 'co0001995', 'name': 'Orion Pictures'}]",19000000,273138318,"['Crime', 'Drama', 'Horror']",FALSE,118,8.6,1738870,86
tt0120815,https://www.imdb.com/title/tt0120815/,Saving Private Ryan,Saving Private Ryan,movie,"Following the Normandy Landings, a group of U.S. soldiers go behind enemy lines to retrieve a paratrooper whose brothers have been killed in action.",https://m.media-amazon.com/images/M/MV5BZGZhZGQ1ZWUtZTZjYS00MDJhLWFkYjctN2ZlYjE5NWYwZDM2XkEyXkFqcGc@.jpg,"[{'url': 'https://m.media-amazon.com/images/M/MV5BZGZhZGQ1ZWUtZTZjYS00MDJhLWFkYjctN2ZlYjE5NWYwZDM2XkEyXkFqcGc@._V1_QL75_UX100_CR0,0,100,148_.jpg', 'width': 100, 'height': 148}, {'url': 'https://m.media-amazon.com/images/M/MV5BZGZhZGQ1ZWUtZTZjYS00MDJhLWFkYjctN2ZlYjE5NWYwZDM2XkEyXkFqcGc@._V1_QL75_UX280_CR0,0,280,414_.jpg', 'width': 280, 'height': 414}, {'url': 'https://m.media-amazon.com/images/M/MV5BZGZhZGQ1ZWUtZTZjYS00MDJhLWFkYjctN2ZlYjE5NWYwZDM2XkEyXkFqcGc@._V1_QL75_UX380_CR0,0,380,562_.jpg', 'width': 380, 'height': 562}]",https://www.youtube.com/watch?v=RYExstiQlLc,R,1998,,24-07-1998,"['Action Epic', 'Epic', 'Period Drama', 'Tragedy', 'War Epic', 'Drama', 'War']",['US'],"['https://www.facebook.com/SavingPrivateRyanMovie/', 'https://twitter.com/SavingPFCRyan']","['en', 'fr', 'de', 'cs']","['Curracloe Beach, Ballinesker, County Wexford, Ireland']","[{'id': 'co0819670', 'name': 'DreamWorks Pictures'}, {'id': 'co0023400', 'name': 'Paramount Pictures'}, {'id': 'co0009119', 'name': 'Amblin Entertainment'}]",70000000,482352390,"['Drama', 'War']",FALSE,169,8.6,1653555,91
tt0047478,https://www.imdb.com/title/tt0047478/,Seven Samurai,Shichinin no samurai,movie,"Farmers from a village exploited by bandits hire a veteran samurai for protection, and he gathers six other samurai to join him.",https://m.media-amazon.com/images/M/MV5BZjliMWExOTMtZDQ3ZS00NWU3LWIyN2EtMjllNzk3ZTNlYzg4XkEyXkFqcGc@.jpg,"[{'url': 'https://m.media-amazon.com/images/M/MV5BZjliMWExOTMtZDQ3ZS00NWU3LWIyN2EtMjllNzk3ZTNlYzg4XkEyXkFqcGc@._V1_QL75_UX100_CR0,0,100,148_.jpg', 'width': 100, 'height': 148}, {'url': 'https://m.media-amazon.com/images/M/MV5BZjliMWExOTMtZDQ3ZS00NWU3LWIyN2EtMjllNzk3ZTNlYzg4XkEyXkFqcGc@._V1_QL75_UX280_CR0,0,280,414_.jpg', 'width': 280, 'height': 414}, {'url': 'https://m.media-amazon.com/images/M/MV5BZjliMWExOTMtZDQ3ZS00NWU3LWIyN2EtMjllNzk3ZTNlYzg4XkEyXkFqcGc@._V1_QL75_UX380_CR0,0,380,562_.jpg', 'width': 380, 'height': 562}]",https://www.youtube.com/watch?v=fRUsjrkGs_A,Not Rated,1954,,19-11-1956,"['Japanese', 'Action Epic', 'Epic', 'Period Drama', 'Samurai', 'Action', 'Drama']",['JP'],[],['ja'],"['Izu Peninsula, Shizuoka, Japan']","[{'id': 'co0002219', 'name': 'Toho'}]",125000000,1130429,"['Action', 'Drama']",FALSE,207,8.6,404161,98
tt0120689,https://www.imdb.com/title/tt0120689/,The Green Mile,The Green Mile,movie,A death row guard learns that a gentle giant in his charge possesses a mysterious gift.,https://m.media-amazon.com/images/M/MV5BMTUxMzQyNjA5MF5BMl5BanBnXkFtZTYwOTU2NTY3.jpg,"[{'url': 'https://m.media-amazon.com/images/M/MV5BMTUxMzQyNjA5MF5BMl5BanBnXkFtZTYwOTU2NTY3._V1_QL75_UX100_CR0,0,100,148_.jpg', 'width': 100, 'height': 148}, {'url': 'https://m.media-amazon.com/images/M/MV5BMTUxMzQyNjA5MF5BMl5BanBnXkFtZTYwOTU2NTY3._V1_QL75_UX280_CR0,0,280,414_.jpg', 'width': 280, 'height': 414}, {'url': 'https://m.media-amazon.com/images/M/MV5BMTUxMzQyNjA5MF5BMl5BanBnXkFtZTYwOTU2NTY3._V1_QL75_UX380_CR0,0,380,562_.jpg', 'width': 380, 'height': 562}]",https://www.youtube.com/watch?v=Bg7epsq0OIQ,R,1999,,10-12-1999,"['Period Drama', 'Prison Drama', 'Psychological Drama', 'Supernatural Fantasy', 'Tragedy', 'Crime', 'Drama', 'Fantasy', 'Mystery']",['US'],"['https://www.facebook.com/TheGreenMileOfficial', 'http://www.thegreenmile.com/']","['en', 'fr']","['Tennessee State Penitentiary, Nashville, Tennessee, USA']","[{'id': 'co0040620', 'name': 'Castle Rock Entertainment'}, {'id': 'co0029398', 'name': 'Darkwoods Productions'}]",60000000,286801374,"['Crime', 'Drama', 'Fantasy']",FALSE,189,8.6,1575799,61
tt0317248,https://www.imdb.com/title/tt0317248/,City of God,Cidade de Deus,movie,"In the slums of Rio, two kids' paths diverge as one struggles to become a photographer and the other a kingpin.",https://m.media-amazon.com/images/M/MV5BYjY4NGI5OTUtY2ZlZS00Zjk4LTk5N2MtN2JmYWVjNGNmMGRlXkEyXkFqcGc@.jpg,"[{'url': 'https://m.media-amazon.com/images/M/MV5BYjY4NGI5OTUtY2ZlZS00Zjk4LTk5N2MtN2JmYWVjNGNmMGRlXkEyXkFqcGc@._V1_QL75_UX100_CR0,0,100,148_.jpg', 'width': 100, 'height': 148}, {'url': 'https://m.media-amazon.com/images/M/MV5BYjY4NGI5OTUtY2ZlZS00Zjk4LTk5N2MtN2JmYWVjNGNmMGRlXkEyXkFqcGc@._V1_QL75_UX280_CR0,0,280,414_.jpg', 'width': 280, 'height': 414}, {'url': 'https://m.media-amazon.com/images/M/MV5BYjY4NGI5OTUtY2ZlZS00Zjk4LTk5N2MtN2JmYWVjNGNmMGRlXkEyXkFqcGc@._V1_QL75_UX380_CR0,0,380,562_.jpg', 'width': 380, 'height': 562}]",https://www.youtube.com/watch?v=dcUOO4Itgmw,R,2002,,13-02-2004,"['Portuguese', 'Caper', 'Coming-of-Age', 'Epic', 'Gangster', 'Political Drama', 'Psychological Drama', 'Crime', 'Drama']","['BR', 'FR']","['https://www.facebook.com/CityofGod', 'http://www.miramax.com/movie/city-of-god']",['pt'],"['Rio de Janeiro, Rio de Janeiro, Brazil']","[{'id': 'co0069394', 'name': 'O2 Filmes'}, {'id': 'co0018942', 'name': 'VideoFilmes'}, {'id': 'co0026273', 'name': 'Globo Filmes'}]",3300000,30685656,"['Crime', 'Drama']",FALSE,130,8.6,877701,79
tt0118799,https://www.imdb.com/title/tt0118799/,Life Is Beautiful,La vita è bella,movie,"When an open-minded Jewish waiter and his son become victims of the Holocaust, he uses a perfect mixture of will, humor and imagination to protect his son from the dangers around their camp.",https://m.media-amazon.com/images/M/MV5BZTBhOGYzZjQtYzE0Mi00MGIwLWE0MWYtNzMxNTM2OTFkM2NjXkEyXkFqcGc@.jpg,"[{'url': 'https://m.media-amazon.com/images/M/MV5BZTBhOGYzZjQtYzE0Mi00MGIwLWE0MWYtNzMxNTM2OTFkM2NjXkEyXkFqcGc@._V1_QL75_UX100_CR0,0,100,148_.jpg', 'width': 100, 'height': 148}, {'url': 'https://m.media-amazon.com/images/M/MV5BZTBhOGYzZjQtYzE0Mi00MGIwLWE0MWYtNzMxNTM2OTFkM2NjXkEyXkFqcGc@._V1_QL75_UX280_CR0,0,280,414_.jpg', 'width': 280, 'height': 414}, {'url': 'https://m.media-amazon.com/images/M/MV5BZTBhOGYzZjQtYzE0Mi00MGIwLWE0MWYtNzMxNTM2OTFkM2NjXkEyXkFqcGc@._V1_QL75_UX380_CR0,0,380,562_.jpg', 'width': 380, 'height': 562}]",https://www.youtube.com/watch?v=pAYEQP8gx3w,PG-13,1997,,20-12-1997,"['Italian', 'Period Drama', 'Psychological Drama', 'Tragedy', 'Tragic Romance', 'Comedy', 'Drama', 'Romance', 'War']",['IT'],"['https://www.miramax.com/movie/life-is-beautiful-la-vita-e-bella/', 'http://www.facebook.com/LifeisBeautifulMovie']","['it', 'de', 'en']","['Arezzo, Tuscany, Italy']","[{'id': 'co0030298', 'name': 'Melampo Cinematografica'}, {'id': 'co0037028', 'name': 'Cecchi Gori Group Tiger Cinematografica'}]",15000000000,230099013,"['Comedy', 'Drama', 'Romance']",FALSE,116,8.6,818783,58
tt0103064,https://www.imdb.com/title/tt0103064/,Terminator 2: Judgment Day,Terminator 2: Judgment Day,movie,"A cyborg from the future, identical to the one who failed to kill Sarah Connor, must now protect her ten-year-old son John from an even more advanced and powerful cyborg.",https://m.media-amazon.com/images/M/MV5BNGMyMGNkMDUtMjc2Ni00NWFlLTgyODEtZTY2MzBiZTg0OWZiXkEyXkFqcGc@.jpg,"[{'url': 'https://m.media-amazon.com/images/M/MV5BNGMyMGNkMDUtMjc2Ni00NWFlLTgyODEtZTY2MzBiZTg0OWZiXkEyXkFqcGc@._V1_QL75_UX100_CR0,0,100,148_.jpg', 'width': 100, 'height': 148}, {'url': 'https://m.media-amazon.com/images/M/MV5BNGMyMGNkMDUtMjc2Ni00NWFlLTgyODEtZTY2MzBiZTg0OWZiXkEyXkFqcGc@._V1_QL75_UX280_CR0,0,280,414_.jpg', 'width': 280, 'height': 414}, {'url': 'https://m.media-amazon.com/images/M/MV5BNGMyMGNkMDUtMjc2Ni00NWFlLTgyODEtZTY2MzBiZTg0OWZiXkEyXkFqcGc@._V1_QL75_UX380_CR0,0,380,562_.jpg', 'width': 380, 'height': 562}]",https://www.youtube.com/watch?v=lwSysg9o7wE,R,1991,,03-07-1991,"['Terminator', 'Action Epic', 'Artificial Intelligence', 'Dark Comedy', 'Dystopian Sci-Fi', 'One-Person Army Action', 'Sci-Fi Epic', 'Time Travel', 'Action', 'Adventure']","['US', 'FR']","['https://www.facebook.com/terminator2', 'http://www.terminator2-3d.de/']","['en', 'es']","['Bayside Parkway & Gateway Boulevard, Fremont, California, USA']","[{'id': 'co0094459', 'name': 'Carolco Pictures'}, {'id': 'co0092551', 'name': 'Pacific Western'}, {'id': 'co0038663', 'name': 'Lightstorm Entertainment'}]",102000000,517814175,"['Action', 'Adventure', 'Sci-Fi']",FALSE,137,8.6,1293310,75
tt0088763,https://www.imdb.com/title/tt0088763/,Back to the Future,Back to the Future,movie,"Marty McFly, a 17-year-old high school student, is accidentally sent 30 years into the past in a time-traveling DeLorean invented by his close friend, the maverick scientist Doc Brown.",https://m.media-amazon.com/images/M/MV5BZmM3ZjE0NzctNjBiOC00MDZmLTgzMTUtNGVlOWFlOTNiZDJiXkEyXkFqcGc@.jpg,"[{'url': 'https://m.media-amazon.com/images/M/MV5BZmM3ZjE0NzctNjBiOC00MDZmLTgzMTUtNGVlOWFlOTNiZDJiXkEyXkFqcGc@._V1_QL75_UX100_CR0,0,100,148_.jpg', 'width': 100, 'height': 148}, {'url': 'https://m.media-amazon.com/images/M/MV5BZmM3ZjE0NzctNjBiOC00MDZmLTgzMTUtNGVlOWFlOTNiZDJiXkEyXkFqcGc@._V1_QL75_UX280_CR0,0,280,414_.jpg', 'width': 280, 'height': 414}, {'url': 'https://m.media-amazon.com/images/M/MV5BZmM3ZjE0NzctNjBiOC00MDZmLTgzMTUtNGVlOWFlOTNiZDJiXkEyXkFqcGc@._V1_QL75_UX380_CR0,0,380,562_.jpg', 'width': 380, 'height': 562}]",https://www.youtube.com/watch?v=C-4Pr9kBtGc,PG,1985,,03-07-1985,"['High-Concept Comedy', 'Teen Adventure', 'Teen Comedy', 'Time Travel', 'Urban Adventure', 'Adventure', 'Comedy', 'Sci-Fi']",['US'],"['https://www.facebook.com/BTTF', 'http://www.backtothefuture.com/']",['en'],"['Whittier High School - 12417 E. Philadelphia Street, Whittier, California, USA']","[{'id': 'co0005073', 'name': 'Universal Pictures'}, {'id': 'co0009119', 'name': 'Amblin Entertainment'}, {'id': 'co0010110', 'name': 'U-Drive Productions'}]",19000000,392976852,"['Adventure', 'Comedy', 'Sci-Fi']",FALSE,116,8.5,1466723,88
tt0076759,https://www.imdb.com/title/tt0076759/,Star Wars: Episode IV - A New Hope,Star Wars,movie,"A farmboy joins forces with various allies to save their galaxy from the evil Empire's planet-destroying battle station, while also rescuing the princess leading the rebellion against them.",https://m.media-amazon.com/images/M/MV5BOGUwMDk0Y2MtNjBlNi00NmRiLTk2MWYtMGMyMDlhYmI4ZDBjXkEyXkFqcGc@.jpg,"[{'url': 'https://m.media-amazon.com/images/M/MV5BOGUwMDk0Y2MtNjBlNi00NmRiLTk2MWYtMGMyMDlhYmI4ZDBjXkEyXkFqcGc@._V1_QL75_UX100_CR0,0,100,148_.jpg', 'width': 100, 'height': 148}, {'url': 'https://m.media-amazon.com/images/M/MV5BOGUwMDk0Y2MtNjBlNi00NmRiLTk2MWYtMGMyMDlhYmI4ZDBjXkEyXkFqcGc@._V1_QL75_UX280_CR0,0,280,414_.jpg', 'width': 280, 'height': 414}, {'url': 'https://m.media-amazon.com/images/M/MV5BOGUwMDk0Y2MtNjBlNi00NmRiLTk2MWYtMGMyMDlhYmI4ZDBjXkEyXkFqcGc@._V1_QL75_UX380_CR0,0,380,562_.jpg', 'width': 380, 'height': 562}]",https://www.youtube.com/watch?v=vZ734NWnAHA,PG,1977,,25-05-1977,"['Star Wars', 'Adventure Epic', 'Fantasy Epic', 'Quest', 'Sci-Fi Epic', 'Space Sci-Fi', 'Sword & Sorcery', 'Action', 'Adventure', 'Fantasy']",['US'],"['https://www.facebook.com/StarWars/', 'https://www.instagram.com/starwars/']",['en'],"['Tikal National Park, Guatemala']","[{'id': 'co0071326', 'name': 'Lucasfilm'}, {'id': 'co0000756', 'name': '20th Century Fox'}]",11000000,775398507,"['Action', 'Adventure', 'Fantasy']",FALSE,121,8.6,1581533,90
tt6019206,https://www.imdb.com/title/tt6019206/,Kill Bill: The Whole Bloody Affair,Kill Bill: The Whole Bloody Affair,movie,"A female assassin seeks revenge on her former lover and squad members, all of whom left her for dead.",https://m.media-amazon.com/images/M/MV5BZDc2YzhkODAtZmRmZS00YzcxLWJkYWEtM2ZhZjY3MmMyZmJiXkEyXkFqcGc@.jpg,"[{'url': 'https://m.media-amazon.com/images/M/MV5BZDc2YzhkODAtZmRmZS00YzcxLWJkYWEtM2ZhZjY3MmMyZmJiXkEyXkFqcGc@._V1_QL75_UX100_CR0,0,100,148_.jpg', 'width': 100, 'height': 148}, {'url': 'https://m.media-amazon.com/images/M/MV5BZDc2YzhkODAtZmRmZS00YzcxLWJkYWEtM2ZhZjY3MmMyZmJiXkEyXkFqcGc@._V1_QL75_UX280_CR0,0,280,414_.jpg', 'width': 280, 'height': 414}, {'url': 'https://m.media-amazon.com/images/M/MV5BZDc2YzhkODAtZmRmZS00YzcxLWJkYWEtM2ZhZjY3MmMyZmJiXkEyXkFqcGc@._V1_QL75_UX380_CR0,0,380,562_.jpg', 'width': 380, 'height': 562}]",https://www.youtube.com/watch?v=p_5MTB43bnw,Unrated,2004,,05-12-2025,"['Action Epic', 'Kung Fu', 'Martial Arts', 'One-Person Army Action', 'Action', 'Crime', 'Thriller']",['US'],['http://www.tarantino.info/2011/02/27/kill-bill-the-whole-bloody-affair-premieres-march-27/'],"['en', 'ja', 'fr', 'es']","['Lancaster, California, USA']","[{'id': 'co0019267', 'name': 'A Band Apart'}, {'id': 'co0484967', 'name': 'Shaw Brothers'}, {'id': 'co0086625', 'name': 'Super Cool ManChu'}]",,13089431,"['Action', 'Crime', 'Thriller']",FALSE,253,8.7,51827,95
tt0245429,https://www.imdb.com/title/tt0245429/,Spirited Away,Sen to Chihiro no kamikakushi,movie,"During her family's move to the suburbs, a sullen 10-year-old girl wanders into a world ruled by gods, witches and spirits, and where humans are changed into beasts.",https://m.media-amazon.com/images/M/MV5BNTEyNmEwOWUtYzkyOC00ZTQ4LTllZmUtMjk0Y2YwOGUzYjRiXkEyXkFqcGc@.jpg,"[{'url': 'https://m.media-amazon.com/images/M/MV5BNTEyNmEwOWUtYzkyOC00ZTQ4LTllZmUtMjk0Y2YwOGUzYjRiXkEyXkFqcGc@._V1_QL75_UX100_CR0,0,100,148_.jpg', 'width': 100, 'height': 148}, {'url': 'https://m.media-amazon.com/images/M/MV5BNTEyNmEwOWUtYzkyOC00ZTQ4LTllZmUtMjk0Y2YwOGUzYjRiXkEyXkFqcGc@._V1_QL75_UX280_CR0,0,280,414_.jpg', 'width': 280, 'height': 414}, {'url': 'https://m.media-amazon.com/images/M/MV5BNTEyNmEwOWUtYzkyOC00ZTQ4LTllZmUtMjk0Y2YwOGUzYjRiXkEyXkFqcGc@._V1_QL75_UX380_CR0,0,380,562_.jpg', 'width': 380, 'height': 562}]",https://www.youtube.com/watch?v=ByXuk9QqQkk,PG,2001,,28-03-2003,"['Japanese', 'Anime', 'Coming-of-Age', 'Fairy Tale', 'Hand-Drawn Animation', 'Isekai', 'Supernatural Fantasy', 'Adventure', 'Animation', 'Family']","['JP', 'US']","['https://goodfellas.film/movie/spirited-away/', 'http://disney.go.com/disneyvideos/animatedfilms/miyazaki/more_miyazaki.html']","['ja', 'en']",[],"[{'id': 'co0016626', 'name': 'Tokuma Shoten'}, {'id': 'co0048420', 'name': 'Studio Ghibli'}, {'id': 'co0003850', 'name': 'Nippon Television Network (NTV)'}]",2000000000,360795806,"['Adventure', 'Animation', 'Family']",FALSE,124,8.6,978488,96
tt0172495,https://www.imdb.com/title/tt0172495/,Gladiator,Gladiator,movie,A former Roman General sets out to exact vengeance against the corrupt emperor who murdered his family and sent him into slavery.,https://m.media-amazon.com/images/M/MV5BYWQ4YmNjYjEtOWE1Zi00Y2U4LWI4NTAtMTU0MjkxNWQ1ZmJiXkEyXkFqcGc@.jpg,"[{'url': 'https://m.media-amazon.com/images/M/MV5BYWQ4YmNjYjEtOWE1Zi00Y2U4LWI4NTAtMTU0MjkxNWQ1ZmJiXkEyXkFqcGc@._V1_QL75_UX100_CR0,0,100,148_.jpg', 'width': 100, 'height': 148}, {'url': 'https://m.media-amazon.com/images/M/MV5BYWQ4YmNjYjEtOWE1Zi00Y2U4LWI4NTAtMTU0MjkxNWQ1ZmJiXkEyXkFqcGc@._V1_QL75_UX280_CR0,0,280,414_.jpg', 'width': 280, 'height': 414}, {'url': 'https://m.media-amazon.com/images/M/MV5BYWQ4YmNjYjEtOWE1Zi00Y2U4LWI4NTAtMTU0MjkxNWQ1ZmJiXkEyXkFqcGc@._V1_QL75_UX380_CR0,0,380,562_.jpg', 'width': 380, 'height': 562}]",https://www.youtube.com/watch?v=P5ieIbInFpg,R,2000,,05-05-2000,"['Action Epic', 'Epic', 'Period Drama', 'Sword & Sandal', 'Action', 'Adventure', 'Drama']","['US', 'GB', 'MT', 'MA']","['https://www.facebook.com/GladiatorMovie/', 'https://www.instagram.com/gladiatormovie/']",['en'],"['Ouarzazate, Morocco']","[{'id': 'co0819670', 'name': 'DreamWorks Pictures'}, {'id': 'co0005073', 'name': 'Universal Pictures'}, {'id': 'co0074212', 'name': 'Scott Free Productions'}]",103000000,465518644,"['Action', 'Adventure', 'Drama']",FALSE,155,8.5,1869430,67
tt0253474,https://www.imdb.com/title/tt0253474/,The Pianist,The Pianist,movie,"During WWII, acclaimed Polish musician Wladyslaw faces various struggles as he loses contact with his family. As the situation worsens, he hides in the ruins of Warsaw in order to survive.",https://m.media-amazon.com/images/M/MV5BMjEwNmEwYjgtNTk3ZC00NjljLTg5ZDctZTY3ZGQwZjRkZmQxXkEyXkFqcGc@.jpg,"[{'url': 'https://m.media-amazon.com/images/M/MV5BMjEwNmEwYjgtNTk3ZC00NjljLTg5ZDctZTY3ZGQwZjRkZmQxXkEyXkFqcGc@._V1_QL75_UX100_CR0,0,100,148_.jpg', 'width': 100, 'height': 148}, {'url': 'https://m.media-amazon.com/images/M/MV5BMjEwNmEwYjgtNTk3ZC00NjljLTg5ZDctZTY3ZGQwZjRkZmQxXkEyXkFqcGc@._V1_QL75_UX280_CR0,0,280,414_.jpg', 'width': 280, 'height': 414}, {'url': 'https://m.media-amazon.com/images/M/MV5BMjEwNmEwYjgtNTk3ZC00NjljLTg5ZDctZTY3ZGQwZjRkZmQxXkEyXkFqcGc@._V1_QL75_UX380_CR0,0,380,562_.jpg', 'width': 380, 'height': 562}]",https://www.youtube.com/watch?v=og9hFxxdSOg,R,2002,,28-03-2003,"['Docudrama', 'Epic', 'Period Drama', 'Psychological Drama', 'Tragedy', 'War Epic', 'Biography', 'Drama', 'Music', 'War']","['FR', 'PL', 'DE', 'GB', 'US']",['https://www.facebook.com/The-Pianist-302717273113887/'],"['en', 'de', 'ru']","['Instalatorów, Ochota, Warsaw, Mazowieckie, Poland']","[{'id': 'co0024473', 'name': 'R.P. Productions'}, {'id': 'co0030304', 'name': 'Heritage Films'}, {'id': 'co0053177', 'name': 'Studio Babelsberg'}]",35000000,120098945,"['Biography', 'Drama', 'Music']",FALSE,150,8.5,1019733,85
tt6751668,https://www.imdb.com/title/tt6751668/,Parasite,Gisaengchung,movie,Greed and class discrimination threaten the newly formed symbiotic relationship between the wealthy Park family and the destitute Kim clan.,https://m.media-amazon.com/images/M/MV5BYjk1Y2U4MjQtY2ZiNS00OWQyLWI3MmYtZWUwNmRjYWRiNWNhXkEyXkFqcGc@.jpg,"[{'url': 'https://m.media-amazon.com/images/M/MV5BYjk1Y2U4MjQtY2ZiNS00OWQyLWI3MmYtZWUwNmRjYWRiNWNhXkEyXkFqcGc@._V1_QL75_UX100_CR0,0,100,148_.jpg', 'width': 100, 'height': 148}, {'url': 'https://m.media-amazon.com/images/M/MV5BYjk1Y2U4MjQtY2ZiNS00OWQyLWI3MmYtZWUwNmRjYWRiNWNhXkEyXkFqcGc@._V1_QL75_UX280_CR0,0,280,414_.jpg', 'width': 280, 'height': 414}, {'url': 'https://m.media-amazon.com/images/M/MV5BYjk1Y2U4MjQtY2ZiNS00OWQyLWI3MmYtZWUwNmRjYWRiNWNhXkEyXkFqcGc@._V1_QL75_UX380_CR0,0,380,562_.jpg', 'width': 380, 'height': 562}]",https://www.youtube.com/watch?v=hb1iOVvkykY,R,2019,,08-11-2019,"['Korean', 'Dark Comedy', 'Psychological Drama', 'Psychological Thriller', 'Drama', 'Thriller']",['KR'],"['https://www.barunsonena.com/en/contents/10', 'https://www.cjenm.com/en/featured-contents/parasite/']","['ko', 'en']","['Jahamun-ro, Buam-dong, Jongno-gu, Seoul, South Korea']","[{'id': 'co0197091', 'name': 'Barunson E&A'}]",11400000,263423899,"['Drama', 'Thriller']",FALSE,132,8.5,1183914,97
tt0095327,https://www.imdb.com/title/tt0095327/,Grave of the Fireflies,Hotaru no haka,movie,A young boy and his little sister struggle to survive in Japan during World War II.,https://m.media-amazon.com/images/M/MV5BNTY5MmE2OGMtN2IxNC00MDY4LTkwMGEtZDUzOTYyNWE0ZTNjXkEyXkFqcGc@.jpg,"[{'url': 'https://m.media-amazon.com/images/M/MV5BNTY5MmE2OGMtN2IxNC00MDY4LTkwMGEtZDUzOTYyNWE0ZTNjXkEyXkFqcGc@._V1_QL75_UX100_CR0,0,100,148_.jpg', 'width': 100, 'height': 148}, {'url': 'https://m.media-amazon.com/images/M/MV5BNTY5MmE2OGMtN2IxNC00MDY4LTkwMGEtZDUzOTYyNWE0ZTNjXkEyXkFqcGc@._V1_QL75_UX280_CR0,0,280,414_.jpg', 'width': 280, 'height': 414}, {'url': 'https://m.media-amazon.com/images/M/MV5BNTY5MmE2OGMtN2IxNC00MDY4LTkwMGEtZDUzOTYyNWE0ZTNjXkEyXkFqcGc@._V1_QL75_UX380_CR0,0,380,562_.jpg', 'width': 380, 'height': 562}]",https://www.youtube.com/watch?v=lhlh7JVcTt8,Not Rated,1988,,26-07-1989,"['Japanese', 'Adult Animation', 'Anime', 'Hand-Drawn Animation', 'Period Drama', 'Psychological Drama', 'Tragedy', 'Animation', 'Drama', 'War']","['JP', 'US']",[],['ja'],[],"[{'id': 'co0057589', 'name': 'Shinchosha'}, {'id': 'co0048420', 'name': 'Studio Ghibli'}]",3700000,4707975,"['Animation', 'Drama', 'War']",FALSE,88,8.5,392294,94
tt0056058,https://www.imdb.com/title/tt0056058/,Harakiri,Seppuku,movie,"When a ronin requesting seppuku at a feudal lord's palace is told of the brutal suicide of another ronin who previously visited, he reveals how their pasts are intertwined - and in doing so challenges the clan's integrity.",https://m.media-amazon.com/images/M/MV5BZThiZjU5ZDQtZDI4Mi00ZGYyLTkzOTktYmIzZTFlZTkxYzg5XkEyXkFqcGc@.jpg,"[{'url': 'https://m.media-amazon.com/images/M/MV5BZThiZjU5ZDQtZDI4Mi00ZGYyLTkzOTktYmIzZTFlZTkxYzg5XkEyXkFqcGc@._V1_QL75_UX100_CR0,0,100,148_.jpg', 'width': 100, 'height': 148}, {'url': 'https://m.media-amazon.com/images/M/MV5BZThiZjU5ZDQtZDI4Mi00ZGYyLTkzOTktYmIzZTFlZTkxYzg5XkEyXkFqcGc@._V1_QL75_UX280_CR0,0,280,414_.jpg', 'width': 280, 'height': 414}, {'url': 'https://m.media-amazon.com/images/M/MV5BZThiZjU5ZDQtZDI4Mi00ZGYyLTkzOTktYmIzZTFlZTkxYzg5XkEyXkFqcGc@._V1_QL75_UX380_CR0,0,380,562_.jpg', 'width': 380, 'height': 562}]",https://www.youtube.com/watch?v=gfABwM-Ppng,Not Rated,1962,,04-08-1964,"['Japanese', 'Epic', 'Period Drama', 'Psychological Drama', 'Drama', 'Mystery']",['JP'],[],['ja'],"['Kyoto, Kyoto, Japan']","[{'id': 'co0007001', 'name': 'Shochiku'}]",,15222,"['Drama', 'Mystery']",FALSE,133,8.6,93033,85
tt0054215,https://www.imdb.com/title/tt0054215/,Psycho,Psycho,movie,A secretary on the run for embezzlement takes refuge at a secluded California motel owned by a repressed man and his overbearing mother.,https://m.media-amazon.com/images/M/MV5BYjZhMzFiZjItODA3ZC00MmRhLWIzMGYtMmVjOWUwYTA3MTRjXkEyXkFqcGc@.jpg,"[{'url': 'https://m.media-amazon.com/images/M/MV5BYjZhMzFiZjItODA3ZC00MmRhLWIzMGYtMmVjOWUwYTA3MTRjXkEyXkFqcGc@._V1_QL75_UX100_CR0,0,100,148_.jpg', 'width': 100, 'height': 148}, {'url': 'https://m.media-amazon.com/images/M/MV5BYjZhMzFiZjItODA3ZC00MmRhLWIzMGYtMmVjOWUwYTA3MTRjXkEyXkFqcGc@._V1_QL75_UX280_CR0,0,280,414_.jpg', 'width': 280, 'height': 414}, {'url': 'https://m.media-amazon.com/images/M/MV5BYjZhMzFiZjItODA3ZC00MmRhLWIzMGYtMmVjOWUwYTA3MTRjXkEyXkFqcGc@._V1_QL75_UX380_CR0,0,380,562_.jpg', 'width': 380, 'height': 562}]",https://www.youtube.com/watch?v=D90QhegiVvo,R,1960,,08-09-1960,"['Dark Comedy', 'Psychological Horror', 'Psychological Thriller', 'Slasher Horror', 'Suspense Mystery', 'Drama', 'Horror', 'Mystery', 'Thriller']",['US'],[],['en'],"['Psycho House and Bates Motel, Backlot Universal Studios, Universal City, California, USA']","[{'id': 'co0137799', 'name': 'Alfred J. Hitchcock Productions'}, {'id': 'co0137800', 'name': 'Shamley Productions'}]",806947,32276120,"['Drama', 'Horror', 'Mystery']",FALSE,109,8.5,790839,97
tt0110357,https://www.imdb.com/title/tt0110357/,The Lion King,The Lion King,movie,"Lion prince Simba and his father are targeted by his bitter uncle, who wants to ascend the throne himself.",https://m.media-amazon.com/images/M/MV5BZGRiZDZhZjItM2M3ZC00Y2IyLTk3Y2MtMWY5YjliNDFkZTJlXkEyXkFqcGc@.jpg,"[{'url': 'https://m.media-amazon.com/images/M/MV5BZGRiZDZhZjItM2M3ZC00Y2IyLTk3Y2MtMWY5YjliNDFkZTJlXkEyXkFqcGc@._V1_QL75_UX100_CR0,0,100,148_.jpg', 'width': 100, 'height': 148}, {'url': 'https://m.media-amazon.com/images/M/MV5BZGRiZDZhZjItM2M3ZC00Y2IyLTk3Y2MtMWY5YjliNDFkZTJlXkEyXkFqcGc@._V1_QL75_UX280_CR0,0,280,414_.jpg', 'width': 280, 'height': 414}, {'url': 'https://m.media-amazon.com/images/M/MV5BZGRiZDZhZjItM2M3ZC00Y2IyLTk3Y2MtMWY5YjliNDFkZTJlXkEyXkFqcGc@._V1_QL75_UX380_CR0,0,380,562_.jpg', 'width': 380, 'height': 562}]",https://www.youtube.com/watch?v=lFzVJEksoDY,G,1994,,24-06-1994,"['Adventure Epic', 'Animal Adventure', 'Coming-of-Age', 'Hand-Drawn Animation', 'Jungle Adventure', 'Adventure', 'Animation', 'Drama', 'Family', 'Musical']",['US'],"['https://www.facebook.com/DisneyTheLionKing', 'http://movies.disney.com/the-lion-king']","['en', 'sw', 'xh', 'zu']","['Walt Disney Feature Animation - 1420 Flower Street, Glendale, California, USA']","[{'id': 'co0008970', 'name': 'Walt Disney Pictures'}, {'id': 'co0074039', 'name': 'Walt Disney Animation Studios'}, {'id': 'co0075995', 'name': 'Walt Disney Feature Animation'}]",45000000,979161632,"['Adventure', 'Animation', 'Drama']",FALSE,88,8.5,1270658,88
tt0407887,https://www.imdb.com/title/tt0407887/,The Departed,The Departed,movie,An undercover cop and a mole in the police attempt to identify each other while infiltrating an Irish gang in South Boston.,https://m.media-amazon.com/images/M/MV5BMTI1MTY2OTIxNV5BMl5BanBnXkFtZTYwNjQ4NjY3.jpg,"[{'url': 'https://m.media-amazon.com/images/M/MV5BMTI1MTY2OTIxNV5BMl5BanBnXkFtZTYwNjQ4NjY3._V1_QL75_UX100_CR0,0,100,148_.jpg', 'width': 100, 'height': 148}, {'url': 'https://m.media-amazon.com/images/M/MV5BMTI1MTY2OTIxNV5BMl5BanBnXkFtZTYwNjQ4NjY3._V1_QL75_UX280_CR0,0,280,414_.jpg', 'width': 280, 'height': 414}, {'url': 'https://m.media-amazon.com/images/M/MV5BMTI1MTY2OTIxNV5BMl5BanBnXkFtZTYwNjQ4NjY3._V1_QL75_UX380_CR0,0,380,562_.jpg', 'width': 380, 'height': 562}]",https://www.youtube.com/watch?v=r-MiSNsCdQ4,R,2006,,06-10-2006,"['Cop Drama', 'Epic', 'Gangster', 'Psychological Thriller', 'Crime', 'Drama', 'Thriller']","['US', 'HK']",[],['en'],"['SUNY Maritime College, Bronx, New York City, New York, USA']","[{'id': 'co0002663', 'name': 'Warner Bros.'}, {'id': 'co0136967', 'name': 'Plan B Entertainment'}, {'id': 'co0011877', 'name': 'Initial Entertainment Group (IEG)'}]",90000000,292095981,"['Crime', 'Drama', 'Thriller']",FALSE,151,8.5,1568818,85
tt2582802,https://www.imdb.com/title/tt2582802/,Whiplash,Whiplash,movie,A promising young drummer enrolls at a cut-throat music conservatory where his dreams of greatness are mentored by an instructor who will stop at nothing to realize a student's potential.,https://m.media-amazon.com/images/M/MV5BMDFjOWFkYzktYzhhMC00NmYyLTkwY2EtYjViMDhmNzg0OGFkXkEyXkFqcGc@.jpg,"[{'url': 'https://m.media-amazon.com/images/M/MV5BMDFjOWFkYzktYzhhMC00NmYyLTkwY2EtYjViMDhmNzg0OGFkXkEyXkFqcGc@._V1_QL75_UX100_CR0,0,100,148_.jpg', 'width': 100, 'height': 148}, {'url': 'https://m.media-amazon.com/images/M/MV5BMDFjOWFkYzktYzhhMC00NmYyLTkwY2EtYjViMDhmNzg0OGFkXkEyXkFqcGc@._V1_QL75_UX280_CR0,0,280,414_.jpg', 'width': 280, 'height': 414}, {'url': 'https://m.media-amazon.com/images/M/MV5BMDFjOWFkYzktYzhhMC00NmYyLTkwY2EtYjViMDhmNzg0OGFkXkEyXkFqcGc@._V1_QL75_UX380_CR0,0,380,562_.jpg', 'width': 380, 'height': 562}]",https://www.youtube.com/watch?v=Df1xkYYbYrY,R,2014,,15-10-2014,"['Psychological Drama', 'Drama', 'Music']",['US'],"['http://sonyclassics.com/whiplash/', 'http://www.advitamdistribution.com/whiplash/']",['en'],"['Santa Clarita, California, USA']","[{'id': 'co0135575', 'name': 'Bold Films'}, {'id': 'co0098315', 'name': 'Blumhouse Productions'}, {'id': 'co0280848', 'name': 'Right of Way Films'}]",3300000,50431161,"['Drama', 'Music']",FALSE,106,8.5,1171605,89
tt0482571,https://www.imdb.com/title/tt0482571/,The Prestige,The Prestige,movie,"Two magicians dismantle their lives to outmaneuver each other following a shared tragedy. They chase the ultimate illusion across Victorian London, sacrificing sanity and safety to master a teleportation feat that defies all logic.",https://m.media-amazon.com/images/M/MV5BM2Y0YmM5MWYtZTYzNi00ZjU5LTlmOGYtZDQ4ODQyMjAzNjQ2XkEyXkFqcGc@.jpg,"[{'url': 'https://m.media-amazon.com/images/M/MV5BM2Y0YmM5MWYtZTYzNi00ZjU5LTlmOGYtZDQ4ODQyMjAzNjQ2XkEyXkFqcGc@._V1_QL75_UX100_CR0,0,100,148_.jpg', 'width': 100, 'height': 148}, {'url': 'https://m.media-amazon.com/images/M/MV5BM2Y0YmM5MWYtZTYzNi00ZjU5LTlmOGYtZDQ4ODQyMjAzNjQ2XkEyXkFqcGc@._V1_QL75_UX280_CR0,0,280,414_.jpg', 'width': 280, 'height': 414}, {'url': 'https://m.media-amazon.com/images/M/MV5BM2Y0YmM5MWYtZTYzNi00ZjU5LTlmOGYtZDQ4ODQyMjAzNjQ2XkEyXkFqcGc@._V1_QL75_UX380_CR0,0,380,562_.jpg', 'width': 380, 'height': 562}]",https://www.youtube.com/watch?v=ijXruSzfGEc,PG-13,2006,,20-10-2006,"['Period Drama', 'Steampunk', 'Tragedy', 'Drama', 'Mystery', 'Sci-Fi', 'Thriller']","['GB', 'US']",[],['en'],"['Durango and Silverton Narrow Gauge Railroad, Colorado, USA']","[{'id': 'co0049348', 'name': 'Touchstone Pictures'}, {'id': 'co0002663', 'name': 'Warner Bros.'}, {'id': 'co0129644', 'name': 'Newmarket Films'}]",40000000,109676311,"['Drama', 'Mystery', 'Sci-Fi']",FALSE,130,8.5,1611350,66
tt0120586,https://www.imdb.com/title/tt0120586/,American History X,American History X,movie,A neo-Nazi is released from prison a changed man and hopes to prevent his younger brother from following in his footsteps.,https://m.media-amazon.com/images/M/MV5BMzhiOTQ0NDItOTg0Zi00OGVmLWE0OGEtMTI4NDM0NWMxZWU4XkEyXkFqcGc@.jpg,"[{'url': 'https://m.media-amazon.com/images/M/MV5BMzhiOTQ0NDItOTg0Zi00OGVmLWE0OGEtMTI4NDM0NWMxZWU4XkEyXkFqcGc@._V1_QL75_UX100_CR0,0,100,148_.jpg', 'width': 100, 'height': 148}, {'url': 'https://m.media-amazon.com/images/M/MV5BMzhiOTQ0NDItOTg0Zi00OGVmLWE0OGEtMTI4NDM0NWMxZWU4XkEyXkFqcGc@._V1_QL75_UX280_CR0,0,280,414_.jpg', 'width': 280, 'height': 414}, {'url': 'https://m.media-amazon.com/images/M/MV5BMzhiOTQ0NDItOTg0Zi00OGVmLWE0OGEtMTI4NDM0NWMxZWU4XkEyXkFqcGc@._V1_QL75_UX380_CR0,0,380,562_.jpg', 'width': 380, 'height': 562}]",https://www.youtube.com/watch?v=ZVAfE5cT59c,R,1998,,20-11-1998,"['Gangster', 'Political Drama', 'Prison Drama', 'Psychological Drama', 'Tragedy', 'Crime', 'Drama']",['US'],"['https://www.facebook.com/americanhistoryxmovie/', 'https://www.warnerbros.com/movies/american-history-x']",['en'],"['Venice High School - 13000 Venice Boulevard, Venice, Los Angeles, California, USA']","[{'id': 'co0046718', 'name': 'New Line Cinema'}, {'id': 'co0023612', 'name': 'The Turman-Morrissey Company'}]",20000000,23875714,"['Crime', 'Drama']",FALSE,119,8.5,1281171,62
tt9362722,https://www.imdb.com/title/tt9362722/,Spider-Man: Across the Spider-Verse,Spider-Man: Across the Spider-Verse,movie,"Traveling across the multiverse, Miles Morales meets a new team of Spider-People, made up of heroes from different dimensions. But when the heroes clash over how to deal with a new threat, Miles finds himself at a crossroads.",https://m.media-amazon.com/images/M/MV5BNThiZjA3MjItZGY5Ni00ZmJhLWEwN2EtOTBlYTA4Y2E0M2ZmXkEyXkFqcGc@.jpg,"[{'url': 'https://m.media-amazon.com/images/M/MV5BNThiZjA3MjItZGY5Ni00ZmJhLWEwN2EtOTBlYTA4Y2E0M2ZmXkEyXkFqcGc@._V1_QL75_UX100_CR0,0,100,148_.jpg', 'width': 100, 'height': 148}, {'url': 'https://m.media-amazon.com/images/M/MV5BNThiZjA3MjItZGY5Ni00ZmJhLWEwN2EtOTBlYTA4Y2E0M2ZmXkEyXkFqcGc@._V1_QL75_UX280_CR0,0,280,414_.jpg', 'width': 280, 'height': 414}, {'url': 'https://m.media-amazon.com/images/M/MV5BNThiZjA3MjItZGY5Ni00ZmJhLWEwN2EtOTBlYTA4Y2E0M2ZmXkEyXkFqcGc@._V1_QL75_UX380_CR0,0,380,562_.jpg', 'width': 380, 'height': 562}]",https://www.youtube.com/watch?v=cqGjhVJWtEg,PG,2023,,02-06-2023,"['Marvel', 'Action Epic', 'Adventure Epic', 'Coming-of-Age', 'Computer Animation', 'Epic', 'Sci-Fi Epic', 'Superhero', 'Teen Adventure', 'Teen Drama']",['US'],['https://www.acrossthespiderverse.movie/'],['en'],[],"[{'id': 'co0014351', 'name': 'Columbia Pictures'}, {'id': 'co0047120', 'name': 'Marvel Entertainment'}, {'id': 'co0121181', 'name': 'Sony Pictures Animation'}]",150000000,690824738,"['Action', 'Adventure', 'Animation']",FALSE,140,8.5,541329,86
tt0110413,https://www.imdb.com/title/tt0110413/,Léon: The Professional,Léon,movie,"When her family is murdered by a group of corrupt officers led by the tyrannical Norman Stansfield, a young 12-year-old girl enlists the help of an Italian-American hitman to seek revenge.",https://m.media-amazon.com/images/M/MV5BNGRkYTNhOWQtYmI0Ni00MjZhLWJmMzAtMTA2Mjg4NGNiNDU0XkEyXkFqcGc@.jpg,"[{'url': 'https://m.media-amazon.com/images/M/MV5BNGRkYTNhOWQtYmI0Ni00MjZhLWJmMzAtMTA2Mjg4NGNiNDU0XkEyXkFqcGc@._V1_QL75_UX100_CR0,0,100,148_.jpg', 'width': 100, 'height': 148}, {'url': 'https://m.media-amazon.com/images/M/MV5BNGRkYTNhOWQtYmI0Ni00MjZhLWJmMzAtMTA2Mjg4NGNiNDU0XkEyXkFqcGc@._V1_QL75_UX280_CR0,0,280,414_.jpg', 'width': 280, 'height': 414}, {'url': 'https://m.media-amazon.com/images/M/MV5BNGRkYTNhOWQtYmI0Ni00MjZhLWJmMzAtMTA2Mjg4NGNiNDU0XkEyXkFqcGc@._V1_QL75_UX380_CR0,0,380,562_.jpg', 'width': 380, 'height': 562}]",https://www.youtube.com/watch?v=Nq101UyQyTo,R,1994,,18-11-1994,"['Gangster', 'One-Person Army Action', 'Tragedy', 'Action', 'Crime', 'Drama', 'Thriller']","['FR', 'US']",['https://leon.officialwebsite.art/'],"['en', 'it', 'fr']","['Paris, France']","[{'id': 'co0014351', 'name': 'Columbia Pictures'}, {'id': 'co0172053', 'name': 'Gaumont'}, {'id': 'co0008826', 'name': 'Les Films du Dauphin'}]",16000000,20330788,"['Action', 'Crime', 'Drama']",FALSE,110,8.5,1359764,64
tt0095765,https://www.imdb.com/title/tt0095765/,Cinema Paradiso,Nuovo Cinema Paradiso,movie,"Salvatore, a famous film director, returns to his hometown for the funeral of the local theater's film projectionist, Alfredo. He reminisces about his life as a young boy falling in love with cinema.",https://m.media-amazon.com/images/M/MV5BMTljNzc4YWEtYTZlMS00ODMyLWIwMTAtNWQxY2VkMDEwYTk5XkEyXkFqcGc@.jpg,"[{'url': 'https://m.media-amazon.com/images/M/MV5BMTljNzc4YWEtYTZlMS00ODMyLWIwMTAtNWQxY2VkMDEwYTk5XkEyXkFqcGc@._V1_QL75_UX100_CR0,0,100,148_.jpg', 'width': 100, 'height': 148}, {'url': 'https://m.media-amazon.com/images/M/MV5BMTljNzc4YWEtYTZlMS00ODMyLWIwMTAtNWQxY2VkMDEwYTk5XkEyXkFqcGc@._V1_QL75_UX280_CR0,0,280,414_.jpg', 'width': 280, 'height': 414}, {'url': 'https://m.media-amazon.com/images/M/MV5BMTljNzc4YWEtYTZlMS00ODMyLWIwMTAtNWQxY2VkMDEwYTk5XkEyXkFqcGc@._V1_QL75_UX380_CR0,0,380,562_.jpg', 'width': 380, 'height': 562}]",https://www.youtube.com/watch?v=stLekU5BnbI,PG,1988,,23-02-1990,"['Italian', 'Coming-of-Age', 'Drama', 'Romance']","['IT', 'FR']","['https://www.facebook.com/CinemaParadisoMovie', 'http://www.miramax.com/movie/cinema-paradiso']",['it'],"['Cefalù, Palermo, Sicily, Italy']","[{'id': 'co0013358', 'name': 'Cristaldifilm'}, {'id': 'co0042444', 'name': 'Les Films Ariane'}, {'id': 'co0009359', 'name': 'Rai 3'}]",5000000,13502484,"['Drama', 'Romance']",FALSE,174,8.5,319062,80
tt0034583,https://www.imdb.com/title/tt0034583/,Casablanca,Casablanca,movie,A cynical expatriate American cafe owner struggles to decide whether or not to help his former lover and her fugitive husband escape the Nazis in French Morocco.,https://m.media-amazon.com/images/M/MV5BNWEzN2U1YTYtYTQyMS00NTVkLWE2NGQtZWFlMmM0MDNjMmRiXkEyXkFqcGc@.jpg,"[{'url': 'https://m.media-amazon.com/images/M/MV5BNWEzN2U1YTYtYTQyMS00NTVkLWE2NGQtZWFlMmM0MDNjMmRiXkEyXkFqcGc@._V1_QL75_UX100_CR0,0,100,148_.jpg', 'width': 100, 'height': 148}, {'url': 'https://m.media-amazon.com/images/M/MV5BNWEzN2U1YTYtYTQyMS00NTVkLWE2NGQtZWFlMmM0MDNjMmRiXkEyXkFqcGc@._V1_QL75_UX280_CR0,0,280,414_.jpg', 'width': 280, 'height': 414}, {'url': 'https://m.media-amazon.com/images/M/MV5BNWEzN2U1YTYtYTQyMS00NTVkLWE2NGQtZWFlMmM0MDNjMmRiXkEyXkFqcGc@._V1_QL75_UX380_CR0,0,380,562_.jpg', 'width': 380, 'height': 562}]",https://www.youtube.com/watch?v=4rguz_XRi8E,PG,1942,,23-01-1943,"['Psychological Drama', 'Drama', 'Romance', 'War']",['US'],"['https://www.facebook.com/CasablancaTheMovie', 'http://www.warnerbros.com/movies/casablanca']","['en', 'fr', 'de', 'it', 'ru']","['Flagstaff, Arizona, USA']","[{'id': 'co0002663', 'name': 'Warner Bros.'}]",950000,4757681,"['Drama', 'Romance', 'War']",FALSE,102,8.5,658490,100
tt1675434,https://www.imdb.com/title/tt1675434/,The Intouchables,Intouchables,movie,"After he becomes a quadriplegic from a paragliding accident, an aristocrat hires a young man from the projects to be his caregiver.",https://m.media-amazon.com/images/M/MV5BMTYxNDA3MDQwNl5BMl5BanBnXkFtZTcwNTU4Mzc1Nw@@.jpg,"[{'url': 'https://m.media-amazon.com/images/M/MV5BMTYxNDA3MDQwNl5BMl5BanBnXkFtZTcwNTU4Mzc1Nw@@._V1_QL75_UX100_CR0,0,100,148_.jpg', 'width': 100, 'height': 148}, {'url': 'https://m.media-amazon.com/images/M/MV5BMTYxNDA3MDQwNl5BMl5BanBnXkFtZTcwNTU4Mzc1Nw@@._V1_QL75_UX280_CR0,0,280,414_.jpg', 'width': 280, 'height': 414}, {'url': 'https://m.media-amazon.com/images/M/MV5BMTYxNDA3MDQwNl5BMl5BanBnXkFtZTcwNTU4Mzc1Nw@@._V1_QL75_UX380_CR0,0,380,562_.jpg', 'width': 380, 'height': 562}]",https://www.youtube.com/watch?v=dvdJ--DV0Uo,R,2011,,02-11-2011,"['French', 'Buddy Comedy', 'Docudrama', 'Comedy', 'Drama']",['FR'],['https://www.facebook.com/theintouchables'],"['fr', 'en']","['Cabourg, Calvados, France']","[{'id': 'co0093197', 'name': 'Quad'}, {'id': 'co0387248', 'name': 'Ten Films'}, {'id': 'co0028557', 'name': 'Canal+'}]",9500000,426590315,"['Comedy', 'Drama']",FALSE,112,8.5,1036529,57
tt0114814,https://www.imdb.com/title/tt0114814/,The Usual Suspects,The Usual Suspects,movie,The sole survivor of a pier shoot-out tells the story of how a notorious criminal influenced the events that began with five criminals meeting in a seemingly random police lineup.,https://m.media-amazon.com/images/M/MV5BOTE5MDUxZDUtZWZmZC00NDVmLWFhOGQtNWI2YTc4NzY3MGQ0XkEyXkFqcGc@.jpg,"[{'url': 'https://m.media-amazon.com/images/M/MV5BOTE5MDUxZDUtZWZmZC00NDVmLWFhOGQtNWI2YTc4NzY3MGQ0XkEyXkFqcGc@._V1_QL75_UX100_CR0,0,100,148_.jpg', 'width': 100, 'height': 148}, {'url': 'https://m.media-amazon.com/images/M/MV5BOTE5MDUxZDUtZWZmZC00NDVmLWFhOGQtNWI2YTc4NzY3MGQ0XkEyXkFqcGc@._V1_QL75_UX280_CR0,0,280,414_.jpg', 'width': 280, 'height': 414}, {'url': 'https://m.media-amazon.com/images/M/MV5BOTE5MDUxZDUtZWZmZC00NDVmLWFhOGQtNWI2YTc4NzY3MGQ0XkEyXkFqcGc@._V1_QL75_UX380_CR0,0,380,562_.jpg', 'width': 380, 'height': 562}]",https://www.youtube.com/watch?v=jM3jrHGAsIE,R,1995,,16-08-1995,"['Caper', 'Gangster', 'Heist', 'Psychological Drama', 'Psychological Thriller', 'Suspense Mystery', 'Whodunnit', 'Crime', 'Drama', 'Mystery']","['US', 'DE']",['https://www.facebook.com/usualsuspectsmovie/'],"['en', 'hu', 'es', 'fr']","[""Korean Friendship Bell, Angel's Gate Park - 3601 Gaffey Street, San Pedro, Los Angeles, California, USA""]","[{'id': 'co0030612', 'name': 'Polygram Filmed Entertainment'}, {'id': 'co0033402', 'name': 'Spelling Films International'}, {'id': 'co0082030', 'name': 'Blue Parrot'}]",6000000,23343219,"['Crime', 'Drama', 'Mystery']",FALSE,106,8.5,1247355,76
tt1853728,https://www.imdb.com/title/tt1853728/,Django Unchained,Django Unchained,movie,"With the help of a German bounty-hunter, a freed slave sets out to rescue his wife from a brutal plantation owner in Mississippi.",https://m.media-amazon.com/images/M/MV5BMjIyNTQ5NjQ1OV5BMl5BanBnXkFtZTcwODg1MDU4OA@@.jpg,"[{'url': 'https://m.media-amazon.com/images/M/MV5BMjIyNTQ5NjQ1OV5BMl5BanBnXkFtZTcwODg1MDU4OA@@._V1_QL75_UX100_CR0,0,100,148_.jpg', 'width': 100, 'height': 148}, {'url': 'https://m.media-amazon.com/images/M/MV5BMjIyNTQ5NjQ1OV5BMl5BanBnXkFtZTcwODg1MDU4OA@@._V1_QL75_UX280_CR0,0,280,414_.jpg', 'width': 280, 'height': 414}, {'url': 'https://m.media-amazon.com/images/M/MV5BMjIyNTQ5NjQ1OV5BMl5BanBnXkFtZTcwODg1MDU4OA@@._V1_QL75_UX380_CR0,0,380,562_.jpg', 'width': 380, 'height': 562}]",https://www.youtube.com/watch?v=_iH0UBYDI4g,R,2012,,25-12-2012,"['Dark Comedy', 'Epic', 'One-Person Army Action', 'Period Drama', 'Western Epic', 'Drama', 'Western']",['US'],['https://www.facebook.com/unchainedmovie'],"['en', 'de', 'fr', 'it']","['Evergreen Plantation - 4677 Highway 18, Edgard, Louisiana, USA']","[{'id': 'co0014351', 'name': 'Columbia Pictures'}, {'id': 'co0150452', 'name': 'The Weinstein Company'}, {'id': 'co0282627', 'name': 'Visiona Romantica'}]",100000000,426079005,"['Drama', 'Western']",FALSE,165,8.5,1902162,81
tt0078748,https://www.imdb.com/title/tt0078748/,Alien,Alien,movie,"After investigating a mysterious transmission of unknown origin, the crew of a commercial spacecraft encounters a deadly lifeform.",https://m.media-amazon.com/images/M/MV5BN2NhMDk2MmEtZDQzOC00MmY5LThhYzAtMDdjZGFjOGZjMjdjXkEyXkFqcGc@.jpg,"[{'url': 'https://m.media-amazon.com/images/M/MV5BN2NhMDk2MmEtZDQzOC00MmY5LThhYzAtMDdjZGFjOGZjMjdjXkEyXkFqcGc@._V1_QL75_UX100_CR0,0,100,148_.jpg', 'width': 100, 'height': 148}, {'url': 'https://m.media-amazon.com/images/M/MV5BN2NhMDk2MmEtZDQzOC00MmY5LThhYzAtMDdjZGFjOGZjMjdjXkEyXkFqcGc@._V1_QL75_UX280_CR0,0,280,414_.jpg', 'width': 280, 'height': 414}, {'url': 'https://m.media-amazon.com/images/M/MV5BN2NhMDk2MmEtZDQzOC00MmY5LThhYzAtMDdjZGFjOGZjMjdjXkEyXkFqcGc@._V1_QL75_UX380_CR0,0,380,562_.jpg', 'width': 380, 'height': 562}]",https://www.youtube.com/watch?v=L2VWfWC-wI4,R,1979,,22-06-1979,"['Alien', 'Alien Invasion', 'Cyberpunk', 'Monster Horror', 'Space Sci-Fi', 'Horror', 'Sci-Fi']","['GB', 'US']",['https://www.facebook.com/alienanthology/'],['en'],"['Shepperton Studios, Shepperton, Surrey, England, UK']","[{'id': 'co0000756', 'name': '20th Century Fox'}, {'id': 'co0132161', 'name': 'Brandywine Productions'}, {'id': 'co0074212', 'name': 'Scott Free Productions'}]",11000000,109726643,"['Horror', 'Sci-Fi']",FALSE,117,8.4,1071667,89
tt0047396,https://www.imdb.com/title/tt0047396/,Rear Window,Rear Window,movie,A bored photographer recovering from a broken leg passes the time by watching his neighbors and begins to suspect one of them of murder.,https://m.media-amazon.com/images/M/MV5BODZhOWI1ODgtMzdiOS00YjNkLTgwOGUtYmIyZDg5ZmQwMzQ1XkEyXkFqcGc@.jpg,"[{'url': 'https://m.media-amazon.com/images/M/MV5BODZhOWI1ODgtMzdiOS00YjNkLTgwOGUtYmIyZDg5ZmQwMzQ1XkEyXkFqcGc@._V1_QL75_UX100_CR0,0,100,148_.jpg', 'width': 100, 'height': 148}, {'url': 'https://m.media-amazon.com/images/M/MV5BODZhOWI1ODgtMzdiOS00YjNkLTgwOGUtYmIyZDg5ZmQwMzQ1XkEyXkFqcGc@._V1_QL75_UX280_CR0,0,280,414_.jpg', 'width': 280, 'height': 414}, {'url': 'https://m.media-amazon.com/images/M/MV5BODZhOWI1ODgtMzdiOS00YjNkLTgwOGUtYmIyZDg5ZmQwMzQ1XkEyXkFqcGc@._V1_QL75_UX380_CR0,0,380,562_.jpg', 'width': 380, 'height': 562}]",https://www.youtube.com/watch?v=f9fz8q962Dc,PG,1954,,01-09-1954,"['Dark Comedy', 'Psychological Thriller', 'Suspense Mystery', 'Drama', 'Mystery', 'Thriller']",['US'],[],['en'],"['Stage 18, Paramount Studios - 5555 Melrose Avenue, Hollywood, Los Angeles, California, USA']","[{'id': 'co0137799', 'name': 'Alfred J. Hitchcock Productions'}]",1000000,37918896,"['Drama', 'Mystery', 'Thriller']",FALSE,112,8.4,571660,100
tt0027977,https://www.imdb.com/title/tt0027977/,Modern Times,Modern Times,movie,The Tramp struggles to live in modern industrial society with the help of a young homeless woman.,https://m.media-amazon.com/images/M/MV5BODVkZGFhNGQtYjdiYi00Njc4LWFmYTItNTlmNzJjMTg1ZDc5XkEyXkFqcGc@.jpg,"[{'url': 'https://m.media-amazon.com/images/M/MV5BODVkZGFhNGQtYjdiYi00Njc4LWFmYTItNTlmNzJjMTg1ZDc5XkEyXkFqcGc@._V1_QL75_UX100_CR0,0,100,148_.jpg', 'width': 100, 'height': 148}, {'url': 'https://m.media-amazon.com/images/M/MV5BODVkZGFhNGQtYjdiYi00Njc4LWFmYTItNTlmNzJjMTg1ZDc5XkEyXkFqcGc@._V1_QL75_UX280_CR0,0,280,414_.jpg', 'width': 280, 'height': 414}, {'url': 'https://m.media-amazon.com/images/M/MV5BODVkZGFhNGQtYjdiYi00Njc4LWFmYTItNTlmNzJjMTg1ZDc5XkEyXkFqcGc@._V1_QL75_UX380_CR0,0,380,562_.jpg', 'width': 380, 'height': 562}]",https://www.youtube.com/watch?v=NNznUyDmSFc,G,1936,,25-02-1936,"['Romantic Comedy', 'Satire', 'Slapstick', 'Comedy', 'Drama', 'Romance']",['US'],"['https://www.instagram.com/charliechaplinofficial/', 'https://www.charliechaplin.com/en/films/6-Modern-Times']",['en'],"['Sierra Hwy. & Penman Rd., Santa Clarita, California, USA']","[{'id': 'co0028083', 'name': 'Charles Chaplin Productions'}]",1500000,469661,"['Comedy', 'Drama', 'Romance']",FALSE,87,8.5,286821,96
tt0064116,https://www.imdb.com/title/tt0064116/,Once Upon a Time in the West,C'era una volta il West,movie,A mysterious stranger with a harmonica teams up with a notorious desperado to protect a beautiful widow and her land from a ruthless assassin in the employ of a railroad tycoon.,https://m.media-amazon.com/images/M/MV5BZjYyNGY1MDEtN2I1MC00MGVhLTljZTYtODQ1NzQ0ODc2NzZlXkEyXkFqcGc@.jpg,"[{'url': 'https://m.media-amazon.com/images/M/MV5BZjYyNGY1MDEtN2I1MC00MGVhLTljZTYtODQ1NzQ0ODc2NzZlXkEyXkFqcGc@._V1_QL75_UX100_CR0,0,100,148_.jpg', 'width': 100, 'height': 148}, {'url': 'https://m.media-amazon.com/images/M/MV5BZjYyNGY1MDEtN2I1MC00MGVhLTljZTYtODQ1NzQ0ODc2NzZlXkEyXkFqcGc@._V1_QL75_UX280_CR0,0,280,414_.jpg', 'width': 280, 'height': 414}, {'url': 'https://m.media-amazon.com/images/M/MV5BZjYyNGY1MDEtN2I1MC00MGVhLTljZTYtODQ1NzQ0ODc2NzZlXkEyXkFqcGc@._V1_QL75_UX380_CR0,0,380,562_.jpg', 'width': 380, 'height': 562}]",https://www.youtube.com/watch?v=Yw-Av9BpC-w,PG-13,1968,,04-07-1969,"['Adventure Epic', 'Desert Adventure', 'Epic', 'Period Drama', 'Quest', 'Spaghetti Western', 'Western Epic', 'Drama', 'Western']","['IT', 'US']",[],"['en', 'es', 'it']","['Monument Valley, Arizona, USA']","[{'id': 'co0021811', 'name': 'Rafran Cinematografica'}, {'id': 'co0067506', 'name': 'San Marco'}, {'id': 'co0023400', 'name': 'Paramount Pictures'}]",5000000,5445580,"['Drama', 'Western']",FALSE,145,8.5,386341,82
tt33764258,https://www.imdb.com/title/tt33764258/,The Odyssey,The Odyssey,movie,"After the Trojan War, Odysseus faces a dangerous voyage back to Ithaca, meeting creatures like the Cyclops Polyphemus, Sirens, and Calypso along the way.",https://m.media-amazon.com/images/M/MV5BNTcyNmJlZmQtNDUwYy00NDBjLTg1NGQtYTY2Y2UxMWM3NmI1XkEyXkFqcGc@.jpg,"[{'url': 'https://m.media-amazon.com/images/M/MV5BNTcyNmJlZmQtNDUwYy00NDBjLTg1NGQtYTY2Y2UxMWM3NmI1XkEyXkFqcGc@._V1_QL75_UX100_CR0,0,100,148_.jpg', 'width': 100, 'height': 148}, {'url': 'https://m.media-amazon.com/images/M/MV5BNTcyNmJlZmQtNDUwYy00NDBjLTg1NGQtYTY2Y2UxMWM3NmI1XkEyXkFqcGc@._V1_QL75_UX280_CR0,0,280,414_.jpg', 'width': 280, 'height': 414}, {'url': 'https://m.media-amazon.com/images/M/MV5BNTcyNmJlZmQtNDUwYy00NDBjLTg1NGQtYTY2Y2UxMWM3NmI1XkEyXkFqcGc@._V1_QL75_UX380_CR0,0,380,562_.jpg', 'width': 380, 'height': 562}]",,R,2026,,17-07-2026,"['Action Epic', 'Adventure Epic', 'Dark Fantasy', 'Fantasy Epic', 'Quest', 'Sea Adventure', 'Sword & Sandal', 'Action', 'Adventure', 'Fantasy']","['US', 'GB']","['https://www.facebook.com/OdysseyMovie', 'https://www.instagram.com/theodysseymovie/']","['en', 'el']","['Messinia, Peloponnese region, Greece']","[{'id': 'co0005073', 'name': 'Universal Pictures'}, {'id': 'co0147954', 'name': 'Syncopy'}]",250000000,922051460,"['Action', 'Adventure', 'Fantasy']",FALSE,173,8.5,348090,88
tt0021749,https://www.imdb.com/title/tt0021749/,City Lights,City Lights,movie,"With the aid of a wealthy erratic tippler, a dewy-eyed tramp who has fallen in love with a blind flower girl accumulates money to be able to help her medically.",https://m.media-amazon.com/images/M/MV5BM2U4NjgzODUtODkyOC00YTE2LTlhNTItYzFlYmM1NTEzZDA2XkEyXkFqcGc@.jpg,"[{'url': 'https://m.media-amazon.com/images/M/MV5BM2U4NjgzODUtODkyOC00YTE2LTlhNTItYzFlYmM1NTEzZDA2XkEyXkFqcGc@._V1_QL75_UX100_CR0,0,100,148_.jpg', 'width': 100, 'height': 148}, {'url': 'https://m.media-amazon.com/images/M/MV5BM2U4NjgzODUtODkyOC00YTE2LTlhNTItYzFlYmM1NTEzZDA2XkEyXkFqcGc@._V1_QL75_UX280_CR0,0,280,414_.jpg', 'width': 280, 'height': 414}, {'url': 'https://m.media-amazon.com/images/M/MV5BM2U4NjgzODUtODkyOC00YTE2LTlhNTItYzFlYmM1NTEzZDA2XkEyXkFqcGc@._V1_QL75_UX380_CR0,0,380,562_.jpg', 'width': 380, 'height': 562}]",https://www.youtube.com/watch?v=7vl7F8S4cpQ,G,1931,,07-03-1931,"['Feel-Good Romance', 'Romantic Comedy', 'Satire', 'Slapstick', 'Comedy', 'Drama', 'Romance']",['US'],['https://www.instagram.com/charliechaplinofficial/'],['en'],"['Chaplin Studios - 1416 N. La Brea Avenue, Hollywood, Los Angeles, California, USA']","[{'id': 'co0028083', 'name': 'Charles Chaplin Productions'}]",1500000,56018,"['Comedy', 'Drama', 'Romance']",FALSE,87,8.5,217547,99
tt0910970,https://www.imdb.com/title/tt0910970/,WALL·E,WALL·E,movie,"In a future where humans have temporarily abandoned Earth, a trash-compacting robot falls in love with a flying droid and helps her on her quest to restore hope to mankind.",https://m.media-amazon.com/images/M/MV5BMjExMTg5OTU0NF5BMl5BanBnXkFtZTcwMjMxMzMzMw@@.jpg,"[{'url': 'https://m.media-amazon.com/images/M/MV5BMjExMTg5OTU0NF5BMl5BanBnXkFtZTcwMjMxMzMzMw@@._V1_QL75_UX100_CR0,0,100,148_.jpg', 'width': 100, 'height': 148}, {'url': 'https://m.media-amazon.com/images/M/MV5BMjExMTg5OTU0NF5BMl5BanBnXkFtZTcwMjMxMzMzMw@@._V1_QL75_UX280_CR0,0,280,414_.jpg', 'width': 280, 'height': 414}, {'url': 'https://m.media-amazon.com/images/M/MV5BMjExMTg5OTU0NF5BMl5BanBnXkFtZTcwMjMxMzMzMw@@._V1_QL75_UX380_CR0,0,380,562_.jpg', 'width': 380, 'height': 562}]",https://www.youtube.com/watch?v=8-_9n5DtKOc,G,2008,,27-06-2008,"['Adventure Epic', 'Artificial Intelligence', 'Computer Animation', 'Dystopian Sci-Fi', 'Epic', 'Psychological Drama', 'Sci-Fi Epic', 'Space Sci-Fi', 'Adventure', 'Animation']","['US', 'JP']","['http://adisney.go.com/disneyvideos/animatedfilms/wall-e/', 'https://www.facebook.com/PixarWallE']",['en'],"['Pixar Animation Studios - 1200 Park Avenue, Emeryville, California, USA']","[{'id': 'co0008970', 'name': 'Walt Disney Pictures'}, {'id': 'co0017902', 'name': 'Pixar Animation Studios'}, {'id': 'co0622634', 'name': 'FortyFour Studios'}]",180000000,527404782,"['Adventure', 'Animation', 'Family']",FALSE,98,8.4,1334115,95
tt0078788,https://www.imdb.com/title/tt0078788/,Apocalypse Now,Apocalypse Now,movie,A U.S. Army officer serving in Vietnam is tasked with assassinating a renegade Special Forces Colonel who sees himself as a god.,https://m.media-amazon.com/images/M/MV5BZDhiMTljYjYtODc1Yy00MmEwLTg2OTYtYmE1YTRmNDE4MmEwXkEyXkFqcGc@.jpg,"[{'url': 'https://m.media-amazon.com/images/M/MV5BZDhiMTljYjYtODc1Yy00MmEwLTg2OTYtYmE1YTRmNDE4MmEwXkEyXkFqcGc@._V1_QL75_UX100_CR0,0,100,148_.jpg', 'width': 100, 'height': 148}, {'url': 'https://m.media-amazon.com/images/M/MV5BZDhiMTljYjYtODc1Yy00MmEwLTg2OTYtYmE1YTRmNDE4MmEwXkEyXkFqcGc@._V1_QL75_UX280_CR0,0,280,414_.jpg', 'width': 280, 'height': 414}, {'url': 'https://m.media-amazon.com/images/M/MV5BZDhiMTljYjYtODc1Yy00MmEwLTg2OTYtYmE1YTRmNDE4MmEwXkEyXkFqcGc@._V1_QL75_UX380_CR0,0,380,562_.jpg', 'width': 380, 'height': 562}]",https://www.youtube.com/watch?v=Nd2QtwblrsE,R,1979,,15-08-1979,"['Adventure Epic', 'Epic', 'Hard-boiled Detective', 'Psychological Drama', 'Quest', 'Suspense Mystery', 'War Epic', 'Drama', 'Mystery', 'War']",['US'],"['https://www.lionsgate.com/movies/apocalypse-now', 'https://www.facebook.com/ApocalypseNowMovie/']","['en', 'fr', 'vi']","['Baler Bay, Baler, Aurora, Philippines']","[{'id': 'co0020958', 'name': 'American Zoetrope'}, {'id': 'co0035894', 'name': 'Zoetrope Studios'}]",31500000,105513178,"['Drama', 'Mystery', 'War']",FALSE,147,8.4,774972,94
tt0209144,https://www.imdb.com/title/tt0209144/,Memento,Memento,movie,A former insurance investigator who now suffers from anterograde amnesia uses notes and tattoos to hunt down his wife's murderer.,https://m.media-amazon.com/images/M/MV5BMGQ3Y2Q4NjktN2E4Ny00Y2Q2LTliZDUtZTNiNjRhY2I0NGIyXkEyXkFqcGc@.jpg,"[{'url': 'https://m.media-amazon.com/images/M/MV5BMGQ3Y2Q4NjktN2E4Ny00Y2Q2LTliZDUtZTNiNjRhY2I0NGIyXkEyXkFqcGc@._V1_QL75_UX100_CR0,0,100,148_.jpg', 'width': 100, 'height': 148}, {'url': 'https://m.media-amazon.com/images/M/MV5BMGQ3Y2Q4NjktN2E4Ny00Y2Q2LTliZDUtZTNiNjRhY2I0NGIyXkEyXkFqcGc@._V1_QL75_UX280_CR0,0,280,414_.jpg', 'width': 280, 'height': 414}, {'url': 'https://m.media-amazon.com/images/M/MV5BMGQ3Y2Q4NjktN2E4Ny00Y2Q2LTliZDUtZTNiNjRhY2I0NGIyXkEyXkFqcGc@._V1_QL75_UX380_CR0,0,380,562_.jpg', 'width': 380, 'height': 562}]",https://www.youtube.com/watch?v=Rq9eM4ZXRgs,R,2000,,25-05-2001,"['Psychological Thriller', 'Suspense Mystery', 'Mystery', 'Thriller']",['US'],"['https://tv.apple.com/movie/memento/umc.cmc.331ztpz088uyhmqcxvkh0d9uy', 'https://www.facebook.com/MementoOfficial']",['en'],"['Travel Inn - 7254 Foothill Blvd., Tujunga, Los Angeles, California, USA']","[{'id': 'co0082027', 'name': 'Newmarket Capital Group'}, {'id': 'co0050544', 'name': 'Team Todd'}, {'id': 'co0156819', 'name': 'I Remember Productions'}]",9000000,43260108,"['Mystery', 'Thriller']",FALSE,113,8.4,1450156,83
tt4154756,https://www.imdb.com/title/tt4154756/,Avengers: Infinity War,Avengers: Infinity War,movie,The Avengers and their allies must be willing to sacrifice all in an attempt to defeat the powerful Thanos before his blitz of devastation and ruin puts an end to the universe.,https://m.media-amazon.com/images/M/MV5BMjMxNjY2MDU1OV5BMl5BanBnXkFtZTgwNzY1MTUwNTM@.jpg,"[{'url': 'https://m.media-amazon.com/images/M/MV5BMjMxNjY2MDU1OV5BMl5BanBnXkFtZTgwNzY1MTUwNTM@._V1_QL75_UX100_CR0,0,100,148_.jpg', 'width': 100, 'height': 148}, {'url': 'https://m.media-amazon.com/images/M/MV5BMjMxNjY2MDU1OV5BMl5BanBnXkFtZTgwNzY1MTUwNTM@._V1_QL75_UX280_CR0,0,280,414_.jpg', 'width': 280, 'height': 414}, {'url': 'https://m.media-amazon.com/images/M/MV5BMjMxNjY2MDU1OV5BMl5BanBnXkFtZTgwNzY1MTUwNTM@._V1_QL75_UX380_CR0,0,380,562_.jpg', 'width': 380, 'height': 562}]",https://www.youtube.com/watch?v=6ZfuNTqbHE8,PG-13,2018,,27-04-2018,"['Marvel', 'Action Epic', 'Adventure Epic', 'Alien Invasion', 'Epic', 'Sci-Fi Epic', 'Space Sci-Fi', 'Superhero', 'Action', 'Adventure']","['US', 'NO']","['http://marvel.com/movies/movie/223/avengers_infinity_war', 'https://www.hotstar.com/in/movies/avengers-infinity-war/1660010677']",['en'],"['Cockburn Street, Edinburgh, City of Edinburgh, Scotland, UK']","[{'id': 'co0051941', 'name': 'Marvel Studios'}, {'id': 'co0265297', 'name': 'Jason Roberts Productions'}, {'id': 'co0713020', 'name': 'South Pictures'}]",350000000,2052415039,"['Action', 'Adventure', 'Sci-Fi']",FALSE,149,8.4,1393829,68
tt15239678,https://www.imdb.com/title/tt15239678/,Dune: Part Two,Dune: Part Two,movie,"Paul Atreides unites with the Fremen while on a warpath of revenge against the conspirators who destroyed his family. Facing a choice between the love of his life and the fate of the universe, he endeavors to prevent a terrible future.",https://m.media-amazon.com/images/M/MV5BNTc0YmQxMjEtODI5MC00NjFiLTlkMWUtOGQ5NjFmYWUyZGJhXkEyXkFqcGc@.jpg,"[{'url': 'https://m.media-amazon.com/images/M/MV5BNTc0YmQxMjEtODI5MC00NjFiLTlkMWUtOGQ5NjFmYWUyZGJhXkEyXkFqcGc@._V1_QL75_UX100_CR0,0,100,148_.jpg', 'width': 100, 'height': 148}, {'url': 'https://m.media-amazon.com/images/M/MV5BNTc0YmQxMjEtODI5MC00NjFiLTlkMWUtOGQ5NjFmYWUyZGJhXkEyXkFqcGc@._V1_QL75_UX280_CR0,0,280,414_.jpg', 'width': 280, 'height': 414}, {'url': 'https://m.media-amazon.com/images/M/MV5BNTc0YmQxMjEtODI5MC00NjFiLTlkMWUtOGQ5NjFmYWUyZGJhXkEyXkFqcGc@._V1_QL75_UX380_CR0,0,380,562_.jpg', 'width': 380, 'height': 562}]",https://www.youtube.com/watch?v=Way9Dexny3w,PG-13,2024,,01-03-2024,"['Dune', 'Action Epic', 'Adventure Epic', 'Desert Adventure', 'Epic', 'Sci-Fi Epic', 'Space Sci-Fi', 'Action', 'Adventure', 'Drama']","['US', 'CA', 'AE', 'HU', 'IT', 'NZ', 'JO', 'GM']",['https://www.dunemovie.com/'],['en'],"['Wadi Rum, Jordan']","[{'id': 'co0002663', 'name': 'Warner Bros.'}, {'id': 'co1041831', 'name': 'Legendary Pictures'}, {'id': 'co0753601', 'name': 'Villeneuve Films'}]",190000000,714844358,"['Action', 'Adventure', 'Drama']",FALSE,166,8.4,781524,79
tt0082971,https://www.imdb.com/title/tt0082971/,Raiders of the Lost Ark,Raiders of the Lost Ark,movie,"In 1936, archaeologist Indiana Jones is tasked by Army Intelligence to help locate a legendary ancient power, the Ark of Covenant, before the Nazis get it first.",https://m.media-amazon.com/images/M/MV5BOGNhMjg2ZjgtYzk4Ni00MTViLTg1MmUtYzM2MDZiYjZlMmU3XkEyXkFqcGc@.jpg,"[{'url': 'https://m.media-amazon.com/images/M/MV5BOGNhMjg2ZjgtYzk4Ni00MTViLTg1MmUtYzM2MDZiYjZlMmU3XkEyXkFqcGc@._V1_QL75_UX100_CR0,0,100,148_.jpg', 'width': 100, 'height': 148}, {'url': 'https://m.media-amazon.com/images/M/MV5BOGNhMjg2ZjgtYzk4Ni00MTViLTg1MmUtYzM2MDZiYjZlMmU3XkEyXkFqcGc@._V1_QL75_UX280_CR0,0,280,414_.jpg', 'width': 280, 'height': 414}, {'url': 'https://m.media-amazon.com/images/M/MV5BOGNhMjg2ZjgtYzk4Ni00MTViLTg1MmUtYzM2MDZiYjZlMmU3XkEyXkFqcGc@._V1_QL75_UX380_CR0,0,380,562_.jpg', 'width': 380, 'height': 562}]",https://www.youtube.com/watch?v=0xQSIdSRlAk,PG,1981,,12-06-1981,"['Indiana Jones', 'Action Epic', 'Adventure Epic', 'Desert Adventure', 'Globetrotting Adventure', 'Quest', 'Adventure']",['US'],"['https://www.facebook.com/IndianaJones/', 'https://www.lucasfilm.com/productions/raiders-of-the-lost-ark/']","['en', 'de', 'es', 'ne', 'he', 'ar']","['University of the Pacific, Stockton, California, USA']","[{'id': 'co0023400', 'name': 'Paramount Pictures'}, {'id': 'co0071326', 'name': 'Lucasfilm'}]",18000000,389925971,['Adventure'],FALSE,115,8.4,1116659,86
tt4633694,https://www.imdb.com/title/tt4633694/,Spider-Man: Into the Spider-Verse,Spider-Man: Into the Spider-Verse,movie,Teen Miles Morales becomes the Spider-Man of his universe and must join with five spider-powered individuals from other dimensions to stop a threat for all realities.,https://m.media-amazon.com/images/M/MV5BMjMwNDkxMTgzOF5BMl5BanBnXkFtZTgwNTkwNTQ3NjM@.jpg,"[{'url': 'https://m.media-amazon.com/images/M/MV5BMjMwNDkxMTgzOF5BMl5BanBnXkFtZTgwNTkwNTQ3NjM@._V1_QL75_UX100_CR0,0,100,148_.jpg', 'width': 100, 'height': 148}, {'url': 'https://m.media-amazon.com/images/M/MV5BMjMwNDkxMTgzOF5BMl5BanBnXkFtZTgwNTkwNTQ3NjM@._V1_QL75_UX280_CR0,0,280,414_.jpg', 'width': 280, 'height': 414}, {'url': 'https://m.media-amazon.com/images/M/MV5BMjMwNDkxMTgzOF5BMl5BanBnXkFtZTgwNTkwNTQ3NjM@._V1_QL75_UX380_CR0,0,380,562_.jpg', 'width': 380, 'height': 562}]",https://www.youtube.com/watch?v=ii3n7hYQOl4,PG,2018,,14-12-2018,"['Marvel', 'Action Epic', 'Adventure Epic', 'Coming-of-Age', 'Computer Animation', 'Epic', 'Sci-Fi Epic', 'Superhero', 'Teen Adventure', 'Teen Drama']","['CA', 'US']",['http://www.intothespiderverse.movie/'],"['en', 'es']",[],"[{'id': 'co0014351', 'name': 'Columbia Pictures'}, {'id': 'co0047120', 'name': 'Marvel Entertainment'}, {'id': 'co0121181', 'name': 'Sony Pictures Animation'}]",90000000,394884133,"['Action', 'Adventure', 'Animation']",FALSE,117,8.4,804765,87
tt0405094,https://www.imdb.com/title/tt0405094/,The Lives of Others,Das Leben der Anderen,movie,"In 1984 East Berlin, an agent of the secret police conducting surveillance on a writer and his lover finds himself becoming increasingly absorbed by their lives.",https://m.media-amazon.com/images/M/MV5BYjM1N2Q0YWEtN2E5MC00NDM3LTk2NTEtMTc1NTk5OTA5ZGIzXkEyXkFqcGc@.jpg,"[{'url': 'https://m.media-amazon.com/images/M/MV5BYjM1N2Q0YWEtN2E5MC00NDM3LTk2NTEtMTc1NTk5OTA5ZGIzXkEyXkFqcGc@._V1_QL75_UX100_CR0,0,100,148_.jpg', 'width': 100, 'height': 148}, {'url': 'https://m.media-amazon.com/images/M/MV5BYjM1N2Q0YWEtN2E5MC00NDM3LTk2NTEtMTc1NTk5OTA5ZGIzXkEyXkFqcGc@._V1_QL75_UX280_CR0,0,280,414_.jpg', 'width': 280, 'height': 414}, {'url': 'https://m.media-amazon.com/images/M/MV5BYjM1N2Q0YWEtN2E5MC00NDM3LTk2NTEtMTc1NTk5OTA5ZGIzXkEyXkFqcGc@._V1_QL75_UX380_CR0,0,380,562_.jpg', 'width': 380, 'height': 562}]",https://www.youtube.com/watch?v=n3_iLOp6IhM,R,2006,,30-03-2007,"['German', 'Political Thriller', 'Psychological Drama', 'Spy', 'Drama', 'Mystery', 'Thriller']","['DE', 'FR']",['http://www.thelivesofothers.com/'],['de'],"['Gedenkstätte Hohenschönhausen, Hohenschönhausen, Berlin, Germany']","[{'id': 'co0008261', 'name': 'Wiedemann & Berg Filmproduktion'}, {'id': 'co0051615', 'name': 'Bayerischer Rundfunk (BR)'}, {'id': 'co0014456', 'name': 'ARTE'}]",2000000,77672685,"['Drama', 'Mystery', 'Thriller']",FALSE,137,8.4,445571,89
tt0043014,https://www.imdb.com/title/tt0043014/,Sunset Boulevard,Sunset Blvd.,movie,A failed screenwriter falls into a mercenary romance with a faded silent-film star.,https://m.media-amazon.com/images/M/MV5BMTU0NTkyNzYwMF5BMl5BanBnXkFtZTgwMDU0NDk5MTI@.jpg,"[{'url': 'https://m.media-amazon.com/images/M/MV5BMTU0NTkyNzYwMF5BMl5BanBnXkFtZTgwMDU0NDk5MTI@._V1_QL75_UX100_CR0,0,100,148_.jpg', 'width': 100, 'height': 148}, {'url': 'https://m.media-amazon.com/images/M/MV5BMTU0NTkyNzYwMF5BMl5BanBnXkFtZTgwMDU0NDk5MTI@._V1_QL75_UX280_CR0,0,280,414_.jpg', 'width': 280, 'height': 414}, {'url': 'https://m.media-amazon.com/images/M/MV5BMTU0NTkyNzYwMF5BMl5BanBnXkFtZTgwMDU0NDk5MTI@._V1_QL75_UX380_CR0,0,380,562_.jpg', 'width': 380, 'height': 562}]",https://www.youtube.com/watch?v=_dY0SVxnHjQ,Approved,1950,,04-08-1950,"['Dark Comedy', 'Film Noir', 'Psychological Drama', 'Showbiz Drama', 'Tragedy', 'Drama']",['US'],[],['en'],"['Getty Mansion - 641 S. Irving Boulevard, Midtown, Los Angeles, California, USA']","[{'id': 'co0023400', 'name': 'Paramount Pictures'}]",1752000,339342,"['Drama', 'Film-Noir']",FALSE,110,8.4,262826,94
tt0051201,https://www.imdb.com/title/tt0051201/,Witness for the Prosecution,Witness for the Prosecution,movie,A veteran British barrister must defend his client in a murder trial that has surprise after surprise.,https://m.media-amazon.com/images/M/MV5BNjRhNTQzMzQtMWViMi00ODQ1LTg0MTEtYWE4ZWZlYjM4YjJhXkEyXkFqcGc@.jpg,"[{'url': 'https://m.media-amazon.com/images/M/MV5BNjRhNTQzMzQtMWViMi00ODQ1LTg0MTEtYWE4ZWZlYjM4YjJhXkEyXkFqcGc@._V1_QL75_UX100_CR0,0,100,148_.jpg', 'width': 100, 'height': 148}, {'url': 'https://m.media-amazon.com/images/M/MV5BNjRhNTQzMzQtMWViMi00ODQ1LTg0MTEtYWE4ZWZlYjM4YjJhXkEyXkFqcGc@._V1_QL75_UX280_CR0,0,280,414_.jpg', 'width': 280, 'height': 414}, {'url': 'https://m.media-amazon.com/images/M/MV5BNjRhNTQzMzQtMWViMi00ODQ1LTg0MTEtYWE4ZWZlYjM4YjJhXkEyXkFqcGc@._V1_QL75_UX380_CR0,0,380,562_.jpg', 'width': 380, 'height': 562}]",https://www.youtube.com/watch?v=CgjVcXRDU0I,Approved,1957,,06-02-1958,"['Legal Drama', 'Legal Thriller', 'Whodunnit', 'Crime', 'Drama', 'Mystery', 'Thriller']",['US'],[],"['en', 'de']","['Metro-Goldwyn-Mayer Studios - 10202 W. Washington Blvd., Culver City, California, USA']","[{'id': 'co0134950', 'name': 'Edward Small Productions'}]",3000000,7903,"['Crime', 'Drama', 'Mystery']",FALSE,116,8.4,163463,76
tt0050825,https://www.imdb.com/title/tt0050825/,Paths of Glory,Paths of Glory,movie,A colonel defends three of his soldiers in a court-martial after they abandon a suicidal attack.,https://m.media-amazon.com/images/M/MV5BNmQ2NmI2ODYtMDQzNS00NzQyLTkzZjgtZmZlYTQ5MTc1OWU3XkEyXkFqcGc@.jpg,"[{'url': 'https://m.media-amazon.com/images/M/MV5BNmQ2NmI2ODYtMDQzNS00NzQyLTkzZjgtZmZlYTQ5MTc1OWU3XkEyXkFqcGc@._V1_QL75_UX100_CR0,0,100,148_.jpg', 'width': 100, 'height': 148}, {'url': 'https://m.media-amazon.com/images/M/MV5BNmQ2NmI2ODYtMDQzNS00NzQyLTkzZjgtZmZlYTQ5MTc1OWU3XkEyXkFqcGc@._V1_QL75_UX280_CR0,0,280,414_.jpg', 'width': 280, 'height': 414}, {'url': 'https://m.media-amazon.com/images/M/MV5BNmQ2NmI2ODYtMDQzNS00NzQyLTkzZjgtZmZlYTQ5MTc1OWU3XkEyXkFqcGc@._V1_QL75_UX380_CR0,0,380,562_.jpg', 'width': 380, 'height': 562}]",https://www.youtube.com/watch?v=FESvZ0HG2p4,Approved,1957,,25-12-1957,"['Epic', 'Legal Drama', 'Period Drama', 'Political Drama', 'Psychological Drama', 'Tragedy', 'War Epic', 'Drama', 'War']",['US'],[],"['en', 'de', 'la']","['Schloß Schleißheim, Oberschleißheim, Bavaria, Germany']","[{'id': 'co0068126', 'name': 'Bryna Productions'}]",935000,9307,"['Drama', 'War']",FALSE,88,8.4,241545,90
tt0081505,https://www.imdb.com/title/tt0081505/,The Shining,The Shining,movie,"A family heads to an isolated hotel for the winter, where a sinister presence influences the father into violence. At the same time, his psychic son sees horrifying forebodings from both the past and the future.",https://m.media-amazon.com/images/M/MV5BNmM5ZThhY2ItOGRjOS00NzZiLWEwYTItNDgyMjFkOTgxMmRiXkEyXkFqcGc@.jpg,"[{'url': 'https://m.media-amazon.com/images/M/MV5BNmM5ZThhY2ItOGRjOS00NzZiLWEwYTItNDgyMjFkOTgxMmRiXkEyXkFqcGc@._V1_QL75_UX100_CR0,0,100,148_.jpg', 'width': 100, 'height': 148}, {'url': 'https://m.media-amazon.com/images/M/MV5BNmM5ZThhY2ItOGRjOS00NzZiLWEwYTItNDgyMjFkOTgxMmRiXkEyXkFqcGc@._V1_QL75_UX280_CR0,0,280,414_.jpg', 'width': 280, 'height': 414}, {'url': 'https://m.media-amazon.com/images/M/MV5BNmM5ZThhY2ItOGRjOS00NzZiLWEwYTItNDgyMjFkOTgxMmRiXkEyXkFqcGc@._V1_QL75_UX380_CR0,0,380,562_.jpg', 'width': 380, 'height': 562}]",https://www.youtube.com/watch?v=S014oGZiSdI,R,1980,,13-06-1980,"['Psychological Drama', 'Psychological Horror', 'Supernatural Horror', 'Drama', 'Horror']","['GB', 'US']",[],['en'],"['Timberline Lodge - 27500 E Timberline Road, Government Camp, Mount Hood, Oregon, USA']","[{'id': 'co0002663', 'name': 'Warner Bros.'}, {'id': 'co0113563', 'name': 'Hawk Films'}, {'id': 'co0025454', 'name': 'Peregrine'}]",19000000,50312025,"['Drama', 'Horror']",FALSE,146,8.4,1236777,68
tt0032553,https://www.imdb.com/title/tt0032553/,The Great Dictator,The Great Dictator,movie,Dictator Adenoid Hynkel tries to expand his empire while a poor Jewish barber tries to avoid persecution from Hynkel's regime.,https://m.media-amazon.com/images/M/MV5BMjc4ZjEwNDUtMjlmZS00NzQ4LTg2N2MtMGI3ZjMyMmM3ZDM2XkEyXkFqcGc@.jpg,"[{'url': 'https://m.media-amazon.com/images/M/MV5BMjc4ZjEwNDUtMjlmZS00NzQ4LTg2N2MtMGI3ZjMyMmM3ZDM2XkEyXkFqcGc@._V1_QL75_UX100_CR0,0,100,148_.jpg', 'width': 100, 'height': 148}, {'url': 'https://m.media-amazon.com/images/M/MV5BMjc4ZjEwNDUtMjlmZS00NzQ4LTg2N2MtMGI3ZjMyMmM3ZDM2XkEyXkFqcGc@._V1_QL75_UX280_CR0,0,280,414_.jpg', 'width': 280, 'height': 414}, {'url': 'https://m.media-amazon.com/images/M/MV5BMjc4ZjEwNDUtMjlmZS00NzQ4LTg2N2MtMGI3ZjMyMmM3ZDM2XkEyXkFqcGc@._V1_QL75_UX380_CR0,0,380,562_.jpg', 'width': 380, 'height': 562}]",https://www.youtube.com/watch?v=k8bVG8XC-4I,G,1940,,07-03-1941,"['Dark Comedy', 'Parody', 'Political Drama', 'Satire', 'Slapstick', 'Comedy', 'Drama', 'War']",['US'],"['https://www.instagram.com/charliechaplinofficial/', 'https://www.charliechaplin.com/en/films/7-The-Great-Dictator']","['en', 'eo', 'la']","['Santa Monica Mountains, Los Angeles, California, USA']","[{'id': 'co0028083', 'name': 'Charles Chaplin Productions'}]",2000000,972212,"['Comedy', 'Drama', 'War']",FALSE,125,8.4,259512,
tt0361748,https://www.imdb.com/title/tt0361748/,Inglourious Basterds,Inglourious Basterds,movie,"In Nazi-occupied France during World War II, a plan to assassinate Nazi leaders by a group of Jewish U.S. soldiers coincides with a theatre owner's vengeful plans for the same.",https://m.media-amazon.com/images/M/MV5BODZhMWJlNjYtNDExNC00MTIzLTllM2ItOGQ2NGVjNDQ3MzkzXkEyXkFqcGc@.jpg,"[{'url': 'https://m.media-amazon.com/images/M/MV5BODZhMWJlNjYtNDExNC00MTIzLTllM2ItOGQ2NGVjNDQ3MzkzXkEyXkFqcGc@._V1_QL75_UX100_CR0,0,100,148_.jpg', 'width': 100, 'height': 148}, {'url': 'https://m.media-amazon.com/images/M/MV5BODZhMWJlNjYtNDExNC00MTIzLTllM2ItOGQ2NGVjNDQ3MzkzXkEyXkFqcGc@._V1_QL75_UX280_CR0,0,280,414_.jpg', 'width': 280, 'height': 414}, {'url': 'https://m.media-amazon.com/images/M/MV5BODZhMWJlNjYtNDExNC00MTIzLTllM2ItOGQ2NGVjNDQ3MzkzXkEyXkFqcGc@._V1_QL75_UX380_CR0,0,380,562_.jpg', 'width': 380, 'height': 562}]",https://www.youtube.com/watch?v=QFIUD3aq_do,R,2009,,21-08-2009,"['Dark Comedy', 'Epic', 'Period Drama', 'War Epic', 'Drama', 'War']","['US', 'DE']","['https://www.facebook.com/inglouriousbasterds', 'http://basterds.ru/']","['en', 'de', 'fr', 'it']","['Brasserie La Renaissance, 112 rue Championnet, Paris 18, Paris, France']","[{'id': 'co0005073', 'name': 'Universal Pictures'}, {'id': 'co0150452', 'name': 'The Weinstein Company'}, {'id': 'co0019267', 'name': 'A Band Apart'}]",70000000,321461171,"['Drama', 'War']",FALSE,153,8.4,1806286,69
tt0090605,https://www.imdb.com/title/tt0090605/,Aliens,Aliens,movie,"Decades after surviving the Nostromo incident, Ellen Ripley is sent out to re-establish contact with a terraforming colony but finds herself battling the Alien Queen and her offspring.",https://m.media-amazon.com/images/M/MV5BZjIyNGJhYzYtN2I1My00OTVhLWEyMzItZTVjNDMzOTVkYWViXkEyXkFqcGc@.jpg,"[{'url': 'https://m.media-amazon.com/images/M/MV5BZjIyNGJhYzYtN2I1My00OTVhLWEyMzItZTVjNDMzOTVkYWViXkEyXkFqcGc@._V1_QL75_UX100_CR0,0,100,148_.jpg', 'width': 100, 'height': 148}, {'url': 'https://m.media-amazon.com/images/M/MV5BZjIyNGJhYzYtN2I1My00OTVhLWEyMzItZTVjNDMzOTVkYWViXkEyXkFqcGc@._V1_QL75_UX280_CR0,0,280,414_.jpg', 'width': 280, 'height': 414}, {'url': 'https://m.media-amazon.com/images/M/MV5BZjIyNGJhYzYtN2I1My00OTVhLWEyMzItZTVjNDMzOTVkYWViXkEyXkFqcGc@._V1_QL75_UX380_CR0,0,380,562_.jpg', 'width': 380, 'height': 562}]",https://www.youtube.com/watch?v=Ahi3JNdCD2U,R,1986,,18-07-1986,"['Alien', 'Alien Invasion', 'Cyberpunk', 'Monster Horror', 'Space Sci-Fi', 'Survival', 'Action', 'Adventure', 'Horror', 'Sci-Fi']","['GB', 'US']","['https://www.hotstar.com/id/movies/aliens/1770000953', 'https://play.hbomax.com/extra/urn:hbo:extra:GWi702QDuca6BwgEAAAE8']","['en', 'es']","['Acton Lane Power Station, Acton Lane, Acton, London, England, UK']","[{'id': 'co0000756', 'name': '20th Century Fox'}, {'id': 'co0000756', 'name': '20th Century Fox'}, {'id': 'co0132161', 'name': 'Brandywine Productions'}]",18500000,131060248,"['Action', 'Adventure', 'Horror']",FALSE,137,8.4,844780,84
tt23849204,https://www.imdb.com/title/tt23849204/,12th Fail,12th Fail,movie,The real-life story of IPS Officer Manoj Kumar Sharma and IRS Officer Shraddha Joshi.,https://m.media-amazon.com/images/M/MV5BNTE3OTIxZDYtNjA0NC00N2YxLTg1NGQtOTYxNmZkMDkwOWNjXkEyXkFqcGc@.jpg,"[{'url': 'https://m.media-amazon.com/images/M/MV5BNTE3OTIxZDYtNjA0NC00N2YxLTg1NGQtOTYxNmZkMDkwOWNjXkEyXkFqcGc@._V1_QL75_UX100_CR0,0,100,148_.jpg', 'width': 100, 'height': 148}, {'url': 'https://m.media-amazon.com/images/M/MV5BNTE3OTIxZDYtNjA0NC00N2YxLTg1NGQtOTYxNmZkMDkwOWNjXkEyXkFqcGc@._V1_QL75_UX280_CR0,0,280,414_.jpg', 'width': 280, 'height': 414}, {'url': 'https://m.media-amazon.com/images/M/MV5BNTE3OTIxZDYtNjA0NC00N2YxLTg1NGQtOTYxNmZkMDkwOWNjXkEyXkFqcGc@._V1_QL75_UX380_CR0,0,380,562_.jpg', 'width': 380, 'height': 562}]",https://www.youtube.com/watch?v=WeMJo701mvQ,,2023,,27-10-2023,"['Hindi', 'Docudrama', 'Biography', 'Drama']",['IN'],"['https://www.123movieswiki.org/12th-fail/', 'https://www.hotstar.com/in/movies/12th-fail/1260161273']","['hi', 'en']","['Chambal Valley, Madhya Pradesh, India']","[{'id': 'co0774661', 'name': 'Vinod Chopra Films'}, {'id': 'co0274702', 'name': 'Zee Studios'}]",,138288,"['Biography', 'Drama']",FALSE,147,8.7,175242,
tt0057565,https://www.imdb.com/title/tt0057565/,High and Low,Tengoku to jigoku,movie,An executive of a Yokohama shoe company becomes a victim of extortion when his chauffeur's son is kidnapped by mistake and held for ransom.,https://m.media-amazon.com/images/M/MV5BOTFmOTNjYjUtMDA2MC00ZTJiLThiYzktNDdjNzQwMjNkN2NmXkEyXkFqcGc@.jpg,"[{'url': 'https://m.media-amazon.com/images/M/MV5BOTFmOTNjYjUtMDA2MC00ZTJiLThiYzktNDdjNzQwMjNkN2NmXkEyXkFqcGc@._V1_QL75_UX100_CR0,0,100,148_.jpg', 'width': 100, 'height': 148}, {'url': 'https://m.media-amazon.com/images/M/MV5BOTFmOTNjYjUtMDA2MC00ZTJiLThiYzktNDdjNzQwMjNkN2NmXkEyXkFqcGc@._V1_QL75_UX280_CR0,0,280,414_.jpg', 'width': 280, 'height': 414}, {'url': 'https://m.media-amazon.com/images/M/MV5BOTFmOTNjYjUtMDA2MC00ZTJiLThiYzktNDdjNzQwMjNkN2NmXkEyXkFqcGc@._V1_QL75_UX380_CR0,0,380,562_.jpg', 'width': 380, 'height': 562}]",https://www.youtube.com/watch?v=ELsgPvgDBoY,Not Rated,1963,,26-11-1963,"['Japanese', 'Police Procedural', 'Psychological Thriller', 'Crime', 'Drama', 'Mystery', 'Thriller']",['JP'],[],['ja'],"['Toho Studios, Tokyo, Japan']","[{'id': 'co0002219', 'name': 'Toho'}, {'id': 'co0095216', 'name': 'Kurosawa Production Co.'}]",230000000,72745,"['Crime', 'Drama', 'Mystery']",FALSE,143,8.4,72863,90
tt4154796,https://www.imdb.com/title/tt4154796/,Avengers: Endgame,Avengers: Endgame,movie,"After the devastating events of Avengers: Infinity War (2018), the universe is in ruins. With the help of remaining allies, the Avengers assemble once more in order to reverse Thanos' actions and restore balance to the universe.",https://m.media-amazon.com/images/M/MV5BMTc5MDE2ODcwNV5BMl5BanBnXkFtZTgwMzI2NzQ2NzM@.jpg,"[{'url': 'https://m.media-amazon.com/images/M/MV5BMTc5MDE2ODcwNV5BMl5BanBnXkFtZTgwMzI2NzQ2NzM@._V1_QL75_UX100_CR0,0,100,148_.jpg', 'width': 100, 'height': 148}, {'url': 'https://m.media-amazon.com/images/M/MV5BMTc5MDE2ODcwNV5BMl5BanBnXkFtZTgwMzI2NzQ2NzM@._V1_QL75_UX280_CR0,0,280,414_.jpg', 'width': 280, 'height': 414}, {'url': 'https://m.media-amazon.com/images/M/MV5BMTc5MDE2ODcwNV5BMl5BanBnXkFtZTgwMzI2NzQ2NzM@._V1_QL75_UX380_CR0,0,380,562_.jpg', 'width': 380, 'height': 562}]",https://www.youtube.com/watch?v=hA6hldpSTF8,PG-13,2019,,26-04-2019,"['Marvel', 'Action Epic', 'Adventure Epic', 'Epic', 'Sci-Fi Epic', 'Space Sci-Fi', 'Superhero', 'Time Travel', 'Action', 'Adventure']",['US'],"['https://www.marvel.com/movies/avengers-endgame', 'https://www.facebook.com/avengers']","['en', 'ja', 'xh', 'de']","['Durham Cathedral, The College, Durham, County Durham, England, UK']","[{'id': 'co0051941', 'name': 'Marvel Studios'}]",356000000,2799439100,"['Action', 'Adventure', 'Sci-Fi']",FALSE,181,8.4,1469332,78
tt0119217,https://www.imdb.com/title/tt0119217/,Good Will Hunting,Good Will Hunting,movie,"A therapist counsels Will Hunting, a janitor with a genius IQ.",https://m.media-amazon.com/images/M/MV5BNDdjZGQ5YzEtNTc2My00Mjc0LWFlMTctYzkwMzZlNzdiZWYzXkEyXkFqcGc@.jpg,"[{'url': 'https://m.media-amazon.com/images/M/MV5BNDdjZGQ5YzEtNTc2My00Mjc0LWFlMTctYzkwMzZlNzdiZWYzXkEyXkFqcGc@._V1_QL75_UX100_CR0,0,100,148_.jpg', 'width': 100, 'height': 148}, {'url': 'https://m.media-amazon.com/images/M/MV5BNDdjZGQ5YzEtNTc2My00Mjc0LWFlMTctYzkwMzZlNzdiZWYzXkEyXkFqcGc@._V1_QL75_UX280_CR0,0,280,414_.jpg', 'width': 280, 'height': 414}, {'url': 'https://m.media-amazon.com/images/M/MV5BNDdjZGQ5YzEtNTc2My00Mjc0LWFlMTctYzkwMzZlNzdiZWYzXkEyXkFqcGc@._V1_QL75_UX380_CR0,0,380,562_.jpg', 'width': 380, 'height': 562}]",https://www.youtube.com/watch?v=ReIJ1lbL-Q8,R,1997,,09-01-1998,"['Coming-of-Age', 'Psychological Drama', 'Drama', 'Romance']",['US'],"['http://www.facebook.com/GoodWillHuntingMovie', 'http://www.miramax.com/movie/good-will-hunting']",['en'],"['Massachusetts Turnpike, Massachusetts, USA']","[{'id': 'co0022594', 'name': 'Miramax'}, {'id': 'co0093776', 'name': 'Lawrence Bender Productions'}, {'id': 'co0031032', 'name': 'Be Gentlemen Limited Partnership'}]",10000000,225933435,"['Drama', 'Romance']",FALSE,126,8.4,1232731,71
tt2380307,https://www.imdb.com/title/tt2380307/,Coco,Coco,movie,"Aspiring musician Miguel, confronted with his family's ancestral ban on music, enters the Land of the Dead to find his great-great-grandfather, a legendary singer.",https://m.media-amazon.com/images/M/MV5BMDIyM2E2NTAtMzlhNy00ZGUxLWI1NjgtZDY5MzhiMDc5NGU3XkEyXkFqcGc@.jpg,"[{'url': 'https://m.media-amazon.com/images/M/MV5BMDIyM2E2NTAtMzlhNy00ZGUxLWI1NjgtZDY5MzhiMDc5NGU3XkEyXkFqcGc@._V1_QL75_UX100_CR0,0,100,148_.jpg', 'width': 100, 'height': 148}, {'url': 'https://m.media-amazon.com/images/M/MV5BMDIyM2E2NTAtMzlhNy00ZGUxLWI1NjgtZDY5MzhiMDc5NGU3XkEyXkFqcGc@._V1_QL75_UX280_CR0,0,280,414_.jpg', 'width': 280, 'height': 414}, {'url': 'https://m.media-amazon.com/images/M/MV5BMDIyM2E2NTAtMzlhNy00ZGUxLWI1NjgtZDY5MzhiMDc5NGU3XkEyXkFqcGc@._V1_QL75_UX380_CR0,0,380,562_.jpg', 'width': 380, 'height': 562}]",https://www.youtube.com/watch?v=xlnPHQ3TLX8,PG,2017,,22-11-2017,"['Adventure Epic', 'Computer Animation', 'Dark Comedy', 'Epic', 'Fantasy Epic', 'Psychological Drama', 'Supernatural Fantasy', 'Adventure', 'Animation', 'Drama']","['US', 'MX']","['https://www.facebook.com/PixarCoco', 'https://movies.disney.com/coco']","['en', 'es']","['Pixar Animation Studios - 1200 Park Avenue, Emeryville, California, USA']","[{'id': 'co0008970', 'name': 'Walt Disney Pictures'}, {'id': 'co0017902', 'name': 'Pixar Animation Studios'}, {'id': 'co0679476', 'name': 'Día de Muertos'}]",175000000,822423956,"['Adventure', 'Animation', 'Drama']",FALSE,105,8.4,719956,81
tt1345836,https://www.imdb.com/title/tt1345836/,The Dark Knight Rises,The Dark Knight Rises,movie,"Bane, an imposing terrorist, attacks Gotham City and disrupts its eight-year-long period of peace. This forces Bruce Wayne to come out of hiding and don the cape and cowl of Batman again.",https://m.media-amazon.com/images/M/MV5BMTk4ODQzNDY3Ml5BMl5BanBnXkFtZTcwODA0NTM4Nw@@.jpg,"[{'url': 'https://m.media-amazon.com/images/M/MV5BMTk4ODQzNDY3Ml5BMl5BanBnXkFtZTcwODA0NTM4Nw@@._V1_QL75_UX100_CR0,0,100,148_.jpg', 'width': 100, 'height': 148}, {'url': 'https://m.media-amazon.com/images/M/MV5BMTk4ODQzNDY3Ml5BMl5BanBnXkFtZTcwODA0NTM4Nw@@._V1_QL75_UX280_CR0,0,280,414_.jpg', 'width': 280, 'height': 414}, {'url': 'https://m.media-amazon.com/images/M/MV5BMTk4ODQzNDY3Ml5BMl5BanBnXkFtZTcwODA0NTM4Nw@@._V1_QL75_UX380_CR0,0,380,562_.jpg', 'width': 380, 'height': 562}]",https://www.youtube.com/watch?v=z5Humz3ONgk,PG-13,2012,,20-07-2012,"['DC', 'Action Epic', 'Epic', 'Psychological Drama', 'Superhero', 'Crime', 'Thriller']","['US', 'GB']","['https://www.facebook.com/darkknighttrilogy', 'https://www.warnerbros.com/movies/dark-knight-rises']","['en', 'ar']","['Mehrangarh Fort, Jodhpur, Rajasthan, India']","[{'id': 'co0002663', 'name': 'Warner Bros.'}, {'id': 'co1041831', 'name': 'Legendary Pictures'}, {'id': 'co0123927', 'name': 'DC Entertainment'}]",250000000,1085429532,"['Crime', 'Thriller']",FALSE,164,8.4,2015322,78
tt0114709,https://www.imdb.com/title/tt0114709/,Toy Story,Toy Story,movie,"A cowboy doll is profoundly jealous when a new spaceman action figure supplants him as the top toy in a boy's bedroom. When circumstances separate them from their owner, the duo have to put aside their differences to return to him.",https://m.media-amazon.com/images/M/MV5BZTA3OWVjOWItNjE1NS00NzZiLWE1MjgtZDZhMWI1ZTlkNzYwXkEyXkFqcGc@.jpg,"[{'url': 'https://m.media-amazon.com/images/M/MV5BZTA3OWVjOWItNjE1NS00NzZiLWE1MjgtZDZhMWI1ZTlkNzYwXkEyXkFqcGc@._V1_QL75_UX100_CR0,0,100,148_.jpg', 'width': 100, 'height': 148}, {'url': 'https://m.media-amazon.com/images/M/MV5BZTA3OWVjOWItNjE1NS00NzZiLWE1MjgtZDZhMWI1ZTlkNzYwXkEyXkFqcGc@._V1_QL75_UX280_CR0,0,280,414_.jpg', 'width': 280, 'height': 414}, {'url': 'https://m.media-amazon.com/images/M/MV5BZTA3OWVjOWItNjE1NS00NzZiLWE1MjgtZDZhMWI1ZTlkNzYwXkEyXkFqcGc@._V1_QL75_UX380_CR0,0,380,562_.jpg', 'width': 380, 'height': 562}]",https://www.youtube.com/watch?v=tN1A2mVnrOM,G,1995,,22-11-1995,"['Toy Story', 'Buddy Comedy', 'Computer Animation', 'Quest', 'Urban Adventure', 'Adventure', 'Animation', 'Comedy', 'Family', 'Fantasy']",['US'],"['https://www.facebook.com/PixarToyStory', 'http://toystory.disney.com/toy-story']",['en'],"['Pixar Animation Studios - 1001 W. Cutting Blvd., Richmond, California, USA']","[{'id': 'co0008970', 'name': 'Walt Disney Pictures'}, {'id': 'co0017902', 'name': 'Pixar Animation Studios'}]",30000000,401157969,"['Adventure', 'Animation', 'Comedy']",FALSE,81,8.3,1191245,96
tt0086879,https://www.imdb.com/title/tt0086879/,Amadeus,Amadeus,movie,"In 18th-century Vienna, court composer Antonio Salieri becomes awed and consumed by envy when the gifted, irreverent Wolfgang Amadeus Mozart bursts onto the imperial music scene.",https://m.media-amazon.com/images/M/MV5BMzc2MjM0NTMtOGY4NC00NzY1LWE2ODUtZjMzY2RhNGNkZDAyXkEyXkFqcGc@.jpg,"[{'url': 'https://m.media-amazon.com/images/M/MV5BMzc2MjM0NTMtOGY4NC00NzY1LWE2ODUtZjMzY2RhNGNkZDAyXkEyXkFqcGc@._V1_QL75_UX100_CR0,0,100,148_.jpg', 'width': 100, 'height': 148}, {'url': 'https://m.media-amazon.com/images/M/MV5BMzc2MjM0NTMtOGY4NC00NzY1LWE2ODUtZjMzY2RhNGNkZDAyXkEyXkFqcGc@._V1_QL75_UX280_CR0,0,280,414_.jpg', 'width': 280, 'height': 414}, {'url': 'https://m.media-amazon.com/images/M/MV5BMzc2MjM0NTMtOGY4NC00NzY1LWE2ODUtZjMzY2RhNGNkZDAyXkEyXkFqcGc@._V1_QL75_UX380_CR0,0,380,562_.jpg', 'width': 380, 'height': 562}]",https://www.youtube.com/watch?v=_R4fbdzzXok,PG,1984,,19-09-1984,"['Costume Drama', 'Epic', 'Period Drama', 'Psychological Drama', 'Tragedy', 'Biography', 'Drama', 'Music']","['US', 'FR']",['https://www.facebook.com/AmadeusFilm'],"['en', 'it', 'la', 'de', 'fr']","['Barrandov Studios, Prague, Czech Republic']","[{'id': 'co0061706', 'name': 'The Saul Zaentz Company'}, {'id': 'co0001757', 'name': 'AMLF'}]",18000000,52271162,"['Biography', 'Drama', 'Music']",FALSE,160,8.4,471289,87
tt5311514,https://www.imdb.com/title/tt5311514/,Your Name.,Kimi no na wa.,movie,"Two teenagers, a city boy in Tokyo and a girl in rural Japan, mysteriously begin swapping bodies, forging a connection that sends them searching for one another.",https://m.media-amazon.com/images/M/MV5BMjI1ODZkYTgtYTY3Yy00ZTJkLWFkOTgtZDUyYWM4MzQwNjk0XkEyXkFqcGc@.jpg,"[{'url': 'https://m.media-amazon.com/images/M/MV5BMjI1ODZkYTgtYTY3Yy00ZTJkLWFkOTgtZDUyYWM4MzQwNjk0XkEyXkFqcGc@._V1_QL75_UX100_CR0,0,100,148_.jpg', 'width': 100, 'height': 148}, {'url': 'https://m.media-amazon.com/images/M/MV5BMjI1ODZkYTgtYTY3Yy00ZTJkLWFkOTgtZDUyYWM4MzQwNjk0XkEyXkFqcGc@._V1_QL75_UX280_CR0,0,280,414_.jpg', 'width': 280, 'height': 414}, {'url': 'https://m.media-amazon.com/images/M/MV5BMjI1ODZkYTgtYTY3Yy00ZTJkLWFkOTgtZDUyYWM4MzQwNjk0XkEyXkFqcGc@._V1_QL75_UX380_CR0,0,380,562_.jpg', 'width': 380, 'height': 562}]",https://www.youtube.com/watch?v=xU47nhruN-Q,,2016,,07-04-2017,"['Japanese', 'Anime', 'Hand-Drawn Animation', 'Psychological Drama', 'Shōjo', 'Animation', 'Drama', 'Fantasy', 'Romance']",['JP'],"['https://www.cwfilms.jp/en/products/article/kiminona.html', 'https://www.funimationfilms.com/movie/yourname/']",['ja'],[],"[{'id': 'co0028938', 'name': 'Amuse'}, {'id': 'co0279747', 'name': 'CoMix Wave Films'}, {'id': 'co0169715', 'name': 'East Japan Marketing & Communications Inc.'}]",370000000,405631820,"['Animation', 'Drama', 'Fantasy']",FALSE,106,8.4,400218,81
tt0082096,https://www.imdb.com/title/tt0082096/,Das Boot,Das Boot,movie,"During World War II, a German U-boat crew embarks on a perilous Atlantic patrol, confronting enemy attacks, isolation, and the crushing strain of life underwater.",https://m.media-amazon.com/images/M/MV5BNGU0MWZlMTUtM2Y3Ny00NGNmLWE5NmEtN2YxOWQzMGM3ZWYzXkEyXkFqcGc@.jpg,"[{'url': 'https://m.media-amazon.com/images/M/MV5BNGU0MWZlMTUtM2Y3Ny00NGNmLWE5NmEtN2YxOWQzMGM3ZWYzXkEyXkFqcGc@._V1_QL75_UX100_CR0,0,100,148_.jpg', 'width': 100, 'height': 148}, {'url': 'https://m.media-amazon.com/images/M/MV5BNGU0MWZlMTUtM2Y3Ny00NGNmLWE5NmEtN2YxOWQzMGM3ZWYzXkEyXkFqcGc@._V1_QL75_UX280_CR0,0,280,414_.jpg', 'width': 280, 'height': 414}, {'url': 'https://m.media-amazon.com/images/M/MV5BNGU0MWZlMTUtM2Y3Ny00NGNmLWE5NmEtN2YxOWQzMGM3ZWYzXkEyXkFqcGc@._V1_QL75_UX380_CR0,0,380,562_.jpg', 'width': 380, 'height': 562}]",https://www.youtube.com/watch?v=r37MmBuFoc0,,1981,,10-02-1982,"['German', 'Epic', 'Period Drama', 'Psychological Drama', 'Survival', 'War Epic', 'Drama', 'War']",['XWG'],['https://dasboot.officialwebsite.art/'],"['de', 'en', 'fr']",['North Sea near Heligoland'],"[{'id': 'co0011145', 'name': 'Bavaria Film'}, {'id': 'co0004917', 'name': 'Twin Bros. Productions'}, {'id': 'co0100358', 'name': 'Radiant Film GmbH'}]",32000000,11489279,"['Drama', 'War']",FALSE,149,8.3,289519,85
tt0112573,https://www.imdb.com/title/tt0112573/,Braveheart,Braveheart,movie,Scottish warrior William Wallace leads his countrymen in a rebellion to free his homeland from the tyranny of King Edward I of England.,https://m.media-amazon.com/images/M/MV5BNGMxZDBhNGQtYTZlNi00N2UzLWI4NDEtNmUzNWM2NTdmZDA0XkEyXkFqcGc@.jpg,"[{'url': 'https://m.media-amazon.com/images/M/MV5BNGMxZDBhNGQtYTZlNi00N2UzLWI4NDEtNmUzNWM2NTdmZDA0XkEyXkFqcGc@._V1_QL75_UX100_CR0,0,100,148_.jpg', 'width': 100, 'height': 148}, {'url': 'https://m.media-amazon.com/images/M/MV5BNGMxZDBhNGQtYTZlNi00N2UzLWI4NDEtNmUzNWM2NTdmZDA0XkEyXkFqcGc@._V1_QL75_UX280_CR0,0,280,414_.jpg', 'width': 280, 'height': 414}, {'url': 'https://m.media-amazon.com/images/M/MV5BNGMxZDBhNGQtYTZlNi00N2UzLWI4NDEtNmUzNWM2NTdmZDA0XkEyXkFqcGc@._V1_QL75_UX380_CR0,0,380,562_.jpg', 'width': 380, 'height': 562}]",https://www.youtube.com/watch?v=nMft5QDOHek,R,1995,,24-05-1995,"['Action Epic', 'Costume Drama', 'Epic', 'Period Drama', 'War Epic', 'Drama', 'War']",['US'],"['https://www.facebook.com/braveheartmovie/', 'https://www.paramountpictures.com/movies/braveheart']","['en', 'fr', 'la', 'gd', 'it']","['Fort William, Glen Coe, Highland, Scotland, UK']","[{'id': 'co0000700', 'name': 'Icon Entertainment International'}, {'id': 'co0042559', 'name': 'The Ladd Company'}, {'id': 'co0078539', 'name': 'B.H. Finance C.V.'}]",72000000,213216216,"['Drama', 'War']",FALSE,178,8.3,1168115,68
tt0119698,https://www.imdb.com/title/tt0119698/,Princess Mononoke,Mononoke-hime,movie,"After a deadly curse forces him from home, young warrior Ashitaka journeys west and is drawn into a conflict between ancient forest spirits, an iron town, and a wolf-raised girl.",https://m.media-amazon.com/images/M/MV5BZTcyN2Y0MDYtMGI1NC00MWQ1LWFhZGMtN2U4NTcxZGYyNjljXkEyXkFqcGc@.jpg,"[{'url': 'https://m.media-amazon.com/images/M/MV5BZTcyN2Y0MDYtMGI1NC00MWQ1LWFhZGMtN2U4NTcxZGYyNjljXkEyXkFqcGc@._V1_QL75_UX100_CR0,0,100,148_.jpg', 'width': 100, 'height': 148}, {'url': 'https://m.media-amazon.com/images/M/MV5BZTcyN2Y0MDYtMGI1NC00MWQ1LWFhZGMtN2U4NTcxZGYyNjljXkEyXkFqcGc@._V1_QL75_UX280_CR0,0,280,414_.jpg', 'width': 280, 'height': 414}, {'url': 'https://m.media-amazon.com/images/M/MV5BZTcyN2Y0MDYtMGI1NC00MWQ1LWFhZGMtN2U4NTcxZGYyNjljXkEyXkFqcGc@._V1_QL75_UX380_CR0,0,380,562_.jpg', 'width': 380, 'height': 562}]",https://www.youtube.com/watch?v=4OiMOHRDs14,PG-13,1997,,12-07-1997,"['Japanese', 'Action Epic', 'Adult Animation', 'Adventure Epic', 'Anime', 'Dark Fantasy', 'Epic', 'Fantasy Epic', 'Hand-Drawn Animation', 'Quest']",['JP'],['http://movies.disney.com/princess-mononoke'],['ja'],[],"[{'id': 'co0064941', 'name': 'DENTSU Music And Entertainment'}, {'id': 'co0205112', 'name': 'Nibariki'}, {'id': 'co0003850', 'name': 'Nippon Television Network (NTV)'}]",2400000000,34598531,"['Adventure', 'Animation', 'Fantasy']",FALSE,133,8.3,487968,78
tt1187043,https://www.imdb.com/title/tt1187043/,3 Idiots,3 Idiots,movie,"Two friends search for a brilliant, free-spirited classmate whose unconventional approach to engineering school changed their lives and challenged a rigid education system.",https://m.media-amazon.com/images/M/MV5BNzc4ZWQ3NmYtODE0Ny00YTQ4LTlkZWItNTBkMGQ0MmUwMmJlXkEyXkFqcGc@.jpg,"[{'url': 'https://m.media-amazon.com/images/M/MV5BNzc4ZWQ3NmYtODE0Ny00YTQ4LTlkZWItNTBkMGQ0MmUwMmJlXkEyXkFqcGc@._V1_QL75_UX100_CR0,0,100,148_.jpg', 'width': 100, 'height': 148}, {'url': 'https://m.media-amazon.com/images/M/MV5BNzc4ZWQ3NmYtODE0Ny00YTQ4LTlkZWItNTBkMGQ0MmUwMmJlXkEyXkFqcGc@._V1_QL75_UX280_CR0,0,280,414_.jpg', 'width': 280, 'height': 414}, {'url': 'https://m.media-amazon.com/images/M/MV5BNzc4ZWQ3NmYtODE0Ny00YTQ4LTlkZWItNTBkMGQ0MmUwMmJlXkEyXkFqcGc@._V1_QL75_UX380_CR0,0,380,562_.jpg', 'width': 380, 'height': 562}]",https://www.youtube.com/watch?v=xvszmNXdM4w,PG-13,2009,,25-12-2009,"['Hindi', 'Buddy Comedy', 'Coming-of-Age', 'Parody', 'Quirky Comedy', 'Satire', 'Comedy', 'Drama']",['IN'],['https://www.sonyliv.com/movies/3-idiots-1000007674'],"['hi', 'en']","['IIM Campus, Bangalore, Karnataka, India']","[{'id': 'co0106826', 'name': 'Vinod Chopra Productions'}]",550000000,60262836,"['Comedy', 'Drama']",FALSE,170,8.4,486975,67
tt0364569,https://www.imdb.com/title/tt0364569/,Oldboy,Oldeuboi,movie,"After being kidnapped and imprisoned for fifteen years, Oh Dae-Su is released, only to find that he must track down his captor in five days.",https://m.media-amazon.com/images/M/MV5BMTAwNzNjYWItZmI0Ni00ZTcyLWIwNWMtZjlmNGMxZTEyYTJmXkEyXkFqcGc@.jpg,"[{'url': 'https://m.media-amazon.com/images/M/MV5BMTAwNzNjYWItZmI0Ni00ZTcyLWIwNWMtZjlmNGMxZTEyYTJmXkEyXkFqcGc@._V1_QL75_UX100_CR0,0,100,148_.jpg', 'width': 100, 'height': 148}, {'url': 'https://m.media-amazon.com/images/M/MV5BMTAwNzNjYWItZmI0Ni00ZTcyLWIwNWMtZjlmNGMxZTEyYTJmXkEyXkFqcGc@._V1_QL75_UX280_CR0,0,280,414_.jpg', 'width': 280, 'height': 414}, {'url': 'https://m.media-amazon.com/images/M/MV5BMTAwNzNjYWItZmI0Ni00ZTcyLWIwNWMtZjlmNGMxZTEyYTJmXkEyXkFqcGc@._V1_QL75_UX380_CR0,0,380,562_.jpg', 'width': 380, 'height': 562}]",https://www.youtube.com/watch?v=w4UUGIIZxFU,R,2003,,21-11-2003,"['Korean', 'One-Person Army Action', 'Psychological Drama', 'Psychological Thriller', 'Suspense Mystery', 'Action', 'Drama', 'Mystery', 'Thriller']",['KR'],"['https://tv.apple.com/movie/oldboy/umc.cmc.2q0xcgvjxb6i1c5dpkah6s7po', 'http://oldboy.film.ru/']",['ko'],"['Busan, South Korea']","[{'id': 'co0102054', 'name': 'Show East'}, {'id': 'co0086996', 'name': 'Egg Films'}]",3000000,17617021,"['Action', 'Drama', 'Mystery']",FALSE,120,8.3,727174,78
tt0057012,https://www.imdb.com/title/tt0057012/,Dr. Strangelove or: How I Learned to Stop Worrying and Love the Bomb,Dr. Strangelove or: How I Learned to Stop Worrying and Love the Bomb,movie,"When a rogue U.S. general orders an unauthorized nuclear attack on the Soviet Union, leaders in the War Room race to prevent global catastrophe.",https://m.media-amazon.com/images/M/MV5BMjFjYzBlOTktMTI2OS00ZWVhLTgxMDUtNzAwODY2NmI3YTAzXkEyXkFqcGc@.jpg,"[{'url': 'https://m.media-amazon.com/images/M/MV5BMjFjYzBlOTktMTI2OS00ZWVhLTgxMDUtNzAwODY2NmI3YTAzXkEyXkFqcGc@._V1_QL75_UX100_CR0,0,100,148_.jpg', 'width': 100, 'height': 148}, {'url': 'https://m.media-amazon.com/images/M/MV5BMjFjYzBlOTktMTI2OS00ZWVhLTgxMDUtNzAwODY2NmI3YTAzXkEyXkFqcGc@._V1_QL75_UX280_CR0,0,280,414_.jpg', 'width': 280, 'height': 414}, {'url': 'https://m.media-amazon.com/images/M/MV5BMjFjYzBlOTktMTI2OS00ZWVhLTgxMDUtNzAwODY2NmI3YTAzXkEyXkFqcGc@._V1_QL75_UX380_CR0,0,380,562_.jpg', 'width': 380, 'height': 562}]",https://www.youtube.com/watch?v=98NaJ8ss4sY,PG,1964,,29-01-1964,"['Dark Comedy', 'Farce', 'Parody', 'Political Drama', 'Psychological Drama', 'Quirky Comedy', 'Satire', 'Tragedy', 'Comedy', 'War']","['GB', 'US']",['https://www.sonypictures.com/movies/drstrangeloveorhowilearnedtostopworryingandlovethebomb'],"['en', 'ru']","['Banff National Park, Alberta, Canada']","[{'id': 'co0038089', 'name': 'Stanley Kubrick Productions'}, {'id': 'co0108852', 'name': 'Columbia Pictures Corporation'}]",1800000,9820632,"['Comedy', 'War']",FALSE,95,8.3,552852,97
tt0169547,https://www.imdb.com/title/tt0169547/,American Beauty,American Beauty,movie,A sexually frustrated suburban father has a mid-life crisis after becoming infatuated with his daughter's best friend.,https://m.media-amazon.com/images/M/MV5BMDI1MDE0OTMtMmI2MS00Yjc2LTg2MTItMWExYTg5NzA1OGUzXkEyXkFqcGc@.jpg,"[{'url': 'https://m.media-amazon.com/images/M/MV5BMDI1MDE0OTMtMmI2MS00Yjc2LTg2MTItMWExYTg5NzA1OGUzXkEyXkFqcGc@._V1_QL75_UX100_CR0,0,100,148_.jpg', 'width': 100, 'height': 148}, {'url': 'https://m.media-amazon.com/images/M/MV5BMDI1MDE0OTMtMmI2MS00Yjc2LTg2MTItMWExYTg5NzA1OGUzXkEyXkFqcGc@._V1_QL75_UX280_CR0,0,280,414_.jpg', 'width': 280, 'height': 414}, {'url': 'https://m.media-amazon.com/images/M/MV5BMDI1MDE0OTMtMmI2MS00Yjc2LTg2MTItMWExYTg5NzA1OGUzXkEyXkFqcGc@._V1_QL75_UX380_CR0,0,380,562_.jpg', 'width': 380, 'height': 562}]",https://www.youtube.com/watch?v=3ycmmJ6rxA8,R,1999,,01-10-1999,"['Dark Comedy', 'Psychological Drama', 'Drama']",['US'],['https://www.facebook.com/americanbeautymovie'],['en'],"['Sacramento, California, USA']","[{'id': 'co0819670', 'name': 'DreamWorks Pictures'}, {'id': 'co0021095', 'name': 'Jinks/Cohen Company'}]",15000000,356296601,['Drama'],FALSE,122,8.3,1284509,84
tt8267604,https://www.imdb.com/title/tt8267604/,Capernaum,Capharnaüm,movie,"While serving a five-year sentence for a violent crime, a 12-year-old boy sues his parents for neglect.",https://m.media-amazon.com/images/M/MV5BYzEyMzQ1OTktZTljZi00OWQzLWE2ZmUtZjQyNzBjYjE1NTc0XkEyXkFqcGc@.jpg,"[{'url': 'https://m.media-amazon.com/images/M/MV5BYzEyMzQ1OTktZTljZi00OWQzLWE2ZmUtZjQyNzBjYjE1NTc0XkEyXkFqcGc@._V1_QL75_UX100_CR0,0,100,148_.jpg', 'width': 100, 'height': 148}, {'url': 'https://m.media-amazon.com/images/M/MV5BYzEyMzQ1OTktZTljZi00OWQzLWE2ZmUtZjQyNzBjYjE1NTc0XkEyXkFqcGc@._V1_QL75_UX280_CR0,0,280,414_.jpg', 'width': 280, 'height': 414}, {'url': 'https://m.media-amazon.com/images/M/MV5BYzEyMzQ1OTktZTljZi00OWQzLWE2ZmUtZjQyNzBjYjE1NTc0XkEyXkFqcGc@._V1_QL75_UX380_CR0,0,380,562_.jpg', 'width': 380, 'height': 562}]",https://www.youtube.com/watch?v=ULUo0048xZE,R,2018,,20-09-2018,"['Arabic', 'Coming-of-Age', 'Legal Drama', 'Psychological Drama', 'Drama']","['LB', 'US', 'FR', 'CY', 'QA', 'GB']","['https://tv.apple.com/movie/capernaum/umc.cmc.55s3m8r2p013chcv27tgiy1y2', 'https://www.facebook.com/CapharnaumFilm/']","['ar', 'am']","['Cola, Beirut, Lebanon']","[{'id': 'co0694202', 'name': 'Mooz Films'}, {'id': 'co0739287', 'name': 'Cedrus Invest Bank'}, {'id': 'co0739288', 'name': 'Sunnyland Film'}]",4000000,64417003,['Drama'],FALSE,126,8.4,125920,75
tt0045152,https://www.imdb.com/title/tt0045152/,Singin' in the Rain,Singin' in the Rain,movie,"When Hollywood's silent era gives way to talkies, a dashing screen idol and a gifted newcomer navigate romance, rivalry, and the comic chaos of reinventing the movies.",https://m.media-amazon.com/images/M/MV5BMGQzZDFjZWUtZDU4ZS00ZjM3LTgyYmItYjA3YmIwYzRkZWY3XkEyXkFqcGc@.jpg,"[{'url': 'https://m.media-amazon.com/images/M/MV5BMGQzZDFjZWUtZDU4ZS00ZjM3LTgyYmItYjA3YmIwYzRkZWY3XkEyXkFqcGc@._V1_QL75_UX100_CR0,0,100,148_.jpg', 'width': 100, 'height': 148}, {'url': 'https://m.media-amazon.com/images/M/MV5BMGQzZDFjZWUtZDU4ZS00ZjM3LTgyYmItYjA3YmIwYzRkZWY3XkEyXkFqcGc@._V1_QL75_UX280_CR0,0,280,414_.jpg', 'width': 280, 'height': 414}, {'url': 'https://m.media-amazon.com/images/M/MV5BMGQzZDFjZWUtZDU4ZS00ZjM3LTgyYmItYjA3YmIwYzRkZWY3XkEyXkFqcGc@._V1_QL75_UX380_CR0,0,380,562_.jpg', 'width': 380, 'height': 562}]",https://www.youtube.com/watch?v=D-NJHUasYVA,G,1952,,10-04-1952,"['Classic Musical', 'Feel-Good Romance', 'Jukebox Musical', 'Romantic Comedy', 'Satire', 'Slapstick', 'Comedy', 'Musical', 'Romance']",['US'],[],['en'],"['Metro-Goldwyn-Mayer Studios - 10202 W. Washington Blvd., Culver City, California, USA']","[{'id': 'co0054683', 'name': ""Loew's""}]",2540800,2113091,"['Comedy', 'Musical', 'Romance']",FALSE,103,8.3,284620,99
tt0087843,https://www.imdb.com/title/tt0087843/,Once Upon a Time in America,C'era una volta in America,movie,"A former New York gangster returns after decades in exile, confronting the friendships, dreams, and regrets that shaped his rise from street kid to Prohibition-era mobster.",https://m.media-amazon.com/images/M/MV5BMDQ0ZTg2OGUtZjMyOC00M2M5LThkMmItZmM2MmUzMmIxMWJhXkEyXkFqcGc@.jpg,"[{'url': 'https://m.media-amazon.com/images/M/MV5BMDQ0ZTg2OGUtZjMyOC00M2M5LThkMmItZmM2MmUzMmIxMWJhXkEyXkFqcGc@._V1_QL75_UX100_CR0,0,100,148_.jpg', 'width': 100, 'height': 148}, {'url': 'https://m.media-amazon.com/images/M/MV5BMDQ0ZTg2OGUtZjMyOC00M2M5LThkMmItZmM2MmUzMmIxMWJhXkEyXkFqcGc@._V1_QL75_UX280_CR0,0,280,414_.jpg', 'width': 280, 'height': 414}, {'url': 'https://m.media-amazon.com/images/M/MV5BMDQ0ZTg2OGUtZjMyOC00M2M5LThkMmItZmM2MmUzMmIxMWJhXkEyXkFqcGc@._V1_QL75_UX380_CR0,0,380,562_.jpg', 'width': 380, 'height': 562}]",https://www.youtube.com/watch?v=5vrbUpDihxs,R,1984,,01-06-1984,"['Dark Comedy', 'Epic', 'Gangster', 'Heist', 'Period Drama', 'Crime', 'Drama']","['IT', 'US']","['https://newregency.com/movies/once-upon-a-time-in-america', 'https://www.facebook.com/OnceUponATimeInAmericaFilm/']","['en', 'it', 'fr', 'yi', 'he']","['Cinecittà Studios, Cinecittà, Rome, Lazio, Italy']","[{'id': 'co0042559', 'name': 'The Ladd Company'}, {'id': 'co0002663', 'name': 'Warner Bros.'}, {'id': 'co0035468', 'name': 'Producers Sales Organization (PSO)'}]",30000000,5476424,"['Crime', 'Drama']",FALSE,229,8.3,410505,75
tt7286456,https://www.imdb.com/title/tt7286456/,Joker,Joker,movie,"Arthur Fleck, a party clown and a failed stand-up comedian, leads an impoverished life with his ailing mother. However, when society shuns him and brands him as a freak, he decides to embrace the life of chaos in Gotham City.",https://m.media-amazon.com/images/M/MV5BNzY3OWQ5NDktNWQ2OC00ZjdlLThkMmItMDhhNDk3NTFiZGU4XkEyXkFqcGc@.jpg,"[{'url': 'https://m.media-amazon.com/images/M/MV5BNzY3OWQ5NDktNWQ2OC00ZjdlLThkMmItMDhhNDk3NTFiZGU4XkEyXkFqcGc@._V1_QL75_UX100_CR0,0,100,148_.jpg', 'width': 100, 'height': 148}, {'url': 'https://m.media-amazon.com/images/M/MV5BNzY3OWQ5NDktNWQ2OC00ZjdlLThkMmItMDhhNDk3NTFiZGU4XkEyXkFqcGc@._V1_QL75_UX280_CR0,0,280,414_.jpg', 'width': 280, 'height': 414}, {'url': 'https://m.media-amazon.com/images/M/MV5BNzY3OWQ5NDktNWQ2OC00ZjdlLThkMmItMDhhNDk3NTFiZGU4XkEyXkFqcGc@._V1_QL75_UX380_CR0,0,380,562_.jpg', 'width': 380, 'height': 562}]",https://www.youtube.com/watch?v=t433PEQGErc,R,2019,,04-10-2019,"['DC', 'Period Drama', 'Psychological Drama', 'Tragedy', 'Drama']","['US', 'CA', 'AU']","['https://www.facebook.com/jokermovie/', 'https://www.instagram.com/jokermovie/']","['en', 'de']","['Joker Stairs - 1165 Shakespeare Avenue, The Bronx, New York City, New York, USA']","[{'id': 'co0002663', 'name': 'Warner Bros.'}, {'id': 'co0108864', 'name': 'Village Roadshow Pictures'}, {'id': 'co0309252', 'name': 'BRON Studios'}]",55000000,1078958629,['Drama'],FALSE,122,8.3,1713349,59
tt0435761,https://www.imdb.com/title/tt0435761/,Toy Story 3,Toy Story 3,movie,"As Andy prepares to leave for college, Woody, Buzz and the gang face an uncertain future when a mix-up sends them to a daycare center full of new toys.",https://m.media-amazon.com/images/M/MV5BMTgxOTY4Mjc0MF5BMl5BanBnXkFtZTcwNTA4MDQyMw@@.jpg,"[{'url': 'https://m.media-amazon.com/images/M/MV5BMTgxOTY4Mjc0MF5BMl5BanBnXkFtZTcwNTA4MDQyMw@@._V1_QL75_UX100_CR0,0,100,148_.jpg', 'width': 100, 'height': 148}, {'url': 'https://m.media-amazon.com/images/M/MV5BMTgxOTY4Mjc0MF5BMl5BanBnXkFtZTcwNTA4MDQyMw@@._V1_QL75_UX280_CR0,0,280,414_.jpg', 'width': 280, 'height': 414}, {'url': 'https://m.media-amazon.com/images/M/MV5BMTgxOTY4Mjc0MF5BMl5BanBnXkFtZTcwNTA4MDQyMw@@._V1_QL75_UX380_CR0,0,380,562_.jpg', 'width': 380, 'height': 562}]",https://www.youtube.com/watch?v=2BlMNH1QTeE,G,2010,,18-06-2010,"['Toy Story', 'Computer Animation', 'Urban Adventure', 'Adventure', 'Animation', 'Comedy', 'Family', 'Fantasy']",['US'],"['https://www.facebook.com/PixarToyStory', 'http://toystory.disney.com/toy-story-3']","['en', 'es']","['Pixar Animation Studios - 1200 Park Avenue, Emeryville, California, USA']","[{'id': 'co0008970', 'name': 'Walt Disney Pictures'}, {'id': 'co0017902', 'name': 'Pixar Animation Studios'}]",200000000,1067316101,"['Adventure', 'Animation', 'Comedy']",FALSE,103,8.3,984316,92
tt0086190,https://www.imdb.com/title/tt0086190/,Star Wars: Episode VI - Return of the Jedi,Star Wars: Episode VI - Return of the Jedi,movie,"After rescuing Han Solo from Jabba the Hutt, the Rebel Alliance attempts to destroy the second Death Star while Luke struggles to help Darth Vader back from the dark side.",https://m.media-amazon.com/images/M/MV5BNWEwOTI0MmUtMGNmNy00ODViLTlkZDQtZTg1YmQ3MDgyNTUzXkEyXkFqcGc@.jpg,"[{'url': 'https://m.media-amazon.com/images/M/MV5BNWEwOTI0MmUtMGNmNy00ODViLTlkZDQtZTg1YmQ3MDgyNTUzXkEyXkFqcGc@._V1_QL75_UX100_CR0,0,100,148_.jpg', 'width': 100, 'height': 148}, {'url': 'https://m.media-amazon.com/images/M/MV5BNWEwOTI0MmUtMGNmNy00ODViLTlkZDQtZTg1YmQ3MDgyNTUzXkEyXkFqcGc@._V1_QL75_UX280_CR0,0,280,414_.jpg', 'width': 280, 'height': 414}, {'url': 'https://m.media-amazon.com/images/M/MV5BNWEwOTI0MmUtMGNmNy00ODViLTlkZDQtZTg1YmQ3MDgyNTUzXkEyXkFqcGc@._V1_QL75_UX380_CR0,0,380,562_.jpg', 'width': 380, 'height': 562}]",https://www.youtube.com/watch?v=XgB4gaY2dWE,PG,1983,,25-05-1983,"['Star Wars', 'Action Epic', 'Adventure Epic', 'Fantasy Epic', 'Sci-Fi Epic', 'Space Sci-Fi', 'Sword & Sorcery', 'Action', 'Adventure', 'Fantasy']",['US'],"['https://www.lucasfilm.com/productions/episode-vi/', 'https://www.starwars.com/films/star-wars-episode-vi-return-of-the-jedi']","['en', 'ki', 'tl', 'qu', 'pl']","['Miller-Rellim Redwood Company Property - Morrison Creek Road, Smith River, California, USA']","[{'id': 'co0071326', 'name': 'Lucasfilm'}]",32500000,482466382,"['Action', 'Adventure', 'Fantasy']",FALSE,131,8.3,1218630,58
tt0091251,https://www.imdb.com/title/tt0091251/,Come and See,Idi i smotri,movie,"After finding a rifle, a Belarusian teenager joins Soviet partisans in World War II and is swept into the harrowing realities of Nazi occupation.",https://m.media-amazon.com/images/M/MV5BNDlkZmVkZDAtZGFmMS00OWIzLWJkY2YtNWE5NjNhNjhiZGE3XkEyXkFqcGc@.jpg,"[{'url': 'https://m.media-amazon.com/images/M/MV5BNDlkZmVkZDAtZGFmMS00OWIzLWJkY2YtNWE5NjNhNjhiZGE3XkEyXkFqcGc@._V1_QL75_UX100_CR0,0,100,148_.jpg', 'width': 100, 'height': 148}, {'url': 'https://m.media-amazon.com/images/M/MV5BNDlkZmVkZDAtZGFmMS00OWIzLWJkY2YtNWE5NjNhNjhiZGE3XkEyXkFqcGc@._V1_QL75_UX280_CR0,0,280,414_.jpg', 'width': 280, 'height': 414}, {'url': 'https://m.media-amazon.com/images/M/MV5BNDlkZmVkZDAtZGFmMS00OWIzLWJkY2YtNWE5NjNhNjhiZGE3XkEyXkFqcGc@._V1_QL75_UX380_CR0,0,380,562_.jpg', 'width': 380, 'height': 562}]",https://www.youtube.com/watch?v=UHaSQU-4wss,Not Rated,1985,,03-09-1985,"['Russian', 'Epic', 'Period Drama', 'Psychological Drama', 'Psychological Thriller', 'Survival', 'Tragedy', 'War Epic', 'Drama', 'Thriller']",['SUHH'],['https://okko.tv/movie/idi-i-smotri'],"['ru', 'be', 'de']",['Soviet Union'],"[{'id': 'co0114140', 'name': 'Belarusfilm'}, {'id': 'co0917448', 'name': 'Mosfilm'}]",,20929648,"['Drama', 'Thriller', 'War']",FALSE,142,8.3,125248,
tt0180093,https://www.imdb.com/title/tt0180093/,Requiem for a Dream,Requiem for a Dream,movie,"Four Coney Island dreamers chase love, fame, and escape, but addiction and obsession begin to distort their hopes for a better life.",https://m.media-amazon.com/images/M/MV5BN2ZlMjIzZjctYzA2My00ZWYyLWI4ZjctMGI2NWYyNzFiZjAwXkEyXkFqcGc@.jpg,"[{'url': 'https://m.media-amazon.com/images/M/MV5BN2ZlMjIzZjctYzA2My00ZWYyLWI4ZjctMGI2NWYyNzFiZjAwXkEyXkFqcGc@._V1_QL75_UX100_CR0,0,100,148_.jpg', 'width': 100, 'height': 148}, {'url': 'https://m.media-amazon.com/images/M/MV5BN2ZlMjIzZjctYzA2My00ZWYyLWI4ZjctMGI2NWYyNzFiZjAwXkEyXkFqcGc@._V1_QL75_UX280_CR0,0,280,414_.jpg', 'width': 280, 'height': 414}, {'url': 'https://m.media-amazon.com/images/M/MV5BN2ZlMjIzZjctYzA2My00ZWYyLWI4ZjctMGI2NWYyNzFiZjAwXkEyXkFqcGc@._V1_QL75_UX380_CR0,0,380,562_.jpg', 'width': 380, 'height': 562}]",https://www.youtube.com/watch?v=20YzUO_RLS0,NC-17,2000,,15-12-2000,"['Epic', 'Psychological Drama', 'Tragedy', 'Drama']",['US'],[],['en'],"['Coney Island, Brooklyn, New York City, New York, USA']","[{'id': 'co0014903', 'name': 'Artisan Entertainment'}, {'id': 'co0042682', 'name': 'Thousand Words'}, {'id': 'co0067219', 'name': 'Sibling Productions'}]",4500000,7391471,['Drama'],FALSE,102,8.3,980635,71
tt0044741,https://www.imdb.com/title/tt0044741/,Ikiru,Ikiru,movie,"An aging Tokyo bureaucrat, shaken by a grave diagnosis, breaks from his hollow routine and searches for meaning, connection, and one worthwhile act.",https://m.media-amazon.com/images/M/MV5BMmZiNzExNmUtODU5YS00MDE1LWI0YTItMzVmNjM1ZTQ5NGVhXkEyXkFqcGc@.jpg,"[{'url': 'https://m.media-amazon.com/images/M/MV5BMmZiNzExNmUtODU5YS00MDE1LWI0YTItMzVmNjM1ZTQ5NGVhXkEyXkFqcGc@._V1_QL75_UX100_CR0,0,100,148_.jpg', 'width': 100, 'height': 148}, {'url': 'https://m.media-amazon.com/images/M/MV5BMmZiNzExNmUtODU5YS00MDE1LWI0YTItMzVmNjM1ZTQ5NGVhXkEyXkFqcGc@._V1_QL75_UX280_CR0,0,280,414_.jpg', 'width': 280, 'height': 414}, {'url': 'https://m.media-amazon.com/images/M/MV5BMmZiNzExNmUtODU5YS00MDE1LWI0YTItMzVmNjM1ZTQ5NGVhXkEyXkFqcGc@._V1_QL75_UX380_CR0,0,380,562_.jpg', 'width': 380, 'height': 562}]",https://www.youtube.com/watch?v=geKhyNerWM8,Not Rated,1952,,25-03-1956,"['Japanese', 'Psychological Drama', 'Tragedy', 'Drama']",['JP'],[],"['ja', 'la', 'en', 'fr']","['Tokyo, Japan']","[{'id': 'co0002219', 'name': 'Toho'}]",,112105,['Drama'],FALSE,143,8.3,103315,92
tt1255953,https://www.imdb.com/title/tt1255953/,Incendies,Incendies,movie,Twins journey to the Middle East to discover their family history and fulfill their mother's last wishes.,https://m.media-amazon.com/images/M/MV5BYWFmMjdmNjctNzhhOC00ZmMzLTkwOGItMmVmZDU4MjE2MTYwXkEyXkFqcGc@.jpg,"[{'url': 'https://m.media-amazon.com/images/M/MV5BYWFmMjdmNjctNzhhOC00ZmMzLTkwOGItMmVmZDU4MjE2MTYwXkEyXkFqcGc@._V1_QL75_UX100_CR0,0,100,148_.jpg', 'width': 100, 'height': 148}, {'url': 'https://m.media-amazon.com/images/M/MV5BYWFmMjdmNjctNzhhOC00ZmMzLTkwOGItMmVmZDU4MjE2MTYwXkEyXkFqcGc@._V1_QL75_UX280_CR0,0,280,414_.jpg', 'width': 280, 'height': 414}, {'url': 'https://m.media-amazon.com/images/M/MV5BYWFmMjdmNjctNzhhOC00ZmMzLTkwOGItMmVmZDU4MjE2MTYwXkEyXkFqcGc@._V1_QL75_UX380_CR0,0,380,562_.jpg', 'width': 380, 'height': 562}]",https://www.youtube.com/watch?v=XJ69WnwvZhE,R,2010,,22-04-2011,"['French', 'Psychological Drama', 'Suspense Mystery', 'Drama', 'Mystery', 'War']","['CA', 'FR']","['https://tv.apple.com/movie/incendies/umc.cmc.50m1hz4sdb9os24oj0moqglut', 'http://www.facebook.com/IncendiesMovie']","['fr', 'ar', 'en']","['Amman, Jordan']","[{'id': 'co0089507', 'name': 'micro_scope'}, {'id': 'co0011118', 'name': 'TS Productions'}, {'id': 'co0246496', 'name': 'Phi Group'}]",6800000,6788782,"['Drama', 'Mystery', 'War']",FALSE,131,8.3,256228,80
tt2106476,https://www.imdb.com/title/tt2106476/,The Hunt,Jagten,movie,"A teacher lives a lonely life, all the while struggling over his son's custody. His life slowly gets better as he finds love and receives good news from his son, but his new luck is about to be brutally shattered by an innocent little lie.",https://m.media-amazon.com/images/M/MV5BMTg2NDg3ODg4NF5BMl5BanBnXkFtZTcwNzk3NTc3Nw@@.jpg,"[{'url': 'https://m.media-amazon.com/images/M/MV5BMTg2NDg3ODg4NF5BMl5BanBnXkFtZTcwNzk3NTc3Nw@@._V1_QL75_UX100_CR0,0,100,148_.jpg', 'width': 100, 'height': 148}, {'url': 'https://m.media-amazon.com/images/M/MV5BMTg2NDg3ODg4NF5BMl5BanBnXkFtZTcwNzk3NTc3Nw@@._V1_QL75_UX280_CR0,0,280,414_.jpg', 'width': 280, 'height': 414}, {'url': 'https://m.media-amazon.com/images/M/MV5BMTg2NDg3ODg4NF5BMl5BanBnXkFtZTcwNzk3NTc3Nw@@._V1_QL75_UX380_CR0,0,380,562_.jpg', 'width': 380, 'height': 562}]",https://www.youtube.com/watch?v=0KwzEQPMppI,R,2012,,14-11-2012,"['Danish', 'Psychological Drama', 'Tragedy', 'Drama']","['DK', 'SE', 'BE', 'FR']","['http://www.magpictures.com/thehunt/', 'http://www.facebook.com/TheHuntFilm']","['da', 'en', 'pl']","['Høje Taastrup Kirke, Taastrup, Denmark']","[{'id': 'co0136662', 'name': 'Zentropa Entertainments'}, {'id': 'co0001935', 'name': 'Film i Väst'}, {'id': 'co0338571', 'name': 'Zentropa International Sweden'}]",20000000,15886373,['Drama'],FALSE,115,8.3,414922,77
tt0338013,https://www.imdb.com/title/tt0338013/,Eternal Sunshine of the Spotless Mind,Eternal Sunshine of the Spotless Mind,movie,"When their relationship turns sour, a couple undergoes a medical procedure to have each other erased from their memories forever.",https://m.media-amazon.com/images/M/MV5BMTY4NzcwODg3Nl5BMl5BanBnXkFtZTcwNTEwOTMyMw@@.jpg,"[{'url': 'https://m.media-amazon.com/images/M/MV5BMTY4NzcwODg3Nl5BMl5BanBnXkFtZTcwNTEwOTMyMw@@._V1_QL75_UX100_CR0,0,100,148_.jpg', 'width': 100, 'height': 148}, {'url': 'https://m.media-amazon.com/images/M/MV5BMTY4NzcwODg3Nl5BMl5BanBnXkFtZTcwNTEwOTMyMw@@._V1_QL75_UX280_CR0,0,280,414_.jpg', 'width': 280, 'height': 414}, {'url': 'https://m.media-amazon.com/images/M/MV5BMTY4NzcwODg3Nl5BMl5BanBnXkFtZTcwNTEwOTMyMw@@._V1_QL75_UX380_CR0,0,380,562_.jpg', 'width': 380, 'height': 562}]",https://www.youtube.com/watch?v=yE-f1alkq9I,R,2004,,19-03-2004,"['Dark Romance', 'Epic', 'Psychological Drama', 'Romantic Epic', 'Sci-Fi Epic', 'Drama', 'Romance', 'Sci-Fi']",['US'],"['https://www.facebook.com/EternalSunshineMovie', 'https://www.uphe.com/movies/eternal-sunshine-of-the-spotless-mind']",['en'],"['Montauk, New York, USA']","[{'id': 'co0042399', 'name': 'Focus Features'}, {'id': 'co0017525', 'name': 'Anonymous Content'}, {'id': 'co0017713', 'name': 'This Is That Productions'}]",20000000,72944255,"['Drama', 'Romance', 'Sci-Fi']",FALSE,108,8.3,1190603,89
tt0053604,https://www.imdb.com/title/tt0053604/,The Apartment,The Apartment,movie,"A Manhattan insurance clerk tries to rise in his company by letting its executives use his apartment for trysts, but office politics and his own romantic hopes complicate matters.",https://m.media-amazon.com/images/M/MV5BNDdhMzVhOWQtNDU2Mi00ZmZmLWJiZDMtY2QxMjhjY2Y1ZTI5XkEyXkFqcGc@.jpg,"[{'url': 'https://m.media-amazon.com/images/M/MV5BNDdhMzVhOWQtNDU2Mi00ZmZmLWJiZDMtY2QxMjhjY2Y1ZTI5XkEyXkFqcGc@._V1_QL75_UX100_CR0,0,100,148_.jpg', 'width': 100, 'height': 148}, {'url': 'https://m.media-amazon.com/images/M/MV5BNDdhMzVhOWQtNDU2Mi00ZmZmLWJiZDMtY2QxMjhjY2Y1ZTI5XkEyXkFqcGc@._V1_QL75_UX280_CR0,0,280,414_.jpg', 'width': 280, 'height': 414}, {'url': 'https://m.media-amazon.com/images/M/MV5BNDdhMzVhOWQtNDU2Mi00ZmZmLWJiZDMtY2QxMjhjY2Y1ZTI5XkEyXkFqcGc@._V1_QL75_UX380_CR0,0,380,562_.jpg', 'width': 380, 'height': 562}]",https://www.youtube.com/watch?v=OcslkrBMLGc,Approved,1960,,29-06-1960,"['Dark Comedy', 'Farce', 'Feel-Good Romance', 'Holiday Comedy', 'Holiday Romance', 'Psychological Drama', 'Quirky Comedy', 'Romantic Comedy', 'Satire', 'Workplace Drama']",['US'],[],['en'],"['Majestic Theater, 247 West 44th Street, Manhattan, New York City, New York, USA']","[{'id': 'co0011112', 'name': 'The Mirisch Corporation'}]",3000000,18783770,"['Comedy', 'Drama', 'Romance']",FALSE,125,8.3,221986,94
tt0056172,https://www.imdb.com/title/tt0056172/,Lawrence of Arabia,Lawrence of Arabia,movie,"The story of T.E. Lawrence, the English officer who successfully united and led the diverse, often warring, Arab tribes during World War I in order to fight the Turks.",https://m.media-amazon.com/images/M/MV5BYjY0YTQ1OTAtYjEyNy00NTQ4LThlMTQtM2QwYTVhYWFhNjU5XkEyXkFqcGc@.jpg,"[{'url': 'https://m.media-amazon.com/images/M/MV5BYjY0YTQ1OTAtYjEyNy00NTQ4LThlMTQtM2QwYTVhYWFhNjU5XkEyXkFqcGc@._V1_QL75_UX100_CR0,0,100,148_.jpg', 'width': 100, 'height': 148}, {'url': 'https://m.media-amazon.com/images/M/MV5BYjY0YTQ1OTAtYjEyNy00NTQ4LThlMTQtM2QwYTVhYWFhNjU5XkEyXkFqcGc@._V1_QL75_UX280_CR0,0,280,414_.jpg', 'width': 280, 'height': 414}, {'url': 'https://m.media-amazon.com/images/M/MV5BYjY0YTQ1OTAtYjEyNy00NTQ4LThlMTQtM2QwYTVhYWFhNjU5XkEyXkFqcGc@._V1_QL75_UX380_CR0,0,380,562_.jpg', 'width': 380, 'height': 562}]",https://www.youtube.com/watch?v=_AznzZAlwVA,Approved,1962,,16-12-1962,"['Adventure Epic', 'Desert Adventure', 'Epic', 'Tragedy', 'War Epic', 'Adventure', 'Biography', 'Drama', 'War']","['GB', 'US']",['https://www.facebook.com/LawrenceofArabia'],"['en', 'ar', 'tr']","['Wadi Rum, Jordan']","[{'id': 'co0103190', 'name': 'Horizon Pictures (II)'}]",15000000,46341756,"['Adventure', 'Biography', 'Drama']",FALSE,227,8.3,344195,100
tt0113277,https://www.imdb.com/title/tt0113277/,Heat,Heat,movie,A group of high-end professional thieves start to feel the heat from the LAPD when they unknowingly leave a verbal clue at their latest heist.,https://m.media-amazon.com/images/M/MV5BMTkxYjU1OTMtYWViZC00ZjAzLWI3MDktZGQ2N2VmMjVjNDRlXkEyXkFqcGc@.jpg,"[{'url': 'https://m.media-amazon.com/images/M/MV5BMTkxYjU1OTMtYWViZC00ZjAzLWI3MDktZGQ2N2VmMjVjNDRlXkEyXkFqcGc@._V1_QL75_UX100_CR0,0,100,148_.jpg', 'width': 100, 'height': 148}, {'url': 'https://m.media-amazon.com/images/M/MV5BMTkxYjU1OTMtYWViZC00ZjAzLWI3MDktZGQ2N2VmMjVjNDRlXkEyXkFqcGc@._V1_QL75_UX280_CR0,0,280,414_.jpg', 'width': 280, 'height': 414}, {'url': 'https://m.media-amazon.com/images/M/MV5BMTkxYjU1OTMtYWViZC00ZjAzLWI3MDktZGQ2N2VmMjVjNDRlXkEyXkFqcGc@._V1_QL75_UX380_CR0,0,380,562_.jpg', 'width': 380, 'height': 562}]",https://www.youtube.com/watch?v=14oNcFxiVaQ,R,1995,,15-12-1995,"['Action Epic', 'Cop Drama', 'Epic', 'Gangster', 'Heist', 'Police Procedural', 'Psychological Drama', 'Action', 'Crime', 'Drama']",['US'],"['https://www.20thcenturystudios.com/movies/heat', 'https://www.facebook.com/HeatMovie/']","['en', 'es']","['1219 Dodds Circle, East Los Angeles, California, USA']","[{'id': 'co0002663', 'name': 'Warner Bros.'}, {'id': 'co0007127', 'name': 'New Regency Productions'}, {'id': 'co0035930', 'name': 'Forward Pass'}]",60000000,187436818,"['Action', 'Crime', 'Drama']",FALSE,170,8.3,813355,76
tt0086250,https://www.imdb.com/title/tt0086250/,Scarface,Scarface,movie,"In the 1980s, a determined criminal-minded Cuban immigrant becomes the biggest drug smuggler in Miami, and is eventually undone by his own drug addiction.",https://m.media-amazon.com/images/M/MV5BNDUzYjY0NmUtMDM4OS00Y2Q5LWJiODYtNTk0ZTk0YjZhMTg1XkEyXkFqcGc@.jpg,"[{'url': 'https://m.media-amazon.com/images/M/MV5BNDUzYjY0NmUtMDM4OS00Y2Q5LWJiODYtNTk0ZTk0YjZhMTg1XkEyXkFqcGc@._V1_QL75_UX100_CR0,0,100,148_.jpg', 'width': 100, 'height': 148}, {'url': 'https://m.media-amazon.com/images/M/MV5BNDUzYjY0NmUtMDM4OS00Y2Q5LWJiODYtNTk0ZTk0YjZhMTg1XkEyXkFqcGc@._V1_QL75_UX280_CR0,0,280,414_.jpg', 'width': 280, 'height': 414}, {'url': 'https://m.media-amazon.com/images/M/MV5BNDUzYjY0NmUtMDM4OS00Y2Q5LWJiODYtNTk0ZTk0YjZhMTg1XkEyXkFqcGc@._V1_QL75_UX380_CR0,0,380,562_.jpg', 'width': 380, 'height': 562}]",https://www.youtube.com/watch?v=QyM1mQHz_2U,R,1983,,09-12-1983,"['Drug Crime', 'Epic', 'Gangster', 'Crime', 'Drama']",['US'],['https://www.uphe.com/movies/scarface-1983'],"['en', 'es']","['485 West Matheson Drive, Key Biscayne, Florida, USA']","[{'id': 'co0005073', 'name': 'Universal Pictures'}, {'id': 'co0056556', 'name': 'Martin Bregman Productions'}]",50000000,66443303,"['Crime', 'Drama']",FALSE,170,8.3,1027530,65
tt0105236,https://www.imdb.com/title/tt0105236/,Reservoir Dogs,Reservoir Dogs,movie,"When a simple jewelry heist goes horribly wrong, the surviving criminals begin to suspect that one of them is a police informant.",https://m.media-amazon.com/images/M/MV5BMmMzYjg4NDctYWY0Mi00OGViLWIzMTMtYWNlZGY5ZDJmYjk3XkEyXkFqcGc@.jpg,"[{'url': 'https://m.media-amazon.com/images/M/MV5BMmMzYjg4NDctYWY0Mi00OGViLWIzMTMtYWNlZGY5ZDJmYjk3XkEyXkFqcGc@._V1_QL75_UX100_CR0,0,100,148_.jpg', 'width': 100, 'height': 148}, {'url': 'https://m.media-amazon.com/images/M/MV5BMmMzYjg4NDctYWY0Mi00OGViLWIzMTMtYWNlZGY5ZDJmYjk3XkEyXkFqcGc@._V1_QL75_UX280_CR0,0,280,414_.jpg', 'width': 280, 'height': 414}, {'url': 'https://m.media-amazon.com/images/M/MV5BMmMzYjg4NDctYWY0Mi00OGViLWIzMTMtYWNlZGY5ZDJmYjk3XkEyXkFqcGc@._V1_QL75_UX380_CR0,0,380,562_.jpg', 'width': 380, 'height': 562}]",https://www.youtube.com/watch?v=2KLZ4fSXtgI,R,1992,,02-09-1992,"['Dark Comedy', 'Gangster', 'Heist', 'Psychological Thriller', 'Crime', 'Thriller']",['US'],['http://www.facebook.com/ReservoirDogsMovie'],['en'],"['5860 North Figueroa Street, Highland Park, Los Angeles, California, USA']","[{'id': 'co0049954', 'name': 'Live Entertainment'}, {'id': 'co0112857', 'name': 'Dog Eat Dog Productions Inc.'}, {'id': 'co0019267', 'name': 'A Band Apart'}]",1200000,2942225,"['Crime', 'Thriller']",FALSE,99,8.2,1177043,81
tt0062622,https://www.imdb.com/title/tt0062622/,2001: A Space Odyssey,2001: A Space Odyssey,movie,"When a mysterious artifact is uncovered on the Moon, a spacecraft manned by two scientists and one supercomputer is dispatched to Jupiter to find its origins.",https://m.media-amazon.com/images/M/MV5BNjU0NDFkMTQtZWY5OS00MmZhLTg3Y2QtZmJhMzMzMWYyYjc2XkEyXkFqcGc@.jpg,"[{'url': 'https://m.media-amazon.com/images/M/MV5BNjU0NDFkMTQtZWY5OS00MmZhLTg3Y2QtZmJhMzMzMWYyYjc2XkEyXkFqcGc@._V1_QL75_UX100_CR0,0,100,148_.jpg', 'width': 100, 'height': 148}, {'url': 'https://m.media-amazon.com/images/M/MV5BNjU0NDFkMTQtZWY5OS00MmZhLTg3Y2QtZmJhMzMzMWYyYjc2XkEyXkFqcGc@._V1_QL75_UX280_CR0,0,280,414_.jpg', 'width': 280, 'height': 414}, {'url': 'https://m.media-amazon.com/images/M/MV5BNjU0NDFkMTQtZWY5OS00MmZhLTg3Y2QtZmJhMzMzMWYyYjc2XkEyXkFqcGc@._V1_QL75_UX380_CR0,0,380,562_.jpg', 'width': 380, 'height': 562}]",https://www.youtube.com/watch?v=F-CmZP-imSI,G,1968,,12-05-1968,"['Adventure Epic', 'Artificial Intelligence', 'Epic', 'Psychological Drama', 'Sci-Fi Epic', 'Space Sci-Fi', 'Adventure', 'Sci-Fi']","['GB', 'US']",['https://www.facebook.com/2001ASpaceOdysseyFilm/'],"['en', 'ru', 'fr']","['Isle of Harris, Western Isles, Scotland, UK']","[{'id': 'co0007143', 'name': 'Metro-Goldwyn-Mayer (MGM)'}, {'id': 'co0038089', 'name': 'Stanley Kubrick Productions'}]",12000000,70035962,"['Adventure', 'Sci-Fi']",FALSE,149,8.3,788945,84
tt1049413,https://www.imdb.com/title/tt1049413/,Up,Up,movie,A grumpy old man turns his house into an airship using balloons and flies off to South America with a young stowaway.,https://m.media-amazon.com/images/M/MV5BNmI1ZTc5MWMtMDYyOS00ZDc2LTkzOTAtNjQ4NWIxNjYyNDgzXkEyXkFqcGc@.jpg,"[{'url': 'https://m.media-amazon.com/images/M/MV5BNmI1ZTc5MWMtMDYyOS00ZDc2LTkzOTAtNjQ4NWIxNjYyNDgzXkEyXkFqcGc@._V1_QL75_UX100_CR0,0,100,148_.jpg', 'width': 100, 'height': 148}, {'url': 'https://m.media-amazon.com/images/M/MV5BNmI1ZTc5MWMtMDYyOS00ZDc2LTkzOTAtNjQ4NWIxNjYyNDgzXkEyXkFqcGc@._V1_QL75_UX280_CR0,0,280,414_.jpg', 'width': 280, 'height': 414}, {'url': 'https://m.media-amazon.com/images/M/MV5BNmI1ZTc5MWMtMDYyOS00ZDc2LTkzOTAtNjQ4NWIxNjYyNDgzXkEyXkFqcGc@._V1_QL75_UX380_CR0,0,380,562_.jpg', 'width': 380, 'height': 562}]",https://www.youtube.com/watch?v=ORFWdXl_zJ4,PG,2009,,29-05-2009,"['Adventure Epic', 'Buddy Comedy', 'Coming-of-Age', 'Computer Animation', 'Epic', 'Globetrotting Adventure', 'High-Concept Comedy', 'Psychological Drama', 'Quest', 'Adventure']",['US'],"['https://www.facebook.com/PixarUp', 'http://movies.disney.com/up']",['en'],"['Pixar Animation Studios - 1200 Park Avenue, Emeryville, California, USA']","[{'id': 'co0008970', 'name': 'Walt Disney Pictures'}, {'id': 'co0017902', 'name': 'Pixar Animation Studios'}]",175000000,735103954,"['Adventure', 'Animation', 'Comedy']",FALSE,96,8.3,1248713,88
tt33175825,https://www.imdb.com/title/tt33175825/,Attack on Titan: The Last Attack,Shingeki no Kyojin: The Last Attack,movie,"The fate of the world hangs in the balance as Eren unleashes the ultimate power of the Titans. With a burning determination to eliminate all who threaten Eldia, he leads an unstoppable army of Colossal Titans towards Marley.",https://m.media-amazon.com/images/M/MV5BNzVjOWEwYjEtNDJhOC00YjUyLThjMWItMDQwZGY1ODM4YzI3XkEyXkFqcGc@.jpg,"[{'url': 'https://m.media-amazon.com/images/M/MV5BNzVjOWEwYjEtNDJhOC00YjUyLThjMWItMDQwZGY1ODM4YzI3XkEyXkFqcGc@._V1_QL75_UX100_CR0,0,100,148_.jpg', 'width': 100, 'height': 148}, {'url': 'https://m.media-amazon.com/images/M/MV5BNzVjOWEwYjEtNDJhOC00YjUyLThjMWItMDQwZGY1ODM4YzI3XkEyXkFqcGc@._V1_QL75_UX280_CR0,0,280,414_.jpg', 'width': 280, 'height': 414}, {'url': 'https://m.media-amazon.com/images/M/MV5BNzVjOWEwYjEtNDJhOC00YjUyLThjMWItMDQwZGY1ODM4YzI3XkEyXkFqcGc@._V1_QL75_UX380_CR0,0,380,562_.jpg', 'width': 380, 'height': 562}]",https://www.youtube.com/watch?v=_ypUKBQCFsE,,2024,,08-11-2024,"['Japanese', 'Action Epic', 'Adult Animation', 'Adventure Epic', 'Anime', 'Body Horror', 'Hand-Drawn Animation', 'Shōnen', 'Action', 'Adventure']",['JP'],[],['ja'],[],"[{'id': 'co0376600', 'name': 'Mappa'}]",,25956985,"['Action', 'Adventure', 'Animation']",FALSE,145,8.9,34139,
tt0036775,https://www.imdb.com/title/tt0036775/,Double Indemnity,Double Indemnity,movie,"An insurance representative is seduced by a dissatisfied housewife into a scheme of insurance fraud and murder that arouses the suspicion of his colleague, a claims investigator.",https://m.media-amazon.com/images/M/MV5BM2YwNjZlZDktNTlmNS00ODQwLWJmNmUtYmE1NTBhYjc1YTY5XkEyXkFqcGc@.jpg,"[{'url': 'https://m.media-amazon.com/images/M/MV5BM2YwNjZlZDktNTlmNS00ODQwLWJmNmUtYmE1NTBhYjc1YTY5XkEyXkFqcGc@._V1_QL75_UX100_CR0,0,100,148_.jpg', 'width': 100, 'height': 148}, {'url': 'https://m.media-amazon.com/images/M/MV5BM2YwNjZlZDktNTlmNS00ODQwLWJmNmUtYmE1NTBhYjc1YTY5XkEyXkFqcGc@._V1_QL75_UX280_CR0,0,280,414_.jpg', 'width': 280, 'height': 414}, {'url': 'https://m.media-amazon.com/images/M/MV5BM2YwNjZlZDktNTlmNS00ODQwLWJmNmUtYmE1NTBhYjc1YTY5XkEyXkFqcGc@._V1_QL75_UX380_CR0,0,380,562_.jpg', 'width': 380, 'height': 562}]",https://www.youtube.com/watch?v=9oxVkwB05rU,Approved,1944,,06-07-1944,"['Film Noir', 'Hard-boiled Detective', 'Crime', 'Drama', 'Mystery', 'Thriller']",['US'],['http://eurekavideo.co.uk/moc/catalogue/double-indemnity/'],['en'],"['6301 Quebec Drive, Hollywood Hills, Los Angeles, California, USA']","[{'id': 'co0023400', 'name': 'Paramount Pictures'}]",927262,22760,"['Crime', 'Drama', 'Film-Noir']",FALSE,107,8.3,182581,95
tt0986264,https://www.imdb.com/title/tt0986264/,Like Stars on Earth,Taare Zameen Par,movie,A young boy is thought to be nothing but a lazy troublemaker until the new art teacher has the patience and compassion to discover the real problem behind his struggles in school.,https://m.media-amazon.com/images/M/MV5BZTI0ZGRiMDEtNGNjMS00MGU4LWI3OTktNzcxMDZmZTk3MTljXkEyXkFqcGc@.jpg,"[{'url': 'https://m.media-amazon.com/images/M/MV5BZTI0ZGRiMDEtNGNjMS00MGU4LWI3OTktNzcxMDZmZTk3MTljXkEyXkFqcGc@._V1_QL75_UX100_CR0,0,100,148_.jpg', 'width': 100, 'height': 148}, {'url': 'https://m.media-amazon.com/images/M/MV5BZTI0ZGRiMDEtNGNjMS00MGU4LWI3OTktNzcxMDZmZTk3MTljXkEyXkFqcGc@._V1_QL75_UX280_CR0,0,280,414_.jpg', 'width': 280, 'height': 414}, {'url': 'https://m.media-amazon.com/images/M/MV5BZTI0ZGRiMDEtNGNjMS00MGU4LWI3OTktNzcxMDZmZTk3MTljXkEyXkFqcGc@._V1_QL75_UX380_CR0,0,380,562_.jpg', 'width': 380, 'height': 562}]",https://www.youtube.com/watch?v=tn_2Ie_jtX8,PG,2007,,21-12-2007,"['Hindi', 'Coming-of-Age', 'Psychological Drama', 'Drama', 'Family']",['IN'],['https://movies.disney.com/like-stars-on-earth'],"['hi', 'en']","['Panchgani, Maharashtra, India']","[{'id': 'co0026618', 'name': 'Aamir Khan Productions'}, {'id': 'co0173735', 'name': 'PVR Pictures'}]",,21897373,"['Drama', 'Family']",FALSE,162,8.3,234781,
tt0053125,https://www.imdb.com/title/tt0053125/,North by Northwest,North by Northwest,movie,"A New York City advertising executive goes on the run after being mistaken for a government agent by a group of foreign spies, and falls for a woman whose loyalties he begins to doubt.",https://m.media-amazon.com/images/M/MV5BZWIzODI2OGItMzM0Ny00OGRmLTlkNmItMDQxMTFmMTk3YmQwXkEyXkFqcGc@.jpg,"[{'url': 'https://m.media-amazon.com/images/M/MV5BZWIzODI2OGItMzM0Ny00OGRmLTlkNmItMDQxMTFmMTk3YmQwXkEyXkFqcGc@._V1_QL75_UX100_CR0,0,100,148_.jpg', 'width': 100, 'height': 148}, {'url': 'https://m.media-amazon.com/images/M/MV5BZWIzODI2OGItMzM0Ny00OGRmLTlkNmItMDQxMTFmMTk3YmQwXkEyXkFqcGc@._V1_QL75_UX280_CR0,0,280,414_.jpg', 'width': 280, 'height': 414}, {'url': 'https://m.media-amazon.com/images/M/MV5BZWIzODI2OGItMzM0Ny00OGRmLTlkNmItMDQxMTFmMTk3YmQwXkEyXkFqcGc@._V1_QL75_UX380_CR0,0,380,562_.jpg', 'width': 380, 'height': 562}]",https://www.youtube.com/watch?v=cPNiwc3ogIo,Approved,1959,,18-12-1959,"['Spy', 'Adventure', 'Drama', 'Mystery', 'Thriller']",['US'],[],"['en', 'fr']","['13296 Corcoran Rd, Wasco, California, USA']","[{'id': 'co0007143', 'name': 'Metro-Goldwyn-Mayer (MGM)'}]",3101000,209478,"['Adventure', 'Drama', 'Mystery']",FALSE,136,8.3,370397,98
tt0093058,https://www.imdb.com/title/tt0093058/,Full Metal Jacket,Full Metal Jacket,movie,A pragmatic U.S. Marine observes the dehumanizing effects the Vietnam War has on his fellow recruits from their brutal boot camp training to the bloody street fighting in Hue.,https://m.media-amazon.com/images/M/MV5BYWUzNzZkNzUtNDdiYy00Nzk5LTgxMmItNTk0MjRjNjdjNDA0XkEyXkFqcGc@.jpg,"[{'url': 'https://m.media-amazon.com/images/M/MV5BYWUzNzZkNzUtNDdiYy00Nzk5LTgxMmItNTk0MjRjNjdjNDA0XkEyXkFqcGc@._V1_QL75_UX100_CR0,0,100,148_.jpg', 'width': 100, 'height': 148}, {'url': 'https://m.media-amazon.com/images/M/MV5BYWUzNzZkNzUtNDdiYy00Nzk5LTgxMmItNTk0MjRjNjdjNDA0XkEyXkFqcGc@._V1_QL75_UX280_CR0,0,280,414_.jpg', 'width': 280, 'height': 414}, {'url': 'https://m.media-amazon.com/images/M/MV5BYWUzNzZkNzUtNDdiYy00Nzk5LTgxMmItNTk0MjRjNjdjNDA0XkEyXkFqcGc@._V1_QL75_UX380_CR0,0,380,562_.jpg', 'width': 380, 'height': 562}]",https://www.youtube.com/watch?v=3Un-WBlVHPw,R,1987,,10-07-1987,"['Dark Comedy', 'Period Drama', 'Psychological Drama', 'Drama', 'War']","['GB', 'US']",[],"['en', 'vi']","['Isle of Dogs, London, Greater London, England, UK']","[{'id': 'co0002663', 'name': 'Warner Bros.'}, {'id': 'co0001865', 'name': 'Natant'}, {'id': 'co0038089', 'name': 'Stanley Kubrick Productions'}]",30000000,50879079,"['Drama', 'War']",FALSE,116,8.2,855845,78
tt1832382,https://www.imdb.com/title/tt1832382/,A Separation,Jodaeiye Nader az Simin,movie,A married couple have to decide whether to improve their daughter's life by moving abroad or to stay in Iran and look after a deteriorating parent with Alzheimer's disease.,https://m.media-amazon.com/images/M/MV5BMDM0ZWRmMzctM2M5ZS00ZjU0LWIxN2MtNWNlNGY1ZDhjMDVhXkEyXkFqcGc@.jpg,"[{'url': 'https://m.media-amazon.com/images/M/MV5BMDM0ZWRmMzctM2M5ZS00ZjU0LWIxN2MtNWNlNGY1ZDhjMDVhXkEyXkFqcGc@._V1_QL75_UX100_CR0,0,100,148_.jpg', 'width': 100, 'height': 148}, {'url': 'https://m.media-amazon.com/images/M/MV5BMDM0ZWRmMzctM2M5ZS00ZjU0LWIxN2MtNWNlNGY1ZDhjMDVhXkEyXkFqcGc@._V1_QL75_UX280_CR0,0,280,414_.jpg', 'width': 280, 'height': 414}, {'url': 'https://m.media-amazon.com/images/M/MV5BMDM0ZWRmMzctM2M5ZS00ZjU0LWIxN2MtNWNlNGY1ZDhjMDVhXkEyXkFqcGc@._V1_QL75_UX380_CR0,0,380,562_.jpg', 'width': 380, 'height': 562}]",https://www.youtube.com/watch?v=58Onuy5USTc,PG-13,2011,,16-03-2011,"['Persian', 'Legal Drama', 'Psychological Drama', 'Tragedy', 'Drama']","['IR', 'FR', 'AU']","['http://www.golem.es/distribucion/pelicula.php?id=248', 'http://distribution.memento-films.com/film/infos/21']",['fa'],"['Tehran, Iran']","[{'id': 'co0620175', 'name': 'Asghar Farhadi Productions'}, {'id': 'co0259212', 'name': 'Dreamlab Films'}, {'id': 'co0620176', 'name': 'MPA APSA Academy Film Fund'}]",500000,22926076,['Drama'],FALSE,123,8.3,279413,95
tt0022100,https://www.imdb.com/title/tt0022100/,M,M - Eine Stadt sucht einen Mörder,movie,"When the police in a German city are unable to catch a child-murderer, other criminals join in the manhunt.",https://m.media-amazon.com/images/M/MV5BODA4ODk3OTEzMF5BMl5BanBnXkFtZTgwMTQ2ODMwMzE@.jpg,"[{'url': 'https://m.media-amazon.com/images/M/MV5BODA4ODk3OTEzMF5BMl5BanBnXkFtZTgwMTQ2ODMwMzE@._V1_QL75_UX100_CR0,0,100,148_.jpg', 'width': 100, 'height': 148}, {'url': 'https://m.media-amazon.com/images/M/MV5BODA4ODk3OTEzMF5BMl5BanBnXkFtZTgwMTQ2ODMwMzE@._V1_QL75_UX280_CR0,0,280,414_.jpg', 'width': 280, 'height': 414}, {'url': 'https://m.media-amazon.com/images/M/MV5BODA4ODk3OTEzMF5BMl5BanBnXkFtZTgwMTQ2ODMwMzE@._V1_QL75_UX380_CR0,0,380,562_.jpg', 'width': 380, 'height': 562}]",https://www.youtube.com/watch?v=nsVproWjN6c,Passed,1931,,31-08-1931,"['German', 'Psychological Thriller', 'Serial Killer', 'Suspense Mystery', 'Crime', 'Mystery', 'Thriller']",['DE'],[],['de'],"['Staaken, Spandau, Berlin, Germany']","[{'id': 'co0036089', 'name': 'Nero-Film AG'}]",,35566,"['Crime', 'Mystery', 'Thriller']",FALSE,99,8.3,183756,
tt0211915,https://www.imdb.com/title/tt0211915/,Amélie,Le Fabuleux Destin d'Amélie Poulain,movie,"Despite being caught in her imaginative world, young waitress Amelie decides to help people find happiness. Her quest to spread joy leads her on a journey during which she finds true love.",https://m.media-amazon.com/images/M/MV5BOTNmYzY0MWQtZGZmNy00Y2Y4LWFmMDQtMTZjYTdiYzEwZGQ2XkEyXkFqcGc@.jpg,"[{'url': 'https://m.media-amazon.com/images/M/MV5BOTNmYzY0MWQtZGZmNy00Y2Y4LWFmMDQtMTZjYTdiYzEwZGQ2XkEyXkFqcGc@._V1_QL75_UX100_CR0,0,100,148_.jpg', 'width': 100, 'height': 148}, {'url': 'https://m.media-amazon.com/images/M/MV5BOTNmYzY0MWQtZGZmNy00Y2Y4LWFmMDQtMTZjYTdiYzEwZGQ2XkEyXkFqcGc@._V1_QL75_UX280_CR0,0,280,414_.jpg', 'width': 280, 'height': 414}, {'url': 'https://m.media-amazon.com/images/M/MV5BOTNmYzY0MWQtZGZmNy00Y2Y4LWFmMDQtMTZjYTdiYzEwZGQ2XkEyXkFqcGc@._V1_QL75_UX380_CR0,0,380,562_.jpg', 'width': 380, 'height': 562}]",https://www.youtube.com/watch?v=2UT5xaAfxWU,R,2001,,08-02-2002,"['French', 'Feel-Good Romance', 'Quirky Comedy', 'Romantic Comedy', 'Comedy', 'Romance']","['FR', 'DE']","['http://www.facebook.com/AmelieMovie', 'http://www.miramax.com/movie/amelie']","['fr', 'ru', 'en']","['Rue des Trois-Frères, Paris 18, Paris, France']","[{'id': 'co0125555', 'name': 'Claudie Ossard Productions'}, {'id': 'co0069524', 'name': 'Union Générale Cinématographique (UGC)'}, {'id': 'co0072800', 'name': 'Victoires Productions'}]",10000000,175556376,"['Comedy', 'Romance']",FALSE,122,8.2,844309,70
tt31514146,https://www.imdb.com/title/tt31514146/,I Swear,I Swear,movie,"John Davidson: diagnosed with Tourette's syndrome at a young age which alienated him from his peers, he struggled with a condition few people had witnessed.",https://m.media-amazon.com/images/M/MV5BNWQxYTMyZTktZDg5Yi00Y2YwLWI4YzQtMjkyYmYxNmFjYThmXkEyXkFqcGc@.jpg,"[{'url': 'https://m.media-amazon.com/images/M/MV5BNWQxYTMyZTktZDg5Yi00Y2YwLWI4YzQtMjkyYmYxNmFjYThmXkEyXkFqcGc@._V1_QL75_UX100_CR0,0,100,148_.jpg', 'width': 100, 'height': 148}, {'url': 'https://m.media-amazon.com/images/M/MV5BNWQxYTMyZTktZDg5Yi00Y2YwLWI4YzQtMjkyYmYxNmFjYThmXkEyXkFqcGc@._V1_QL75_UX280_CR0,0,280,414_.jpg', 'width': 280, 'height': 414}, {'url': 'https://m.media-amazon.com/images/M/MV5BNWQxYTMyZTktZDg5Yi00Y2YwLWI4YzQtMjkyYmYxNmFjYThmXkEyXkFqcGc@._V1_QL75_UX380_CR0,0,380,562_.jpg', 'width': 380, 'height': 562}]",,R,2025,,24-04-2026,"['Dark Comedy', 'Docudrama', 'Biography', 'Drama']",['GB'],['https://www.sonyclassics.com/film/iswear/'],['en'],"['Milngavie, East Dunbartonshire, Scotland, UK']","[{'id': 'co0749499', 'name': 'One Story High'}, {'id': 'co0104718', 'name': 'Tempo Productions'}, {'id': 'co0463976', 'name': 'StudioCanal Films'}]",,16063720,"['Biography', 'Drama']",FALSE,120,8.4,56102,70
tt0095016,https://www.imdb.com/title/tt0095016/,Die Hard,Die Hard,movie,A New York City cop tries to save his wife and several others taken hostage by terrorists during a Christmas party in a Los Angeles skyscraper.,https://m.media-amazon.com/images/M/MV5BMGNlYmM1NmQtYWExMS00NmRjLTg5ZmEtMmYyYzJkMzljYWMxXkEyXkFqcGc@.jpg,"[{'url': 'https://m.media-amazon.com/images/M/MV5BMGNlYmM1NmQtYWExMS00NmRjLTg5ZmEtMmYyYzJkMzljYWMxXkEyXkFqcGc@._V1_QL75_UX100_CR0,0,100,148_.jpg', 'width': 100, 'height': 148}, {'url': 'https://m.media-amazon.com/images/M/MV5BMGNlYmM1NmQtYWExMS00NmRjLTg5ZmEtMmYyYzJkMzljYWMxXkEyXkFqcGc@._V1_QL75_UX280_CR0,0,280,414_.jpg', 'width': 280, 'height': 414}, {'url': 'https://m.media-amazon.com/images/M/MV5BMGNlYmM1NmQtYWExMS00NmRjLTg5ZmEtMmYyYzJkMzljYWMxXkEyXkFqcGc@._V1_QL75_UX380_CR0,0,380,562_.jpg', 'width': 380, 'height': 562}]",https://www.youtube.com/watch?v=gYWvwkXreaI,R,1988,,20-07-1988,"['Dark Comedy', 'Disaster', 'One-Person Army Action', 'Action', 'Holiday', 'Thriller']",['US'],"['https://www.facebook.com/DieHardMovies?ref=stream', 'https://www.foxmovies.com/movies/die-hard']","['en', 'de', 'it', 'ja']","['Fox Plaza - 2121 Avenue of the Stars, Century City, Los Angeles, California, USA']","[{'id': 'co0000756', 'name': '20th Century Fox'}, {'id': 'co0119038', 'name': 'Gordon Company'}, {'id': 'co0019968', 'name': 'Silver Pictures'}]",28000000,143651650,"['Action', 'Thriller']",FALSE,132,8.2,1035655,72
tt0052357,https://www.imdb.com/title/tt0052357/,Vertigo,Vertigo,movie,"A former San Francisco police detective juggles wrestling with his personal demons and becoming obsessed with the hauntingly beautiful woman he has been hired to trail, who may be deeply disturbed.",https://m.media-amazon.com/images/M/MV5BNzEyZTUxMWItMGVhYy00Y2NlLTljYTMtYzBmMzI1YmUyMDBkXkEyXkFqcGc@.jpg,"[{'url': 'https://m.media-amazon.com/images/M/MV5BNzEyZTUxMWItMGVhYy00Y2NlLTljYTMtYzBmMzI1YmUyMDBkXkEyXkFqcGc@._V1_QL75_UX100_CR0,0,100,148_.jpg', 'width': 100, 'height': 148}, {'url': 'https://m.media-amazon.com/images/M/MV5BNzEyZTUxMWItMGVhYy00Y2NlLTljYTMtYzBmMzI1YmUyMDBkXkEyXkFqcGc@._V1_QL75_UX280_CR0,0,280,414_.jpg', 'width': 280, 'height': 414}, {'url': 'https://m.media-amazon.com/images/M/MV5BNzEyZTUxMWItMGVhYy00Y2NlLTljYTMtYzBmMzI1YmUyMDBkXkEyXkFqcGc@._V1_QL75_UX380_CR0,0,380,562_.jpg', 'width': 380, 'height': 562}]",https://www.youtube.com/watch?v=95o-QM-lz8g,PG,1958,,28-05-1958,"['Conspiracy Thriller', 'Dark Romance', 'Psychological Thriller', 'Suspense Mystery', 'Tragedy', 'Tragic Romance', 'Mystery', 'Romance', 'Thriller']",['US'],['https://www.facebook.com/VertigoTheMovie'],['en'],"['Fort Point, Presidio, Golden Gate National Recreation Area, San Francisco, California, USA']","[{'id': 'co0137799', 'name': 'Alfred J. Hitchcock Productions'}]",2479000,8000605,"['Mystery', 'Romance', 'Thriller']",FALSE,128,8.2,461004,100
tt0033467,https://www.imdb.com/title/tt0033467/,Citizen Kane,Citizen Kane,movie,"Following the death of publishing tycoon Charles Foster Kane, reporters scramble to uncover the meaning of his final utterance: 'Rosebud.'",https://m.media-amazon.com/images/M/MV5BYjk1ZDJlMmUtOWQ0Zi00MDM5LTk1OGYtODczNjFmMGYwZGVkXkEyXkFqcGc@.jpg,"[{'url': 'https://m.media-amazon.com/images/M/MV5BYjk1ZDJlMmUtOWQ0Zi00MDM5LTk1OGYtODczNjFmMGYwZGVkXkEyXkFqcGc@._V1_QL75_UX100_CR0,0,100,148_.jpg', 'width': 100, 'height': 148}, {'url': 'https://m.media-amazon.com/images/M/MV5BYjk1ZDJlMmUtOWQ0Zi00MDM5LTk1OGYtODczNjFmMGYwZGVkXkEyXkFqcGc@._V1_QL75_UX280_CR0,0,280,414_.jpg', 'width': 280, 'height': 414}, {'url': 'https://m.media-amazon.com/images/M/MV5BYjk1ZDJlMmUtOWQ0Zi00MDM5LTk1OGYtODczNjFmMGYwZGVkXkEyXkFqcGc@._V1_QL75_UX380_CR0,0,380,562_.jpg', 'width': 380, 'height': 562}]",https://www.youtube.com/watch?v=lkYhWses6pQ,PG,1941,,05-09-1941,"['Epic', 'Period Drama', 'Psychological Drama', 'Tragedy', 'Drama', 'Mystery']",['US'],['https://www.facebook.com/CitizenKaneMovie/'],"['en', 'it']","['Busch Gardens - S. Grove Avenue, Pasadena, California, USA']","[{'id': 'co0041421', 'name': 'RKO Radio Pictures'}, {'id': 'co0003016', 'name': 'Mercury Productions'}]",839727,1967994,"['Drama', 'Mystery']",FALSE,119,8.2,495133,100
tt0056592,https://www.imdb.com/title/tt0056592/,To Kill a Mockingbird,To Kill a Mockingbird,movie,A widowed lawyer in Depression-era Alabama defends a black man against a false rape charge while teaching his young children about the sad reality of prejudice.,https://m.media-amazon.com/images/M/MV5BZTlkYWU4MGEtZmQyYi00OWEzLTgzY2EtYzVjOTEzYzAyNTk1XkEyXkFqcGc@.jpg,"[{'url': 'https://m.media-amazon.com/images/M/MV5BZTlkYWU4MGEtZmQyYi00OWEzLTgzY2EtYzVjOTEzYzAyNTk1XkEyXkFqcGc@._V1_QL75_UX100_CR0,0,100,148_.jpg', 'width': 100, 'height': 148}, {'url': 'https://m.media-amazon.com/images/M/MV5BZTlkYWU4MGEtZmQyYi00OWEzLTgzY2EtYzVjOTEzYzAyNTk1XkEyXkFqcGc@._V1_QL75_UX280_CR0,0,280,414_.jpg', 'width': 280, 'height': 414}, {'url': 'https://m.media-amazon.com/images/M/MV5BZTlkYWU4MGEtZmQyYi00OWEzLTgzY2EtYzVjOTEzYzAyNTk1XkEyXkFqcGc@._V1_QL75_UX380_CR0,0,380,562_.jpg', 'width': 380, 'height': 562}]",https://www.youtube.com/watch?v=4-CrrtYjrbM,Approved,1962,,16-03-1963,"['Legal Drama', 'Period Drama', 'Psychological Drama', 'Crime', 'Drama']",['US'],['https://www.facebook.com/ToKillAMockingbirdMovie'],['en'],"['Monroeville, Alabama, USA']","[{'id': 'co0110362', 'name': 'Pakula-Mulligan'}, {'id': 'co0110361', 'name': 'Brentwood Productions'}]",2000000,611817,"['Crime', 'Drama']",FALSE,129,8.2,352213,88
tt0097576,https://www.imdb.com/title/tt0097576/,Indiana Jones and the Last Crusade,Indiana Jones and the Last Crusade,movie,"In 1938, after his father goes missing while pursuing the Holy Grail, Indiana Jones finds himself up against the Nazis again to stop them from obtaining its powers.",https://m.media-amazon.com/images/M/MV5BNGIxNzQ0YzYtMjNmYi00YjBlLWFjNzEtNGE3ZGFmYTczM2MwXkEyXkFqcGc@.jpg,"[{'url': 'https://m.media-amazon.com/images/M/MV5BNGIxNzQ0YzYtMjNmYi00YjBlLWFjNzEtNGE3ZGFmYTczM2MwXkEyXkFqcGc@._V1_QL75_UX100_CR0,0,100,148_.jpg', 'width': 100, 'height': 148}, {'url': 'https://m.media-amazon.com/images/M/MV5BNGIxNzQ0YzYtMjNmYi00YjBlLWFjNzEtNGE3ZGFmYTczM2MwXkEyXkFqcGc@._V1_QL75_UX280_CR0,0,280,414_.jpg', 'width': 280, 'height': 414}, {'url': 'https://m.media-amazon.com/images/M/MV5BNGIxNzQ0YzYtMjNmYi00YjBlLWFjNzEtNGE3ZGFmYTczM2MwXkEyXkFqcGc@._V1_QL75_UX380_CR0,0,380,562_.jpg', 'width': 380, 'height': 562}]",https://www.youtube.com/watch?v=xV7qk3nuoUU,PG-13,1989,,24-05-1989,"['Indiana Jones', 'Action Epic', 'Adventure Epic', 'Desert Adventure', 'Globetrotting Adventure', 'Quest', 'Adventure']",['US'],['https://www.facebook.com/indianajones'],"['en', 'de', 'el', 'la', 'it']","['Moab, Utah, USA']","[{'id': 'co0023400', 'name': 'Paramount Pictures'}, {'id': 'co0071326', 'name': 'Lucasfilm'}]",48000000,474171806,['Adventure'],FALSE,127,8.2,868193,65
tt0070735,https://www.imdb.com/title/tt0070735/,The Sting,The Sting,movie,Two grifters team up to pull off the ultimate con.,https://m.media-amazon.com/images/M/MV5BZGI4OTk4MDMtYmQ1Ni00YTUzLTkyYTktZGUwMjMyN2M4NjQ5XkEyXkFqcGc@.jpg,"[{'url': 'https://m.media-amazon.com/images/M/MV5BZGI4OTk4MDMtYmQ1Ni00YTUzLTkyYTktZGUwMjMyN2M4NjQ5XkEyXkFqcGc@._V1_QL75_UX100_CR0,0,100,148_.jpg', 'width': 100, 'height': 148}, {'url': 'https://m.media-amazon.com/images/M/MV5BZGI4OTk4MDMtYmQ1Ni00YTUzLTkyYTktZGUwMjMyN2M4NjQ5XkEyXkFqcGc@._V1_QL75_UX280_CR0,0,280,414_.jpg', 'width': 280, 'height': 414}, {'url': 'https://m.media-amazon.com/images/M/MV5BZGI4OTk4MDMtYmQ1Ni00YTUzLTkyYTktZGUwMjMyN2M4NjQ5XkEyXkFqcGc@._V1_QL75_UX380_CR0,0,380,562_.jpg', 'width': 380, 'height': 562}]",https://www.youtube.com/watch?v=_nAIb_J9T5M,PG,1973,,25-12-1973,"['Caper', 'Gangster', 'Period Drama', 'Comedy', 'Crime', 'Drama']",['US'],[],['en'],"['Union Station - Canal St. & Jackson Blvd., Near West Side, Chicago, Illinois, USA']","[{'id': 'co0019166', 'name': 'Zanuck/Brown Productions'}, {'id': 'co0005073', 'name': 'Universal Pictures'}]",5500000,156005969,"['Comedy', 'Crime', 'Drama']",FALSE,129,8.2,304219,83
tt0058625,https://www.imdb.com/title/tt0058625/,Woman in the Dunes,Suna no onna,movie,An entomologist on vacation is trapped by local villagers into living with a woman whose life task is shoveling sand for them.,https://m.media-amazon.com/images/M/MV5BM2E1ZjY5MjItZTUxZS00NTI1LWEwMmEtODhlMDAyMzUyOTRmXkEyXkFqcGc@.jpg,"[{'url': 'https://m.media-amazon.com/images/M/MV5BM2E1ZjY5MjItZTUxZS00NTI1LWEwMmEtODhlMDAyMzUyOTRmXkEyXkFqcGc@._V1_QL75_UX100_CR0,0,100,148_.jpg', 'width': 100, 'height': 148}, {'url': 'https://m.media-amazon.com/images/M/MV5BM2E1ZjY5MjItZTUxZS00NTI1LWEwMmEtODhlMDAyMzUyOTRmXkEyXkFqcGc@._V1_QL75_UX280_CR0,0,280,414_.jpg', 'width': 280, 'height': 414}, {'url': 'https://m.media-amazon.com/images/M/MV5BM2E1ZjY5MjItZTUxZS00NTI1LWEwMmEtODhlMDAyMzUyOTRmXkEyXkFqcGc@._V1_QL75_UX380_CR0,0,380,562_.jpg', 'width': 380, 'height': 562}]",https://www.youtube.com/watch?v=7kX4h_sEBiI,Not Rated,1964,,25-10-1964,"['Drama', 'Thriller']",['JP'],[],['ja'],"['Tottori Sand Dunes, Tottori prefecture, Japan']","[{'id': 'co0024079', 'name': 'Toho Film (Eiga) Co. Ltd.'}, {'id': 'co0004532', 'name': 'Teshigahara Productions'}]",,,"['Drama', 'Thriller']",FALSE,147,8.4,25791,
tt0066921,https://www.imdb.com/title/tt0066921/,A Clockwork Orange,A Clockwork Orange,movie,Alex DeLarge and his droogs barbarize a decaying near-future.,https://m.media-amazon.com/images/M/MV5BMTY3MjM1Mzc4N15BMl5BanBnXkFtZTgwODM0NzAxMDE@.jpg,"[{'url': 'https://m.media-amazon.com/images/M/MV5BMTY3MjM1Mzc4N15BMl5BanBnXkFtZTgwODM0NzAxMDE@._V1_QL75_UX100_CR0,0,100,148_.jpg', 'width': 100, 'height': 148}, {'url': 'https://m.media-amazon.com/images/M/MV5BMTY3MjM1Mzc4N15BMl5BanBnXkFtZTgwODM0NzAxMDE@._V1_QL75_UX280_CR0,0,280,414_.jpg', 'width': 280, 'height': 414}, {'url': 'https://m.media-amazon.com/images/M/MV5BMTY3MjM1Mzc4N15BMl5BanBnXkFtZTgwODM0NzAxMDE@._V1_QL75_UX380_CR0,0,380,562_.jpg', 'width': 380, 'height': 562}]",https://www.youtube.com/watch?v=vN-1Mup0UI0,R,1971,,02-02-1972,"['Dark Comedy', 'Dystopian Sci-Fi', 'Crime', 'Sci-Fi']","['GB', 'US']",[],['en'],"['Binsey Walk, Southmere Lake, Thamesmead South, London, England, UK']","[{'id': 'co0002663', 'name': 'Warner Bros.'}, {'id': 'co0734629', 'name': 'Polaris Productions'}, {'id': 'co0113563', 'name': 'Hawk Films'}]",2200000,27193679,"['Crime', 'Sci-Fi']",FALSE,136,8.2,941289,77
tt0017136,https://www.imdb.com/title/tt0017136/,Metropolis,Metropolis,movie,"In a futuristic city sharply divided between the working class and the city planners, the son of the city's mastermind falls in love with a working-class prophet who predicts the coming of a savior to mediate their differences.",https://m.media-amazon.com/images/M/MV5BMjhjMGYyMjAtMzJkYy00NzhlLWIwY2MtMWQ2ODIxZDUyOGYyXkEyXkFqcGc@.jpg,"[{'url': 'https://m.media-amazon.com/images/M/MV5BMjhjMGYyMjAtMzJkYy00NzhlLWIwY2MtMWQ2ODIxZDUyOGYyXkEyXkFqcGc@._V1_QL75_UX100_CR0,0,100,148_.jpg', 'width': 100, 'height': 148}, {'url': 'https://m.media-amazon.com/images/M/MV5BMjhjMGYyMjAtMzJkYy00NzhlLWIwY2MtMWQ2ODIxZDUyOGYyXkEyXkFqcGc@._V1_QL75_UX280_CR0,0,280,414_.jpg', 'width': 280, 'height': 414}, {'url': 'https://m.media-amazon.com/images/M/MV5BMjhjMGYyMjAtMzJkYy00NzhlLWIwY2MtMWQ2ODIxZDUyOGYyXkEyXkFqcGc@._V1_QL75_UX380_CR0,0,380,562_.jpg', 'width': 380, 'height': 562}]",https://www.youtube.com/watch?v=ZAvzaOxDt2c,Passed,1927,,13-03-1927,"['German', 'Artificial Intelligence', 'Epic', 'Sci-Fi Epic', 'Steampunk', 'Drama', 'Sci-Fi']",['DE'],['http://www.kino.com/metropolis'],['de'],"['Berlin, Germany']","[{'id': 'co0021661', 'name': 'Universum Film (UFA)'}]",6000000,1354287,"['Drama', 'Sci-Fi']",FALSE,150,8.2,202365,98
tt8579674,https://www.imdb.com/title/tt8579674/,1917,1917,movie,"April 6th, 1917. As an infantry battalion assembles to wage war deep in enemy territory, two soldiers are assigned to race against time and deliver a message that will stop 1,600 men from walking straight into a deadly trap.",https://m.media-amazon.com/images/M/MV5BYzkxZjg2NDQtMGVjMy00NWZkLTk0ZDEtZWE3NDYwYjAyMTg1XkEyXkFqcGc@.jpg,"[{'url': 'https://m.media-amazon.com/images/M/MV5BYzkxZjg2NDQtMGVjMy00NWZkLTk0ZDEtZWE3NDYwYjAyMTg1XkEyXkFqcGc@._V1_QL75_UX100_CR0,0,100,148_.jpg', 'width': 100, 'height': 148}, {'url': 'https://m.media-amazon.com/images/M/MV5BYzkxZjg2NDQtMGVjMy00NWZkLTk0ZDEtZWE3NDYwYjAyMTg1XkEyXkFqcGc@._V1_QL75_UX280_CR0,0,280,414_.jpg', 'width': 280, 'height': 414}, {'url': 'https://m.media-amazon.com/images/M/MV5BYzkxZjg2NDQtMGVjMy00NWZkLTk0ZDEtZWE3NDYwYjAyMTg1XkEyXkFqcGc@._V1_QL75_UX380_CR0,0,380,562_.jpg', 'width': 380, 'height': 562}]",https://www.youtube.com/watch?v=UcmZN0Mbl04,R,2019,,10-01-2020,"['Epic', 'Period Drama', 'Survival', 'War Epic', 'Drama', 'War']","['GB', 'US', 'IN', 'ES', 'CA']","['https://amblin.com/movie/1917/', 'https://www.jiotv.com/full-movie/1917/98e4d62f61f05add8dd82f08238c472c']","['en', 'fr', 'de']","['Govan Graving Docks, Glasgow, Glasgow City, Scotland, UK']","[{'id': 'co0819670', 'name': 'DreamWorks Pictures'}, {'id': 'co0336601', 'name': 'Reliance Entertainment'}, {'id': 'co0644194', 'name': 'New Republic Pictures'}]",95000000,446064352,"['Drama', 'War']",FALSE,119,8.2,780477,78
tt0208092,https://www.imdb.com/title/tt0208092/,Snatch,Snatch,movie,"Unscrupulous boxing promoters, violent bookmakers, a Russian gangster, incompetent amateur robbers and supposedly Jewish jewelers fight to track down a priceless stolen diamond.",https://m.media-amazon.com/images/M/MV5BYzk5NjJkMTQtN2IyNC00YWM5LTlhZmMtNGI3MWNhMTU1YTc4XkEyXkFqcGc@.jpg,"[{'url': 'https://m.media-amazon.com/images/M/MV5BYzk5NjJkMTQtN2IyNC00YWM5LTlhZmMtNGI3MWNhMTU1YTc4XkEyXkFqcGc@._V1_QL75_UX100_CR0,0,100,148_.jpg', 'width': 100, 'height': 148}, {'url': 'https://m.media-amazon.com/images/M/MV5BYzk5NjJkMTQtN2IyNC00YWM5LTlhZmMtNGI3MWNhMTU1YTc4XkEyXkFqcGc@._V1_QL75_UX280_CR0,0,280,414_.jpg', 'width': 280, 'height': 414}, {'url': 'https://m.media-amazon.com/images/M/MV5BYzk5NjJkMTQtN2IyNC00YWM5LTlhZmMtNGI3MWNhMTU1YTc4XkEyXkFqcGc@._V1_QL75_UX380_CR0,0,380,562_.jpg', 'width': 380, 'height': 562}]",https://www.youtube.com/watch?v=ni4tEtuTccc,R,2000,,19-01-2001,"['Caper', 'Dark Comedy', 'Farce', 'Gangster', 'Comedy', 'Crime']","['GB', 'US']",['https://www.facebook.com/snatch'],"['en', 'ru']","['Hatton Garden, Clerkenwell, London, Greater London, England, UK']","[{'id': 'co0010568', 'name': 'Screen Gems'}, {'id': 'co0000750', 'name': 'SKA Films'}]",6000000,83558617,"['Comedy', 'Crime']",FALSE,102,8.2,981803,55
tt0993846,https://www.imdb.com/title/tt0993846/,The Wolf of Wall Street,The Wolf of Wall Street,movie,"Based on the true story of Jordan Belfort, from his rise to a wealthy stock-broker living the high life to his fall involving crime, corruption and the federal government.",https://m.media-amazon.com/images/M/MV5BMjIxMjgxNTk0MF5BMl5BanBnXkFtZTgwNjIyOTg2MDE@.jpg,"[{'url': 'https://m.media-amazon.com/images/M/MV5BMjIxMjgxNTk0MF5BMl5BanBnXkFtZTgwNjIyOTg2MDE@._V1_QL75_UX100_CR0,0,100,148_.jpg', 'width': 100, 'height': 148}, {'url': 'https://m.media-amazon.com/images/M/MV5BMjIxMjgxNTk0MF5BMl5BanBnXkFtZTgwNjIyOTg2MDE@._V1_QL75_UX280_CR0,0,280,414_.jpg', 'width': 280, 'height': 414}, {'url': 'https://m.media-amazon.com/images/M/MV5BMjIxMjgxNTk0MF5BMl5BanBnXkFtZTgwNjIyOTg2MDE@._V1_QL75_UX380_CR0,0,380,562_.jpg', 'width': 380, 'height': 562}]",https://www.youtube.com/watch?v=iszwuX1AK6A,R,2013,,25-12-2013,"['Dark Comedy', 'Docudrama', 'Epic', 'Financial Drama', 'Raunchy Comedy', 'Satire', 'True Crime', 'Workplace Drama', 'Biography', 'Comedy']",['US'],"['https://www.facebook.com/TheWolfOfWallStreet', 'https://www.jiotv.com/full-movie/the-wolf-of-wall-street/6466d9e17c28529190d541a81b4d2c82']","['en', 'fr']","['Portofino, Genoa, Liguria, Italy']","[{'id': 'co0023400', 'name': 'Paramount Pictures'}, {'id': 'co0325207', 'name': 'Red Granite Pictures'}, {'id': 'co0088354', 'name': 'Appian Way'}]",100000000,407039432,"['Biography', 'Comedy', 'Crime']",FALSE,180,8.2,1812224,75
tt0120382,https://www.imdb.com/title/tt0120382/,The Truman Show,The Truman Show,movie,An insurance salesman begins to suspect that his whole life is actually some sort of reality TV show.,https://m.media-amazon.com/images/M/MV5BNzA3ZjZlNzYtMTdjMy00NjMzLTk5ZGYtMTkyYzNiOGM1YmM3XkEyXkFqcGc@.jpg,"[{'url': 'https://m.media-amazon.com/images/M/MV5BNzA3ZjZlNzYtMTdjMy00NjMzLTk5ZGYtMTkyYzNiOGM1YmM3XkEyXkFqcGc@._V1_QL75_UX100_CR0,0,100,148_.jpg', 'width': 100, 'height': 148}, {'url': 'https://m.media-amazon.com/images/M/MV5BNzA3ZjZlNzYtMTdjMy00NjMzLTk5ZGYtMTkyYzNiOGM1YmM3XkEyXkFqcGc@._V1_QL75_UX280_CR0,0,280,414_.jpg', 'width': 280, 'height': 414}, {'url': 'https://m.media-amazon.com/images/M/MV5BNzA3ZjZlNzYtMTdjMy00NjMzLTk5ZGYtMTkyYzNiOGM1YmM3XkEyXkFqcGc@._V1_QL75_UX380_CR0,0,380,562_.jpg', 'width': 380, 'height': 562}]",https://www.youtube.com/watch?v=N1VlDVRiFrk,PG,1998,,05-06-1998,"['Dark Comedy', 'High-Concept Comedy', 'Psychological Drama', 'Satire', 'Showbiz Drama', 'Comedy', 'Drama']",['US'],['https://www.facebook.com/TheTrumanShowMovie'],['en'],"['Seaside, Florida, USA']","[{'id': 'co0023400', 'name': 'Paramount Pictures'}, {'id': 'co0093765', 'name': 'Scott Rudin Productions'}]",60000000,264118712,"['Comedy', 'Drama']",FALSE,103,8.2,1393901,90
tt0363163,https://www.imdb.com/title/tt0363163/,Downfall,Der Untergang,movie,"Traudl Junge, the final secretary for Adolf Hitler, tells of the Nazi dictator's final days in his Berlin bunker at the end of WWII.",https://m.media-amazon.com/images/M/MV5BMTU0NTU5NTAyMl5BMl5BanBnXkFtZTYwNzYwMDg2.jpg,"[{'url': 'https://m.media-amazon.com/images/M/MV5BMTU0NTU5NTAyMl5BMl5BanBnXkFtZTYwNzYwMDg2._V1_QL75_UX100_CR0,0,100,148_.jpg', 'width': 100, 'height': 148}, {'url': 'https://m.media-amazon.com/images/M/MV5BMTU0NTU5NTAyMl5BMl5BanBnXkFtZTYwNzYwMDg2._V1_QL75_UX280_CR0,0,280,414_.jpg', 'width': 280, 'height': 414}, {'url': 'https://m.media-amazon.com/images/M/MV5BMTU0NTU5NTAyMl5BMl5BanBnXkFtZTYwNzYwMDg2._V1_QL75_UX380_CR0,0,380,562_.jpg', 'width': 380, 'height': 562}]",https://www.youtube.com/watch?v=Bp1RXmM1-60,R,2004,,08-04-2005,"['German', 'Docudrama', 'Period Drama', 'Political Drama', 'Psychological Drama', 'Tragedy', 'Biography', 'Drama', 'History', 'War']","['DE', 'AT', 'IT']",[],"['de', 'ru', 'fr', 'hu', 'en']","['St. Petersburg, Russia']","[{'id': 'co0002257', 'name': 'Constantin Film'}, {'id': 'co0028284', 'name': 'Norddeutscher Rundfunk (NDR)'}, {'id': 'co0075650', 'name': 'Westdeutscher Rundfunk (WDR)'}]",13500000,92181574,"['Biography', 'Drama', 'History']",FALSE,156,8.2,402579,82
tt0119488,https://www.imdb.com/title/tt0119488/,L.A. Confidential,L.A. Confidential,movie,"As corruption grows in 1950s Los Angeles, three policemen - one strait-laced, one brutal, and one sleazy - investigate a series of murders with their own brand of justice.",https://m.media-amazon.com/images/M/MV5BODdiMjY1OGYtNDk0NC00NGQ1LWI4MDItOTJhMTM0YjE1YTAzXkEyXkFqcGc@.jpg,"[{'url': 'https://m.media-amazon.com/images/M/MV5BODdiMjY1OGYtNDk0NC00NGQ1LWI4MDItOTJhMTM0YjE1YTAzXkEyXkFqcGc@._V1_QL75_UX100_CR0,0,100,148_.jpg', 'width': 100, 'height': 148}, {'url': 'https://m.media-amazon.com/images/M/MV5BODdiMjY1OGYtNDk0NC00NGQ1LWI4MDItOTJhMTM0YjE1YTAzXkEyXkFqcGc@._V1_QL75_UX280_CR0,0,280,414_.jpg', 'width': 280, 'height': 414}, {'url': 'https://m.media-amazon.com/images/M/MV5BODdiMjY1OGYtNDk0NC00NGQ1LWI4MDItOTJhMTM0YjE1YTAzXkEyXkFqcGc@._V1_QL75_UX380_CR0,0,380,562_.jpg', 'width': 380, 'height': 562}]",https://www.youtube.com/watch?v=kF2btFEyKrA,R,1997,,19-09-1997,"['Conspiracy Thriller', 'Cop Drama', 'Epic', 'Hard-boiled Detective', 'Period Drama', 'Police Procedural', 'Suspense Mystery', 'Whodunnit', 'Crime', 'Drama']",['US'],"['https://www.facebook.com/LAConfidentialMovie', 'https://www.newregency.com/movies/la-confidential']",['en'],"['Frolic Room - 6245 Hollywood Blvd., Hollywood, Los Angeles, California, USA']","[{'id': 'co0867908', 'name': 'Regency Enterprises'}, {'id': 'co0089381', 'name': 'The Wolper Organization'}]",35000000,126216940,"['Crime', 'Drama', 'Mystery']",FALSE,138,8.2,661475,91
tt1130884,https://www.imdb.com/title/tt1130884/,Shutter Island,Shutter Island,movie,Two US marshals are sent to a mental institution on an inhospitable island in order to investigate the disappearance of a patient.,https://m.media-amazon.com/images/M/MV5BN2FjNWExYzEtY2YzOC00YjNlLTllMTQtNmIwM2Q1YzBhOWM1XkEyXkFqcGc@.jpg,"[{'url': 'https://m.media-amazon.com/images/M/MV5BN2FjNWExYzEtY2YzOC00YjNlLTllMTQtNmIwM2Q1YzBhOWM1XkEyXkFqcGc@._V1_QL75_UX100_CR0,0,100,148_.jpg', 'width': 100, 'height': 148}, {'url': 'https://m.media-amazon.com/images/M/MV5BN2FjNWExYzEtY2YzOC00YjNlLTllMTQtNmIwM2Q1YzBhOWM1XkEyXkFqcGc@._V1_QL75_UX280_CR0,0,280,414_.jpg', 'width': 280, 'height': 414}, {'url': 'https://m.media-amazon.com/images/M/MV5BN2FjNWExYzEtY2YzOC00YjNlLTllMTQtNmIwM2Q1YzBhOWM1XkEyXkFqcGc@._V1_QL75_UX380_CR0,0,380,562_.jpg', 'width': 380, 'height': 562}]",https://www.youtube.com/watch?v=qdPw9x9h5CY,R,2010,,19-02-2010,"['Psychological Thriller', 'Suspense Mystery', 'Mystery', 'Thriller']",['US'],['https://ebook-gratuit.net/romans/dennis-lehane-shutter-island/'],"['en', 'de']","['Peddocks Island, Boston Harbor, Boston, Massachusetts, USA']","[{'id': 'co0023400', 'name': 'Paramount Pictures'}, {'id': 'co0029574', 'name': 'Phoenix Pictures'}, {'id': 'co0141038', 'name': 'Sikelia Productions'}]",80000000,294978537,"['Mystery', 'Thriller']",FALSE,138,8.2,1670330,63
tt5074352,https://www.imdb.com/title/tt5074352/,Dangal,Dangal,movie,"Mahavir Singh Phogat, a former wrestler, decides to fulfill his dream of winning a gold medal for his country by training his daughters for the Commonwealth Games despite the existing social stigmas.",https://m.media-amazon.com/images/M/MV5BMTQ4MzQzMzM2Nl5BMl5BanBnXkFtZTgwMTQ1NzU3MDI@.jpg,"[{'url': 'https://m.media-amazon.com/images/M/MV5BMTQ4MzQzMzM2Nl5BMl5BanBnXkFtZTgwMTQ1NzU3MDI@._V1_QL75_UX100_CR0,0,100,148_.jpg', 'width': 100, 'height': 148}, {'url': 'https://m.media-amazon.com/images/M/MV5BMTQ4MzQzMzM2Nl5BMl5BanBnXkFtZTgwMTQ1NzU3MDI@._V1_QL75_UX280_CR0,0,280,414_.jpg', 'width': 280, 'height': 414}, {'url': 'https://m.media-amazon.com/images/M/MV5BMTQ4MzQzMzM2Nl5BMl5BanBnXkFtZTgwMTQ1NzU3MDI@._V1_QL75_UX380_CR0,0,380,562_.jpg', 'width': 380, 'height': 562}]",https://www.youtube.com/watch?v=x_7YlGv9u1g,Not Rated,2016,,21-12-2016,"['Hindi', 'Coming-of-Age', 'Martial Arts', 'Action', 'Biography', 'Drama', 'Sport']","['IN', 'US']",['http://gaga.ne.jp/dangal/'],"['hi', 'en']","['Pune, Maharashtra, India']","[{'id': 'co0026618', 'name': 'Aamir Khan Productions'}, {'id': 'co0131238', 'name': 'UTV Motion Pictures'}, {'id': 'co0008970', 'name': 'Walt Disney Pictures'}]",700000000,303726694,"['Action', 'Biography', 'Drama']",FALSE,161,8.3,246364,
tt6966692,https://www.imdb.com/title/tt6966692/,Green Book,Green Book,movie,A working-class Italian-American bouncer becomes the driver for an African-American classical pianist on a tour of venues through the 1960s American South.,https://m.media-amazon.com/images/M/MV5BNDU5YTNmMmItN2QxNy00OGQ0LTg5MTctNzFmYjEzZjcwN2UwXkEyXkFqcGc@.jpg,"[{'url': 'https://m.media-amazon.com/images/M/MV5BNDU5YTNmMmItN2QxNy00OGQ0LTg5MTctNzFmYjEzZjcwN2UwXkEyXkFqcGc@._V1_QL75_UX100_CR0,0,100,148_.jpg', 'width': 100, 'height': 148}, {'url': 'https://m.media-amazon.com/images/M/MV5BNDU5YTNmMmItN2QxNy00OGQ0LTg5MTctNzFmYjEzZjcwN2UwXkEyXkFqcGc@._V1_QL75_UX280_CR0,0,280,414_.jpg', 'width': 280, 'height': 414}, {'url': 'https://m.media-amazon.com/images/M/MV5BNDU5YTNmMmItN2QxNy00OGQ0LTg5MTctNzFmYjEzZjcwN2UwXkEyXkFqcGc@._V1_QL75_UX380_CR0,0,380,562_.jpg', 'width': 380, 'height': 562}]",https://www.youtube.com/watch?v=QkZxoko_HC0,PG-13,2018,,16-11-2018,"['Docudrama', 'Period Drama', 'Road Trip', 'Biography', 'Comedy', 'Drama', 'Holiday', 'Music']","['US', 'CN']","['http://www.facebook.com/GreenBookMovie/', 'http://www.facebook.com/GreenBookFilmUK/']","['en', 'it', 'ru', 'de']","['Houmas House Plantation, Burnside, Louisiana, USA']","[{'id': 'co0132772', 'name': 'Participant'}, {'id': 'co0819670', 'name': 'DreamWorks Pictures'}, {'id': 'co0646203', 'name': 'Innisfree Pictures'}]",23000000,321752656,"['Biography', 'Comedy', 'Drama']",FALSE,130,8.2,697141,69
tt0040522,https://www.imdb.com/title/tt0040522/,Bicycle Thieves,Ladri di biciclette,movie,"In post-war Italy, a working-class man's bicycle is stolen, endangering his efforts to find work. He and his son set out to find it.",https://m.media-amazon.com/images/M/MV5BMjIzMzAyMzg1Nl5BMl5BanBnXkFtZTgwMzMyNzk0MTE@.jpg,"[{'url': 'https://m.media-amazon.com/images/M/MV5BMjIzMzAyMzg1Nl5BMl5BanBnXkFtZTgwMzMyNzk0MTE@._V1_QL75_UX100_CR0,0,100,148_.jpg', 'width': 100, 'height': 148}, {'url': 'https://m.media-amazon.com/images/M/MV5BMjIzMzAyMzg1Nl5BMl5BanBnXkFtZTgwMzMyNzk0MTE@._V1_QL75_UX280_CR0,0,280,414_.jpg', 'width': 280, 'height': 414}, {'url': 'https://m.media-amazon.com/images/M/MV5BMjIzMzAyMzg1Nl5BMl5BanBnXkFtZTgwMzMyNzk0MTE@._V1_QL75_UX380_CR0,0,380,562_.jpg', 'width': 380, 'height': 562}]",https://www.youtube.com/watch?v=H2P4xo9kmPM,Not Rated,1948,,13-12-1949,"['Italian', 'Financial Drama', 'Psychological Drama', 'Quest', 'Tragedy', 'Drama']",['IT'],[],"['it', 'de']","['Citta Valmelaina, Via Salaria, Rome, Lazio, Italy']","[{'id': 'co0072996', 'name': 'Produzioni De Sica'}]",133000,459298,['Drama'],FALSE,89,8.2,192599,
tt0055031,https://www.imdb.com/title/tt0055031/,Judgment at Nuremberg,Judgment at Nuremberg,movie,"Fictionalized depiction of the 1947 Judges' Trial, the third of 12 trials of Nazi war criminals conducted by the American occupying forces in Nuremberg, Germany, in which former judges of Nazi Germany were tried for their actions.",https://m.media-amazon.com/images/M/MV5BNDc2ODQ5NTE2MV5BMl5BanBnXkFtZTcwODExMjUyNA@@.jpg,"[{'url': 'https://m.media-amazon.com/images/M/MV5BNDc2ODQ5NTE2MV5BMl5BanBnXkFtZTcwODExMjUyNA@@._V1_QL75_UX100_CR0,0,100,148_.jpg', 'width': 100, 'height': 148}, {'url': 'https://m.media-amazon.com/images/M/MV5BNDc2ODQ5NTE2MV5BMl5BanBnXkFtZTcwODExMjUyNA@@._V1_QL75_UX280_CR0,0,280,414_.jpg', 'width': 280, 'height': 414}, {'url': 'https://m.media-amazon.com/images/M/MV5BNDc2ODQ5NTE2MV5BMl5BanBnXkFtZTcwODExMjUyNA@@._V1_QL75_UX380_CR0,0,380,562_.jpg', 'width': 380, 'height': 562}]",https://www.youtube.com/watch?v=T3taV43-lGc,Approved,1961,,18-12-1961,"['Epic', 'Historical Epic', 'Legal Drama', 'Psychological Drama', 'Drama', 'History', 'War']",['US'],[],"['en', 'de']","['former Reichsparteitag area, Nuremberg, Bavaria, Germany']","[{'id': 'co0160497', 'name': 'Roxlom Films Inc.'}]",3000000,12180,"['Drama', 'History', 'War']",FALSE,179,8.3,97791,60
tt15398776,https://www.imdb.com/title/tt15398776/,Oppenheimer,Oppenheimer,movie,"A dramatization of the life story of J. Robert Oppenheimer, the physicist who had a large hand in the development of the atomic bombs that brought an end to World War II.",https://m.media-amazon.com/images/M/MV5BN2JkMDc5MGQtZjg3YS00NmFiLWIyZmQtZTJmNTM5MjVmYTQ4XkEyXkFqcGc@.jpg,"[{'url': 'https://m.media-amazon.com/images/M/MV5BN2JkMDc5MGQtZjg3YS00NmFiLWIyZmQtZTJmNTM5MjVmYTQ4XkEyXkFqcGc@._V1_QL75_UX100_CR0,0,100,148_.jpg', 'width': 100, 'height': 148}, {'url': 'https://m.media-amazon.com/images/M/MV5BN2JkMDc5MGQtZjg3YS00NmFiLWIyZmQtZTJmNTM5MjVmYTQ4XkEyXkFqcGc@._V1_QL75_UX280_CR0,0,280,414_.jpg', 'width': 280, 'height': 414}, {'url': 'https://m.media-amazon.com/images/M/MV5BN2JkMDc5MGQtZjg3YS00NmFiLWIyZmQtZTJmNTM5MjVmYTQ4XkEyXkFqcGc@._V1_QL75_UX380_CR0,0,380,562_.jpg', 'width': 380, 'height': 562}]",https://www.youtube.com/watch?v=bK6ldnjE3Y0,R,2023,,21-07-2023,"['Docudrama', 'Epic', 'Historical Epic', 'Period Drama', 'Psychological Drama', 'Biography', 'Drama', 'History']","['US', 'GB']","['https://www.facebook.com/OppenheimerMovie/', 'https://www.instagram.com/oppenheimermovie/']","['en', 'de', 'it', 'nl']","['Los Alamos, New Mexico, USA']","[{'id': 'co0005073', 'name': 'Universal Pictures'}, {'id': 'co0147954', 'name': 'Syncopy'}, {'id': 'co0028338', 'name': 'Atlas Entertainment'}]",100000000,975811333,"['Biography', 'Drama', 'History']",FALSE,180,8.2,1078945,90
tt0107290,https://www.imdb.com/title/tt0107290/,Jurassic Park,Jurassic Park,movie,"An industrialist invites some experts to visit his theme park of cloned dinosaurs. After a power failure, the creatures run loose, putting everyone's lives, including his grandchildren's, in danger.",https://m.media-amazon.com/images/M/MV5BMjM2MDgxMDg0Nl5BMl5BanBnXkFtZTgwNTM2OTM5NDE@.jpg,"[{'url': 'https://m.media-amazon.com/images/M/MV5BMjM2MDgxMDg0Nl5BMl5BanBnXkFtZTgwNTM2OTM5NDE@._V1_QL75_UX100_CR0,0,100,148_.jpg', 'width': 100, 'height': 148}, {'url': 'https://m.media-amazon.com/images/M/MV5BMjM2MDgxMDg0Nl5BMl5BanBnXkFtZTgwNTM2OTM5NDE@._V1_QL75_UX280_CR0,0,280,414_.jpg', 'width': 280, 'height': 414}, {'url': 'https://m.media-amazon.com/images/M/MV5BMjM2MDgxMDg0Nl5BMl5BanBnXkFtZTgwNTM2OTM5NDE@._V1_QL75_UX380_CR0,0,380,562_.jpg', 'width': 380, 'height': 562}]",https://www.youtube.com/watch?v=Rz_FvTXa_qY,PG-13,1993,,11-06-1993,"['Jurassic Park', 'Dinosaur Adventure', 'Jungle Adventure', 'Adventure', 'Sci-Fi']",['US'],['https://www.facebook.com/JurassicWorldUK/'],"['en', 'es']","['Tehachapi Pass, California, USA']","[{'id': 'co0005073', 'name': 'Universal Pictures'}, {'id': 'co0009119', 'name': 'Amblin Entertainment'}]",63000000,1103120459,"['Adventure', 'Sci-Fi']",FALSE,127,8.2,1191487,68
tt0372784,https://www.imdb.com/title/tt0372784/,Batman Begins,Batman Begins,movie,"After witnessing his parents' death, billionaire Bruce Wayne learns the art of fighting to confront injustice. When he returns to Gotham as Batman, he must stop a secret society that intends to destroy the city.",https://m.media-amazon.com/images/M/MV5BMzA2NDQzZDEtNDU5Ni00YTlkLTg2OWEtYmQwM2Y1YTBjMjFjXkEyXkFqcGc@.jpg,"[{'url': 'https://m.media-amazon.com/images/M/MV5BMzA2NDQzZDEtNDU5Ni00YTlkLTg2OWEtYmQwM2Y1YTBjMjFjXkEyXkFqcGc@._V1_QL75_UX100_CR0,0,100,148_.jpg', 'width': 100, 'height': 148}, {'url': 'https://m.media-amazon.com/images/M/MV5BMzA2NDQzZDEtNDU5Ni00YTlkLTg2OWEtYmQwM2Y1YTBjMjFjXkEyXkFqcGc@._V1_QL75_UX280_CR0,0,280,414_.jpg', 'width': 280, 'height': 414}, {'url': 'https://m.media-amazon.com/images/M/MV5BMzA2NDQzZDEtNDU5Ni00YTlkLTg2OWEtYmQwM2Y1YTBjMjFjXkEyXkFqcGc@._V1_QL75_UX380_CR0,0,380,562_.jpg', 'width': 380, 'height': 562}]",https://www.youtube.com/watch?v=FiL1_5DWV7Y,PG-13,2005,,15-06-2005,"['DC', 'Action Epic', 'Epic', 'Psychological Drama', 'Superhero', 'Crime']","['US', 'GB']","['https://www.facebook.com/darkknighttrilogy', 'https://www.warnerbros.co.uk/movies/batman-begins']",['en'],"['Skaftafell, Iceland']","[{'id': 'co0002663', 'name': 'Warner Bros.'}, {'id': 'co0038332', 'name': 'DC Comics'}, {'id': 'co0147954', 'name': 'Syncopy'}]",150000000,375587589,['Crime'],FALSE,140,8.2,1733117,70
tt0059578,https://www.imdb.com/title/tt0059578/,For a Few Dollars More,Per qualche dollaro in più,movie,Two bounty killers with similar intentions but different motivations team up to take down a psychotic Mexican outlaw before he and his gang can carry out an audacious bank robbery.,https://m.media-amazon.com/images/M/MV5BNTRmOTcyYmYtMTIwNi00ZGYyLTk4YjYtZGJlZTgwZGY0NGQyXkEyXkFqcGc@.jpg,"[{'url': 'https://m.media-amazon.com/images/M/MV5BNTRmOTcyYmYtMTIwNi00ZGYyLTk4YjYtZGJlZTgwZGY0NGQyXkEyXkFqcGc@._V1_QL75_UX100_CR0,0,100,148_.jpg', 'width': 100, 'height': 148}, {'url': 'https://m.media-amazon.com/images/M/MV5BNTRmOTcyYmYtMTIwNi00ZGYyLTk4YjYtZGJlZTgwZGY0NGQyXkEyXkFqcGc@._V1_QL75_UX280_CR0,0,280,414_.jpg', 'width': 280, 'height': 414}, {'url': 'https://m.media-amazon.com/images/M/MV5BNTRmOTcyYmYtMTIwNi00ZGYyLTk4YjYtZGJlZTgwZGY0NGQyXkEyXkFqcGc@._V1_QL75_UX380_CR0,0,380,562_.jpg', 'width': 380, 'height': 562}]",https://www.youtube.com/watch?v=bNt9NcLteoU,R,1965,,10-05-1967,"['Period Drama', 'Quest', 'Spaghetti Western', 'Drama', 'Western']","['IT', 'ES']",[],"['en', 'it']","['Mini Hollywood, Tabernas, Almería, Andalucía, Spain']","[{'id': 'co0013844', 'name': 'Produzioni Europee Associate (PEA)'}, {'id': 'co0046114', 'name': 'Arturo González Producciones Cinematográficas'}, {'id': 'co0002257', 'name': 'Constantin Film'}]",600000,15001995,"['Drama', 'Western']",FALSE,132,8.2,302360,74
tt8503618,https://www.imdb.com/title/tt8503618/,Hamilton,Hamilton,movie,"The real life of one of America's foremost founding fathers and first Secretary of the Treasury, Alexander Hamilton. Captured live on Broadway from the Richard Rodgers Theater with the original Broadway cast.",https://m.media-amazon.com/images/M/MV5BYTc3MWIyMzAtMTZmNC00YmNjLWIyZTgtMmU4NjZkYzZkOThkXkEyXkFqcGc@.jpg,"[{'url': 'https://m.media-amazon.com/images/M/MV5BYTc3MWIyMzAtMTZmNC00YmNjLWIyZTgtMmU4NjZkYzZkOThkXkEyXkFqcGc@._V1_QL75_UX100_CR0,0,100,148_.jpg', 'width': 100, 'height': 148}, {'url': 'https://m.media-amazon.com/images/M/MV5BYTc3MWIyMzAtMTZmNC00YmNjLWIyZTgtMmU4NjZkYzZkOThkXkEyXkFqcGc@._V1_QL75_UX280_CR0,0,280,414_.jpg', 'width': 280, 'height': 414}, {'url': 'https://m.media-amazon.com/images/M/MV5BYTc3MWIyMzAtMTZmNC00YmNjLWIyZTgtMmU4NjZkYzZkOThkXkEyXkFqcGc@._V1_QL75_UX380_CR0,0,380,562_.jpg', 'width': 380, 'height': 562}]",https://www.youtube.com/watch?v=DSCKfXpAGHc,PG-13,2020,,03-07-2020,"['Epic', 'Historical Epic', 'Biography', 'Drama', 'History', 'Musical']",['US'],"['https://www.disneyplus.com/movies/wp/3uPmBHWlO6HJ', 'https://www.hotstar.com/id/movies/hamilton/1260032145']","['en', 'fr']","['Richard Rodgers Theatre - 226 W. 46th Street, Manhattan, New York City, New York, USA']","[{'id': 'co0008970', 'name': 'Walt Disney Pictures'}, {'id': 'co0741448', 'name': '5000 Broadway Productions'}, {'id': 'co0799855', 'name': 'Nevis Productions'}]",,20943625,"['Biography', 'Drama', 'History']",FALSE,160,8.3,141597,88
tt0053291,https://www.imdb.com/title/tt0053291/,Some Like It Hot,Some Like It Hot,movie,"After two male musicians witness a mob hit, they flee the state in an all-female band disguised as women, but further complications set in.",https://m.media-amazon.com/images/M/MV5BZTllZDYyNjEtY2RmMS00NmJhLWI4ODAtMTQ0NWFiZTJhZjA0XkEyXkFqcGc@.jpg,"[{'url': 'https://m.media-amazon.com/images/M/MV5BZTllZDYyNjEtY2RmMS00NmJhLWI4ODAtMTQ0NWFiZTJhZjA0XkEyXkFqcGc@._V1_QL75_UX100_CR0,0,100,148_.jpg', 'width': 100, 'height': 148}, {'url': 'https://m.media-amazon.com/images/M/MV5BZTllZDYyNjEtY2RmMS00NmJhLWI4ODAtMTQ0NWFiZTJhZjA0XkEyXkFqcGc@._V1_QL75_UX280_CR0,0,280,414_.jpg', 'width': 280, 'height': 414}, {'url': 'https://m.media-amazon.com/images/M/MV5BZTllZDYyNjEtY2RmMS00NmJhLWI4ODAtMTQ0NWFiZTJhZjA0XkEyXkFqcGc@._V1_QL75_UX380_CR0,0,380,562_.jpg', 'width': 380, 'height': 562}]",https://www.youtube.com/watch?v=vvgWJ4VRwrg,Approved,1959,,19-03-1959,"['Buddy Comedy', 'Farce', 'Romantic Comedy', 'Satire', 'Screwball Comedy', 'Comedy', 'Music', 'Romance']",['US'],[],"['en', 'fr']","['Hotel del Coronado - 1500 Orange Avenue, Coronado, California, USA']","[{'id': 'co0047869', 'name': 'Ashton Productions'}, {'id': 'co0011112', 'name': 'The Mirisch Corporation'}]",2883848,215406,"['Comedy', 'Music', 'Romance']",FALSE,121,8.2,306251,98
tt0075314,https://www.imdb.com/title/tt0075314/,Taxi Driver,Taxi Driver,movie,"A mentally unstable veteran works as a nighttime taxi driver in New York City, where the perceived decadence and sleaze fuels his urge for violent action.",https://m.media-amazon.com/images/M/MV5BZDNhMGYwM2UtMTdlZS00MGQ1LWI2YzAtODY5YWI1MjYyNzRmXkEyXkFqcGc@.jpg,"[{'url': 'https://m.media-amazon.com/images/M/MV5BZDNhMGYwM2UtMTdlZS00MGQ1LWI2YzAtODY5YWI1MjYyNzRmXkEyXkFqcGc@._V1_QL75_UX100_CR0,0,100,148_.jpg', 'width': 100, 'height': 148}, {'url': 'https://m.media-amazon.com/images/M/MV5BZDNhMGYwM2UtMTdlZS00MGQ1LWI2YzAtODY5YWI1MjYyNzRmXkEyXkFqcGc@._V1_QL75_UX280_CR0,0,280,414_.jpg', 'width': 280, 'height': 414}, {'url': 'https://m.media-amazon.com/images/M/MV5BZDNhMGYwM2UtMTdlZS00MGQ1LWI2YzAtODY5YWI1MjYyNzRmXkEyXkFqcGc@._V1_QL75_UX380_CR0,0,380,562_.jpg', 'width': 380, 'height': 562}]",https://www.youtube.com/watch?v=S7ORyD-e7-0,R,1976,,09-02-1976,"['Psychological Drama', 'Crime', 'Drama']",['US'],['https://www.sonypictures.com/movies/taxidriver'],"['en', 'es']","['87 Columbia Heights, Brooklyn, New York, USA']","[{'id': 'co0014351', 'name': 'Columbia Pictures'}, {'id': 'co0043923', 'name': 'Bill/Phillips'}, {'id': 'co0013906', 'name': 'Italo/Judeo Productions'}]",1300000,29000421,"['Crime', 'Drama']",FALSE,114,8.2,1035878,94
tt0469494,https://www.imdb.com/title/tt0469494/,There Will Be Blood,There Will Be Blood,movie,"A story of family, religion, hatred, oil and madness, focusing on a turn-of-the-century prospector in the early days of the business.",https://m.media-amazon.com/images/M/MV5BMjAxODQ4MDU5NV5BMl5BanBnXkFtZTcwMDU4MjU1MQ@@.jpg,"[{'url': 'https://m.media-amazon.com/images/M/MV5BMjAxODQ4MDU5NV5BMl5BanBnXkFtZTcwMDU4MjU1MQ@@._V1_QL75_UX100_CR0,0,100,148_.jpg', 'width': 100, 'height': 148}, {'url': 'https://m.media-amazon.com/images/M/MV5BMjAxODQ4MDU5NV5BMl5BanBnXkFtZTcwMDU4MjU1MQ@@._V1_QL75_UX280_CR0,0,280,414_.jpg', 'width': 280, 'height': 414}, {'url': 'https://m.media-amazon.com/images/M/MV5BMjAxODQ4MDU5NV5BMl5BanBnXkFtZTcwMDU4MjU1MQ@@._V1_QL75_UX380_CR0,0,380,562_.jpg', 'width': 380, 'height': 562}]",https://www.youtube.com/watch?v=0FIm5ATyAY0,R,2007,,25-01-2008,"['Epic', 'Period Drama', 'Psychological Drama', 'Tragedy', 'Drama']",['US'],"['http://www.facebook.com/ThereWillBeBloodMovie', 'http://www.miramax.com/movie/there-will-be-blood']",['en'],"['Lompoc, California, USA']","[{'id': 'co0179341', 'name': 'Paramount Vantage'}, {'id': 'co0022594', 'name': 'Miramax'}, {'id': 'co0027686', 'name': 'Ghoulardi Film Company'}]",25000000,76195140,['Drama'],FALSE,158,8.2,715210,93
tt10272386,https://www.imdb.com/title/tt10272386/,The Father,The Father,movie,"A man refuses all assistance from his daughter as he ages. When he tries to understand what is happening around him, he begins to doubt his loved ones, his own mind and even the fabric of his reality.",https://m.media-amazon.com/images/M/MV5BYzUxMDAyMDAtNzIyZi00OGQ1LTllMjEtYzRjOThkZTUxNTliXkEyXkFqcGc@.jpg,"[{'url': 'https://m.media-amazon.com/images/M/MV5BYzUxMDAyMDAtNzIyZi00OGQ1LTllMjEtYzRjOThkZTUxNTliXkEyXkFqcGc@._V1_QL75_UX100_CR0,0,100,148_.jpg', 'width': 100, 'height': 148}, {'url': 'https://m.media-amazon.com/images/M/MV5BYzUxMDAyMDAtNzIyZi00OGQ1LTllMjEtYzRjOThkZTUxNTliXkEyXkFqcGc@._V1_QL75_UX280_CR0,0,280,414_.jpg', 'width': 280, 'height': 414}, {'url': 'https://m.media-amazon.com/images/M/MV5BYzUxMDAyMDAtNzIyZi00OGQ1LTllMjEtYzRjOThkZTUxNTliXkEyXkFqcGc@._V1_QL75_UX380_CR0,0,380,562_.jpg', 'width': 380, 'height': 562}]",https://www.youtube.com/watch?v=4TZb7YfK-JI,PG-13,2020,,26-02-2021,"['Psychological Drama', 'Drama', 'Mystery']","['GB', 'FR', 'US']","['https://www.facebook.com/TheFatherMovieUS/', 'https://thefather.jp/']",['en'],"['Blythe House, 23 Blythe Road, West Kensington, London, Greater London, England, UK']","[{'id': 'co0812819', 'name': 'Les Films du Cru'}, {'id': 'co0167631', 'name': 'Film4'}, {'id': 'co0410559', 'name': 'Orange Studio'}]",6000000,23175189,"['Drama', 'Mystery']",FALSE,97,8.2,247947,88
tt0012349,https://www.imdb.com/title/tt0012349/,The Kid,The Kid,movie,"The Tramp cares for an abandoned child, but events put their relationship in jeopardy.",https://m.media-amazon.com/images/M/MV5BNjkxMzY1NTQtN2YwOS00NmIwLTlkNTMtMjNkMzk1ZTk3ZDU2XkEyXkFqcGc@.jpg,"[{'url': 'https://m.media-amazon.com/images/M/MV5BNjkxMzY1NTQtN2YwOS00NmIwLTlkNTMtMjNkMzk1ZTk3ZDU2XkEyXkFqcGc@._V1_QL75_UX100_CR0,0,100,148_.jpg', 'width': 100, 'height': 148}, {'url': 'https://m.media-amazon.com/images/M/MV5BNjkxMzY1NTQtN2YwOS00NmIwLTlkNTMtMjNkMzk1ZTk3ZDU2XkEyXkFqcGc@._V1_QL75_UX280_CR0,0,280,414_.jpg', 'width': 280, 'height': 414}, {'url': 'https://m.media-amazon.com/images/M/MV5BNjkxMzY1NTQtN2YwOS00NmIwLTlkNTMtMjNkMzk1ZTk3ZDU2XkEyXkFqcGc@._V1_QL75_UX380_CR0,0,380,562_.jpg', 'width': 380, 'height': 562}]",https://www.youtube.com/watch?v=O5WXokyub-4,Passed,1921,,06-02-1921,"['Buddy Comedy', 'Coming-of-Age', 'Farce', 'Slapstick', 'Comedy', 'Drama', 'Family']",['US'],"['https://www.instagram.com/charliechaplinofficial/', 'https://www.charliechaplin.com/en/films/1-The-Kid']",['en'],"['Chaplin Studios - 1416 N. La Brea Avenue, Hollywood, Los Angeles, California, USA']","[{'id': 'co0028083', 'name': 'Charles Chaplin Productions'}]",250000,46650,"['Comedy', 'Drama', 'Family']",FALSE,68,8.2,146533,
tt0042192,https://www.imdb.com/title/tt0042192/,All About Eve,All About Eve,movie,A seemingly timid but secretly ruthless ingénue insinuates herself into the lives of an aging Broadway star and her circle of theater friends.,https://m.media-amazon.com/images/M/MV5BMTY2MTAzODI5NV5BMl5BanBnXkFtZTgwMjM4NzQ0MjE@.jpg,"[{'url': 'https://m.media-amazon.com/images/M/MV5BMTY2MTAzODI5NV5BMl5BanBnXkFtZTgwMjM4NzQ0MjE@._V1_QL75_UX100_CR0,0,100,148_.jpg', 'width': 100, 'height': 148}, {'url': 'https://m.media-amazon.com/images/M/MV5BMTY2MTAzODI5NV5BMl5BanBnXkFtZTgwMjM4NzQ0MjE@._V1_QL75_UX280_CR0,0,280,414_.jpg', 'width': 280, 'height': 414}, {'url': 'https://m.media-amazon.com/images/M/MV5BMTY2MTAzODI5NV5BMl5BanBnXkFtZTgwMjM4NzQ0MjE@._V1_QL75_UX380_CR0,0,380,562_.jpg', 'width': 380, 'height': 562}]",https://www.youtube.com/watch?v=MILphnfj2mo,Approved,1950,,27-10-1950,"['Showbiz Drama', 'Drama']",['US'],[],"['en', 'fr']","['Shubert Theater - 247 College Street, New Haven, Connecticut, USA']","[{'id': 'co0000756', 'name': '20th Century Fox'}]",1400000,162640,['Drama'],FALSE,138,8.2,150078,98
tt0167404,https://www.imdb.com/title/tt0167404/,The Sixth Sense,The Sixth Sense,movie,"After being shot by a resentful former patient whom he failed to help, a Philadelphia child psychologist seeks redemption by treating a young boy with a disturbing secret.",https://m.media-amazon.com/images/M/MV5BZWQ2OTY0M2UtMTQxNC00MmIzLTllNDQtNDQ0MTQyYzI2M2ZiXkEyXkFqcGc@.jpg,"[{'url': 'https://m.media-amazon.com/images/M/MV5BZWQ2OTY0M2UtMTQxNC00MmIzLTllNDQtNDQ0MTQyYzI2M2ZiXkEyXkFqcGc@._V1_QL75_UX100_CR0,0,100,148_.jpg', 'width': 100, 'height': 148}, {'url': 'https://m.media-amazon.com/images/M/MV5BZWQ2OTY0M2UtMTQxNC00MmIzLTllNDQtNDQ0MTQyYzI2M2ZiXkEyXkFqcGc@._V1_QL75_UX280_CR0,0,280,414_.jpg', 'width': 280, 'height': 414}, {'url': 'https://m.media-amazon.com/images/M/MV5BZWQ2OTY0M2UtMTQxNC00MmIzLTllNDQtNDQ0MTQyYzI2M2ZiXkEyXkFqcGc@._V1_QL75_UX380_CR0,0,380,562_.jpg', 'width': 380, 'height': 562}]",https://www.youtube.com/watch?v=VG9AGf66tXM,PG-13,1999,,06-08-1999,"['Psychological Drama', 'Psychological Thriller', 'Suspense Mystery', 'Drama', 'Mystery', 'Thriller']",['US'],"['https://www.hotstar.com/id/movies/the-sixth-sense/1260018039', 'https://www.youtube.com/watch?v=eZbKG31K9Hg']","['en', 'la', 'es']","['Striped Bass - 1500 Walnut Street, Philadelphia, Pennsylvania, USA']","[{'id': 'co0076240', 'name': 'Hollywood Pictures'}, {'id': 'co0031181', 'name': 'Spyglass Entertainment'}, {'id': 'co0013175', 'name': 'The Kennedy/Marshall Company'}]",40000000,672806731,"['Drama', 'Mystery', 'Thriller']",FALSE,107,8.2,1154144,64
tt0089881,https://www.imdb.com/title/tt0089881/,Ran,Ran,movie,"In Medieval Japan, an elderly warlord retires, handing over his empire to his three sons. However, he vastly underestimates how the new-found power will corrupt them and cause them to turn on each other...and him.",https://m.media-amazon.com/images/M/MV5BZDk2NDY5YjktMjEyMC00OTJhLTkzM2EtY2Q4Y2RjYzc2Yjk4XkEyXkFqcGc@.jpg,"[{'url': 'https://m.media-amazon.com/images/M/MV5BZDk2NDY5YjktMjEyMC00OTJhLTkzM2EtY2Q4Y2RjYzc2Yjk4XkEyXkFqcGc@._V1_QL75_UX100_CR0,0,100,148_.jpg', 'width': 100, 'height': 148}, {'url': 'https://m.media-amazon.com/images/M/MV5BZDk2NDY5YjktMjEyMC00OTJhLTkzM2EtY2Q4Y2RjYzc2Yjk4XkEyXkFqcGc@._V1_QL75_UX280_CR0,0,280,414_.jpg', 'width': 280, 'height': 414}, {'url': 'https://m.media-amazon.com/images/M/MV5BZDk2NDY5YjktMjEyMC00OTJhLTkzM2EtY2Q4Y2RjYzc2Yjk4XkEyXkFqcGc@._V1_QL75_UX380_CR0,0,380,562_.jpg', 'width': 380, 'height': 562}]",https://www.youtube.com/watch?v=YwP_kXyd-Rw,R,1985,,01-06-1985,"['Japanese', 'Epic', 'Period Drama', 'Samurai', 'Tragedy', 'War Epic', 'Action', 'Drama', 'War']","['JP', 'FR']",[],['ja'],"['Himeji Castle, Himeji, Japan']","[{'id': 'co0012071', 'name': 'Greenwich Film Productions'}, {'id': 'co0086452', 'name': 'Herald Ace'}, {'id': 'co0095216', 'name': 'Kurosawa Production Co.'}]",11500000,4424869,"['Action', 'Drama', 'War']",FALSE,160,8.2,153557,97
tt0112641,https://www.imdb.com/title/tt0112641/,Casino,Casino,movie,"In Las Vegas, two best friends--a casino executive and a Mafia enforcer--compete for a gambling empire and a fast-living, fast-loving socialite.",https://m.media-amazon.com/images/M/MV5BMDRlZWZjZjYtYzY2NS00ZWVjLTkwYzAtZTA2ZDAzMGRiYmYwXkEyXkFqcGc@.jpg,"[{'url': 'https://m.media-amazon.com/images/M/MV5BMDRlZWZjZjYtYzY2NS00ZWVjLTkwYzAtZTA2ZDAzMGRiYmYwXkEyXkFqcGc@._V1_QL75_UX100_CR0,0,100,148_.jpg', 'width': 100, 'height': 148}, {'url': 'https://m.media-amazon.com/images/M/MV5BMDRlZWZjZjYtYzY2NS00ZWVjLTkwYzAtZTA2ZDAzMGRiYmYwXkEyXkFqcGc@._V1_QL75_UX280_CR0,0,280,414_.jpg', 'width': 280, 'height': 414}, {'url': 'https://m.media-amazon.com/images/M/MV5BMDRlZWZjZjYtYzY2NS00ZWVjLTkwYzAtZTA2ZDAzMGRiYmYwXkEyXkFqcGc@._V1_QL75_UX380_CR0,0,380,562_.jpg', 'width': 380, 'height': 562}]",https://www.youtube.com/watch?v=zFUKn_75m1o,R,1995,,22-11-1995,"['Docudrama', 'Epic', 'Gangster', 'Period Drama', 'True Crime', 'Crime', 'Drama']","['FR', 'US']",['https://casino.officialwebsite.art/'],['en'],"['Le Bistro Lounge, Riviera Hotel & Casino - 2901 Las Vegas Boulevard South, Las Vegas, Nevada, USA']","[{'id': 'co0005073', 'name': 'Universal Pictures'}, {'id': 'co0059966', 'name': 'Syalis DA'}, {'id': 'co0015641', 'name': 'Légende Entreprises'}]",52000000,116112375,"['Crime', 'Drama']",FALSE,178,8.2,624808,73
tt0084787,https://www.imdb.com/title/tt0084787/,The Thing,The Thing,movie,A research team in Antarctica is hunted by a shape-shifting alien that assumes the appearance of its victims.,https://m.media-amazon.com/images/M/MV5BYTA3NDU5MWEtNTk4Yy00ZDNkLThmZTQtMjU3ZGVhYzAyMzU4XkEyXkFqcGc@.jpg,"[{'url': 'https://m.media-amazon.com/images/M/MV5BYTA3NDU5MWEtNTk4Yy00ZDNkLThmZTQtMjU3ZGVhYzAyMzU4XkEyXkFqcGc@._V1_QL75_UX100_CR0,0,100,148_.jpg', 'width': 100, 'height': 148}, {'url': 'https://m.media-amazon.com/images/M/MV5BYTA3NDU5MWEtNTk4Yy00ZDNkLThmZTQtMjU3ZGVhYzAyMzU4XkEyXkFqcGc@._V1_QL75_UX280_CR0,0,280,414_.jpg', 'width': 280, 'height': 414}, {'url': 'https://m.media-amazon.com/images/M/MV5BYTA3NDU5MWEtNTk4Yy00ZDNkLThmZTQtMjU3ZGVhYzAyMzU4XkEyXkFqcGc@._V1_QL75_UX380_CR0,0,380,562_.jpg', 'width': 380, 'height': 562}]",https://www.youtube.com/watch?v=ySvzHdtCiWE,R,1982,,25-06-1982,"['Alien Invasion', 'Body Horror', 'Monster Horror', 'Psychological Horror', 'Splatter Horror', 'Supernatural Horror', 'Suspense Mystery', 'Tragedy', 'Horror', 'Mystery']","['US', 'CA']",[],"['en', 'no']","['Kimberley, British Columbia, Canada']","[{'id': 'co0005073', 'name': 'Universal Pictures'}, {'id': 'co0004522', 'name': 'Turman-Foster Company'}, {'id': 'co0220554', 'name': 'Province of BC, Ministry of Tourism, Film Promotion Office'}]",15000000,20888987,"['Horror', 'Mystery', 'Sci-Fi']",FALSE,109,8.2,531543,57
tt0477348,https://www.imdb.com/title/tt0477348/,No Country for Old Men,No Country for Old Men,movie,Violence and mayhem ensue after a hunter stumbles upon the aftermath of a drug deal gone wrong and over two million dollars in cash near the Rio Grande.,https://m.media-amazon.com/images/M/MV5BMjA5Njk3MjM4OV5BMl5BanBnXkFtZTcwMTc5MTE1MQ@@.jpg,"[{'url': 'https://m.media-amazon.com/images/M/MV5BMjA5Njk3MjM4OV5BMl5BanBnXkFtZTcwMTc5MTE1MQ@@._V1_QL75_UX100_CR0,0,100,148_.jpg', 'width': 100, 'height': 148}, {'url': 'https://m.media-amazon.com/images/M/MV5BMjA5Njk3MjM4OV5BMl5BanBnXkFtZTcwMTc5MTE1MQ@@._V1_QL75_UX280_CR0,0,280,414_.jpg', 'width': 280, 'height': 414}, {'url': 'https://m.media-amazon.com/images/M/MV5BMjA5Njk3MjM4OV5BMl5BanBnXkFtZTcwMTc5MTE1MQ@@._V1_QL75_UX380_CR0,0,380,562_.jpg', 'width': 380, 'height': 562}]",https://www.youtube.com/watch?v=A0oNrgumrlE,R,2007,,21-11-2007,"['Contemporary Western', 'Psychological Thriller', 'Serial Killer', 'Crime', 'Drama', 'Thriller']",['US'],"['https://www.facebook.com/NoCountryForOldMenMovie', 'http://www.miramax.com/movie/no-country-for-old-men']","['en', 'es']","['Desert Sands Motor Hotel - 5000 Central Avenue Southeast, Albuquerque, New Mexico, USA']","[{'id': 'co0179341', 'name': 'Paramount Vantage'}, {'id': 'co0022594', 'name': 'Miramax'}, {'id': 'co0093765', 'name': 'Scott Rudin Productions'}]",25000000,171635732,"['Crime', 'Drama', 'Thriller']",FALSE,122,8.2,1204876,92
tt1392214,https://www.imdb.com/title/tt1392214/,Prisoners,Prisoners,movie,A desperate father takes the law into his own hands after police fail to find two kidnapped girls.,https://m.media-amazon.com/images/M/MV5BMTg0NTIzMjQ1NV5BMl5BanBnXkFtZTcwNDc3MzM5OQ@@.jpg,"[{'url': 'https://m.media-amazon.com/images/M/MV5BMTg0NTIzMjQ1NV5BMl5BanBnXkFtZTcwNDc3MzM5OQ@@._V1_QL75_UX100_CR0,0,100,148_.jpg', 'width': 100, 'height': 148}, {'url': 'https://m.media-amazon.com/images/M/MV5BMTg0NTIzMjQ1NV5BMl5BanBnXkFtZTcwNDc3MzM5OQ@@._V1_QL75_UX280_CR0,0,280,414_.jpg', 'width': 280, 'height': 414}, {'url': 'https://m.media-amazon.com/images/M/MV5BMTg0NTIzMjQ1NV5BMl5BanBnXkFtZTcwNDc3MzM5OQ@@._V1_QL75_UX380_CR0,0,380,562_.jpg', 'width': 380, 'height': 562}]",https://www.youtube.com/watch?v=2SupordEUpw,R,2013,,20-09-2013,"['Psychological Drama', 'Psychological Thriller', 'Suspense Mystery', 'Crime', 'Drama', 'Mystery', 'Thriller']",['US'],"['http://prisonersmovie.warnerbros.com/', 'http://prisoners.jp/']",['en'],"['Porterdale, Georgia, USA']","[{'id': 'co0054452', 'name': 'Alcon Entertainment'}, {'id': 'co0252672', 'name': '8:38 Productions'}, {'id': 'co0202761', 'name': 'Madhouse Entertainment'}]",46000000,122127446,"['Crime', 'Drama', 'Mystery']",FALSE,153,8.2,949733,70
tt12042730,https://www.imdb.com/title/tt12042730/,Project Hail Mary,Project Hail Mary,movie,"A science teacher wakes up alone on a spaceship. As his memory returns, he uncovers a mission to stop a mysterious substance killing Earth's sun, and realizes that an unexpected friendship may be the key.",https://m.media-amazon.com/images/M/MV5BNTkwNzJiYTctNzI3NC00NjE1LTlhYjktY2Q5MTdmMWFmNzcxXkEyXkFqcGc@.jpg,"[{'url': 'https://m.media-amazon.com/images/M/MV5BNTkwNzJiYTctNzI3NC00NjE1LTlhYjktY2Q5MTdmMWFmNzcxXkEyXkFqcGc@._V1_QL75_UX100_CR0,0,100,148_.jpg', 'width': 100, 'height': 148}, {'url': 'https://m.media-amazon.com/images/M/MV5BNTkwNzJiYTctNzI3NC00NjE1LTlhYjktY2Q5MTdmMWFmNzcxXkEyXkFqcGc@._V1_QL75_UX280_CR0,0,280,414_.jpg', 'width': 280, 'height': 414}, {'url': 'https://m.media-amazon.com/images/M/MV5BNTkwNzJiYTctNzI3NC00NjE1LTlhYjktY2Q5MTdmMWFmNzcxXkEyXkFqcGc@._V1_QL75_UX380_CR0,0,380,562_.jpg', 'width': 380, 'height': 562}]",,PG-13,2026,,20-03-2026,"['Adventure Epic', 'Buddy Comedy', 'Dark Comedy', 'Epic', 'Sci-Fi Epic', 'Space Sci-Fi', 'Adventure', 'Comedy', 'Drama', 'Sci-Fi']",['US'],['https://www.amazon.com/salp/projecthailmary'],['en'],"['South Parade Pier, Southsea, Portsmouth, Hampshire, England, UK']","[{'id': 'co1025982', 'name': 'Amazon MGM Studios'}, {'id': 'co0721787', 'name': 'General Admission'}, {'id': 'co0191864', 'name': 'Lord Miller'}]",200000000,684234722,"['Adventure', 'Comedy', 'Drama']",FALSE,156,8.2,486750,77
tt1745960,https://www.imdb.com/title/tt1745960/,Top Gun: Maverick,Top Gun: Maverick,movie,"The story involves Maverick confronting his past while training a group of younger Top Gun graduates, including the son of his deceased best friend, for a dangerous mission.",https://m.media-amazon.com/images/M/MV5BMDBkZDNjMWEtOTdmMi00NmExLTg5MmMtNTFlYTJlNWY5YTdmXkEyXkFqcGc@.jpg,"[{'url': 'https://m.media-amazon.com/images/M/MV5BMDBkZDNjMWEtOTdmMi00NmExLTg5MmMtNTFlYTJlNWY5YTdmXkEyXkFqcGc@._V1_QL75_UX100_CR0,0,100,148_.jpg', 'width': 100, 'height': 148}, {'url': 'https://m.media-amazon.com/images/M/MV5BMDBkZDNjMWEtOTdmMi00NmExLTg5MmMtNTFlYTJlNWY5YTdmXkEyXkFqcGc@._V1_QL75_UX280_CR0,0,280,414_.jpg', 'width': 280, 'height': 414}, {'url': 'https://m.media-amazon.com/images/M/MV5BMDBkZDNjMWEtOTdmMi00NmExLTg5MmMtNTFlYTJlNWY5YTdmXkEyXkFqcGc@._V1_QL75_UX380_CR0,0,380,562_.jpg', 'width': 380, 'height': 562}]",https://www.youtube.com/watch?v=qSqVVswa420,PG-13,2022,,27-05-2022,"['Action Epic', 'Adventure Epic', 'Epic', 'Action', 'Drama']",['US'],"['https://www.facebook.com/TopGunMovie', 'https://www.topgunmovie.com/']",['en'],"['Eldorado National Forest, California, USA']","[{'id': 'co0023400', 'name': 'Paramount Pictures'}, {'id': 'co0152219', 'name': 'Skydance Media'}, {'id': 'co0026281', 'name': 'Jerry Bruckheimer Films'}]",177000000,1503260455,"['Action', 'Drama']",FALSE,130,8.2,896647,78
tt0266697,https://www.imdb.com/title/tt0266697/,Kill Bill: Vol. 1,Kill Bill: Vol. 1,movie,"After waking from a four-year coma, a former assassin wreaks vengeance on the team of assassins who betrayed her.",https://m.media-amazon.com/images/M/MV5BZmMyYzJlZmYtY2I3NC00NjAyLTkyZWItZjdjZDI1YTYyYTEwXkEyXkFqcGc@.jpg,"[{'url': 'https://m.media-amazon.com/images/M/MV5BZmMyYzJlZmYtY2I3NC00NjAyLTkyZWItZjdjZDI1YTYyYTEwXkEyXkFqcGc@._V1_QL75_UX100_CR0,0,100,148_.jpg', 'width': 100, 'height': 148}, {'url': 'https://m.media-amazon.com/images/M/MV5BZmMyYzJlZmYtY2I3NC00NjAyLTkyZWItZjdjZDI1YTYyYTEwXkEyXkFqcGc@._V1_QL75_UX280_CR0,0,280,414_.jpg', 'width': 280, 'height': 414}, {'url': 'https://m.media-amazon.com/images/M/MV5BZmMyYzJlZmYtY2I3NC00NjAyLTkyZWItZjdjZDI1YTYyYTEwXkEyXkFqcGc@._V1_QL75_UX380_CR0,0,380,562_.jpg', 'width': 380, 'height': 562}]",https://www.youtube.com/watch?v=d48qtYoeIqE,R,2003,,10-10-2003,"['Kung Fu', 'Martial Arts', 'One-Person Army Action', 'Action', 'Crime', 'Thriller']","['US', 'CN']","['https://test.miramax.com/movie/kill-bill-volume-i/', 'http://www.facebook.com/KillBillMovie']","['en', 'ja', 'fr']","[""St. Luke's Hospital - 2632 E. Washington Street, Pasadena, California, USA""]","[{'id': 'co0022594', 'name': 'Miramax'}, {'id': 'co0019267', 'name': 'A Band Apart'}, {'id': 'co0086625', 'name': 'Super Cool ManChu'}]",30000000,180908413,"['Action', 'Crime', 'Thriller']",FALSE,111,8.2,1318336,69
tt0457430,https://www.imdb.com/title/tt0457430/,Pan's Labyrinth,El laberinto del fauno,movie,"In 1944 Francoist Spain, an imaginative young girl meets a faun who tells her she's a princess and that she must prove her worthiness by completing three dangerous tasks.",https://m.media-amazon.com/images/M/MV5BOTc1NTAxMWItMWFlNy00MmU2LTkwMTMtNzMwOTg5OTQ5YTFiXkEyXkFqcGc@.jpg,"[{'url': 'https://m.media-amazon.com/images/M/MV5BOTc1NTAxMWItMWFlNy00MmU2LTkwMTMtNzMwOTg5OTQ5YTFiXkEyXkFqcGc@._V1_QL75_UX100_CR0,0,100,148_.jpg', 'width': 100, 'height': 148}, {'url': 'https://m.media-amazon.com/images/M/MV5BOTc1NTAxMWItMWFlNy00MmU2LTkwMTMtNzMwOTg5OTQ5YTFiXkEyXkFqcGc@._V1_QL75_UX280_CR0,0,280,414_.jpg', 'width': 280, 'height': 414}, {'url': 'https://m.media-amazon.com/images/M/MV5BOTc1NTAxMWItMWFlNy00MmU2LTkwMTMtNzMwOTg5OTQ5YTFiXkEyXkFqcGc@._V1_QL75_UX380_CR0,0,380,562_.jpg', 'width': 380, 'height': 562}]",https://www.youtube.com/watch?v=jVZRnnVSQ8k,R,2006,,19-01-2007,"['Spanish', 'Coming-of-Age', 'Dark Fantasy', 'Fairy Tale', 'Period Drama', 'Supernatural Fantasy', 'Teen Fantasy', 'Tragedy', 'Drama', 'Fantasy']","['MX', 'ES']",['http://www.lelabyrinthedepan.com/'],['es'],"['El Espinar, Segovia, Castilla y León, Spain']","[{'id': 'co0040776', 'name': 'Tequila Gang'}, {'id': 'co0016173', 'name': 'Estudios Picasso'}, {'id': 'co0816169', 'name': 'Esperanto Filmoj'}]",19000000,83863565,"['Drama', 'Fantasy', 'War']",FALSE,118,8.2,750575,98
tt0105695,https://www.imdb.com/title/tt0105695/,Unforgiven,Unforgiven,movie,"Retired Old West gunslinger Will Munny reluctantly takes on one last job to avenge an injustice with the help of his old partner and a young would-be gunman calling himself ""The Schofield Kid"".",https://m.media-amazon.com/images/M/MV5BNmZmMzM3YWMtZjg5Yi00M2MxLTg3ZGItNGU4YjQxNDAxM2Q4XkEyXkFqcGc@.jpg,"[{'url': 'https://m.media-amazon.com/images/M/MV5BNmZmMzM3YWMtZjg5Yi00M2MxLTg3ZGItNGU4YjQxNDAxM2Q4XkEyXkFqcGc@._V1_QL75_UX100_CR0,0,100,148_.jpg', 'width': 100, 'height': 148}, {'url': 'https://m.media-amazon.com/images/M/MV5BNmZmMzM3YWMtZjg5Yi00M2MxLTg3ZGItNGU4YjQxNDAxM2Q4XkEyXkFqcGc@._V1_QL75_UX280_CR0,0,280,414_.jpg', 'width': 280, 'height': 414}, {'url': 'https://m.media-amazon.com/images/M/MV5BNmZmMzM3YWMtZjg5Yi00M2MxLTg3ZGItNGU4YjQxNDAxM2Q4XkEyXkFqcGc@._V1_QL75_UX380_CR0,0,380,562_.jpg', 'width': 380, 'height': 562}]",https://www.youtube.com/watch?v=amE57OniG9Y,R,1992,,07-08-1992,"['Classical Western', 'Period Drama', 'Psychological Drama', 'Tragedy', 'Western Epic', 'Drama', 'Western']",['US'],['https://www.facebook.com/unforgivenofficial'],['en'],"['Brooks, Alberta, Canada']","[{'id': 'co0002663', 'name': 'Warner Bros.'}, {'id': 'co0010258', 'name': 'Malpaso Productions'}]",14400000,159167799,"['Drama', 'Western']",FALSE,130,8.2,470842,85
tt0268978,https://www.imdb.com/title/tt0268978/,A Beautiful Mind,A Beautiful Mind,movie,"A mathematical genius, John Nash made an astonishing discovery early in his career and stood on the brink of international acclaim. But Nash soon found himself on a harrowing journey of self-discovery.",https://m.media-amazon.com/images/M/MV5BYjgzNjFkMmItOGJhNi00NWM3LWJlYTUtNDExMGQ3ZTI3NjJkXkEyXkFqcGc@.jpg,"[{'url': 'https://m.media-amazon.com/images/M/MV5BYjgzNjFkMmItOGJhNi00NWM3LWJlYTUtNDExMGQ3ZTI3NjJkXkEyXkFqcGc@._V1_QL75_UX100_CR0,0,100,148_.jpg', 'width': 100, 'height': 148}, {'url': 'https://m.media-amazon.com/images/M/MV5BYjgzNjFkMmItOGJhNi00NWM3LWJlYTUtNDExMGQ3ZTI3NjJkXkEyXkFqcGc@._V1_QL75_UX280_CR0,0,280,414_.jpg', 'width': 280, 'height': 414}, {'url': 'https://m.media-amazon.com/images/M/MV5BYjgzNjFkMmItOGJhNi00NWM3LWJlYTUtNDExMGQ3ZTI3NjJkXkEyXkFqcGc@._V1_QL75_UX380_CR0,0,380,562_.jpg', 'width': 380, 'height': 562}]",https://www.youtube.com/watch?v=WFJgUm7iOKw,PG-13,2001,,04-01-2002,"['Docudrama', 'Period Drama', 'Psychological Drama', 'Biography', 'Drama', 'Mystery']",['US'],"['https://www.facebook.com/ABeautifulMindFilm', 'http://www.abeautifulmind.com/']",['en'],"['Princeton, New Jersey, USA']","[{'id': 'co0005073', 'name': 'Universal Pictures'}, {'id': 'co0819670', 'name': 'DreamWorks Pictures'}, {'id': 'co0003687', 'name': 'Imagine Entertainment'}]",58000000,316791257,"['Biography', 'Drama', 'Mystery']",FALSE,135,8.2,1059810,72
tt0347149,https://www.imdb.com/title/tt0347149/,Howl's Moving Castle,Hauru no ugoku shiro,movie,"When an unconfident young woman is cursed with an old body by a spiteful witch, her only chance of breaking the spell lies with a self-indulgent yet insecure young wizard and his companions in his legged, walking castle.",https://m.media-amazon.com/images/M/MV5BMTY1OTg0MjE3MV5BMl5BanBnXkFtZTcwNTUxMTkyMQ@@.jpg,"[{'url': 'https://m.media-amazon.com/images/M/MV5BMTY1OTg0MjE3MV5BMl5BanBnXkFtZTcwNTUxMTkyMQ@@._V1_QL75_UX100_CR0,0,100,148_.jpg', 'width': 100, 'height': 148}, {'url': 'https://m.media-amazon.com/images/M/MV5BMTY1OTg0MjE3MV5BMl5BanBnXkFtZTcwNTUxMTkyMQ@@._V1_QL75_UX280_CR0,0,280,414_.jpg', 'width': 280, 'height': 414}, {'url': 'https://m.media-amazon.com/images/M/MV5BMTY1OTg0MjE3MV5BMl5BanBnXkFtZTcwNTUxMTkyMQ@@._V1_QL75_UX380_CR0,0,380,562_.jpg', 'width': 380, 'height': 562}]",https://www.youtube.com/watch?v=iwROgK94zcM,PG,2004,,17-06-2005,"['Japanese', 'Adventure Epic', 'Anime', 'Epic', 'Fantasy Epic', 'Hand-Drawn Animation', 'Supernatural Fantasy', 'Adventure', 'Animation', 'Family']","['JP', 'US']",['http://movies.disney.com/howls-moving-castle'],['ja'],[],"[{'id': 'co1100060', 'name': ""Howl's Moving Castle Production Committee""}, {'id': 'co0049546', 'name': 'Buena Vista Home Entertainment'}, {'id': 'co0064941', 'name': 'DENTSU Music And Entertainment'}]",24000000,243614402,"['Adventure', 'Animation', 'Family']",FALSE,119,8.2,518358,82
tt0040897,https://www.imdb.com/title/tt0040897/,The Treasure of the Sierra Madre,The Treasure of the Sierra Madre,movie,Two down-on-their-luck Americans searching for work in 1920s Mexico convince an old prospector to help them mine for gold in the Sierra Madre Mountains.,https://m.media-amazon.com/images/M/MV5BOWM1YjFmODEtMWNhMC00YmI1LWI0Y2EtYzg0YTBhZWI4ODE3XkEyXkFqcGc@.jpg,"[{'url': 'https://m.media-amazon.com/images/M/MV5BOWM1YjFmODEtMWNhMC00YmI1LWI0Y2EtYzg0YTBhZWI4ODE3XkEyXkFqcGc@._V1_QL75_UX100_CR0,0,100,148_.jpg', 'width': 100, 'height': 148}, {'url': 'https://m.media-amazon.com/images/M/MV5BOWM1YjFmODEtMWNhMC00YmI1LWI0Y2EtYzg0YTBhZWI4ODE3XkEyXkFqcGc@._V1_QL75_UX280_CR0,0,280,414_.jpg', 'width': 280, 'height': 414}, {'url': 'https://m.media-amazon.com/images/M/MV5BOWM1YjFmODEtMWNhMC00YmI1LWI0Y2EtYzg0YTBhZWI4ODE3XkEyXkFqcGc@._V1_QL75_UX380_CR0,0,380,562_.jpg', 'width': 380, 'height': 562}]",https://www.youtube.com/watch?v=1DwXNmorsa0,Approved,1948,,24-01-1948,"['Tragedy', 'Adventure', 'Drama', 'Western']",['US'],[],"['en', 'es']","['Kernville, California, USA']","[{'id': 'co0002663', 'name': 'Warner Bros.'}]",3000000,5014124,"['Adventure', 'Drama', 'Western']",FALSE,126,8.2,142225,98
tt0266543,https://www.imdb.com/title/tt0266543/,Finding Nemo,Finding Nemo,movie,"After his son is captured in the Great Barrier Reef and taken to Sydney, a timid clownfish sets out on a journey to bring him home.",https://m.media-amazon.com/images/M/MV5BMTc5NjExNTA5OV5BMl5BanBnXkFtZTYwMTQ0ODY2.jpg,"[{'url': 'https://m.media-amazon.com/images/M/MV5BMTc5NjExNTA5OV5BMl5BanBnXkFtZTYwMTQ0ODY2._V1_QL75_UX100_CR0,0,100,148_.jpg', 'width': 100, 'height': 148}, {'url': 'https://m.media-amazon.com/images/M/MV5BMTc5NjExNTA5OV5BMl5BanBnXkFtZTYwMTQ0ODY2._V1_QL75_UX280_CR0,0,280,414_.jpg', 'width': 280, 'height': 414}, {'url': 'https://m.media-amazon.com/images/M/MV5BMTc5NjExNTA5OV5BMl5BanBnXkFtZTYwMTQ0ODY2._V1_QL75_UX380_CR0,0,380,562_.jpg', 'width': 380, 'height': 562}]",https://www.youtube.com/watch?v=SPHfeNgogVs,G,2003,,30-05-2003,"['Animal Adventure', 'Buddy Comedy', 'Computer Animation', 'Quest', 'Sea Adventure', 'Adventure', 'Animation', 'Comedy', 'Family']","['US', 'JP']","['https://www.facebook.com/PixarFindingNemo', 'http://movies.disney.com/finding-nemo']",['en'],"['Pixar Animation Studios - 1200 Park Avenue, Emeryville, California, USA']","[{'id': 'co0008970', 'name': 'Walt Disney Pictures'}, {'id': 'co0017902', 'name': 'Pixar Animation Studios'}]",94000000,941637960,"['Adventure', 'Animation', 'Comedy']",FALSE,100,8.2,1219109,90
tt32820897,https://www.imdb.com/title/tt32820897/,Demon Slayer: Kimetsu No Yaiba Infinity Castle,Gekijô-ban Kimetsu no Yaiba Mugen Jô-hen,movie,"The Demon Slayer Corps are drawn into the Infinity Castle, where Tanjiro and the Hashira face terrifying Upper Rank demons in a desperate fight as the final battle against Muzan Kibutsuji begins.",https://m.media-amazon.com/images/M/MV5BOGQ3YWUzYjEtMTJiYy00ZjQ0LWI0YjktYjhiNGVhNGExYTM3XkEyXkFqcGc@.jpg,"[{'url': 'https://m.media-amazon.com/images/M/MV5BOGQ3YWUzYjEtMTJiYy00ZjQ0LWI0YjktYjhiNGVhNGExYTM3XkEyXkFqcGc@._V1_QL75_UX100_CR0,0,100,148_.jpg', 'width': 100, 'height': 148}, {'url': 'https://m.media-amazon.com/images/M/MV5BOGQ3YWUzYjEtMTJiYy00ZjQ0LWI0YjktYjhiNGVhNGExYTM3XkEyXkFqcGc@._V1_QL75_UX280_CR0,0,280,414_.jpg', 'width': 280, 'height': 414}, {'url': 'https://m.media-amazon.com/images/M/MV5BOGQ3YWUzYjEtMTJiYy00ZjQ0LWI0YjktYjhiNGVhNGExYTM3XkEyXkFqcGc@._V1_QL75_UX380_CR0,0,380,562_.jpg', 'width': 380, 'height': 562}]",https://www.youtube.com/watch?v=seX6WMONCkU,R,2025,,12-09-2025,"['Japanese', 'Adult Animation', 'Anime', 'Dark Fantasy', 'Hand-Drawn Animation', 'Shōnen', 'Supernatural Fantasy', 'Sword & Sorcery', 'Action', 'Adventure']","['JP', 'US']",['https://demonslayer-anime.com/infinitycastle/'],['ja'],"['Shinjuku, Tokyo, Japan']","[{'id': 'co0132285', 'name': 'Aniplex'}, {'id': 'co0251163', 'name': 'Crunchyroll'}, {'id': 'co0049595', 'name': 'Shueisha'}]",20000000,793594078,"['Action', 'Adventure', 'Animation']",FALSE,155,8.4,78987,67
tt4729430,https://www.imdb.com/title/tt4729430/,Klaus,Klaus,movie,"A simple act of kindness always sparks another, even in a frozen, faraway place. When Smeerensburg's new postman, Jesper, befriends toymaker Klaus, their gifts melt an age-old feud and deliver a sleigh full of holiday traditions.",https://m.media-amazon.com/images/M/MV5BZDA4ODhlMzctNGRmYi00NmViLTkxZGYtZjRkNGQ5YzYwYWVlXkEyXkFqcGc@.jpg,"[{'url': 'https://m.media-amazon.com/images/M/MV5BZDA4ODhlMzctNGRmYi00NmViLTkxZGYtZjRkNGQ5YzYwYWVlXkEyXkFqcGc@._V1_QL75_UX100_CR0,0,100,148_.jpg', 'width': 100, 'height': 148}, {'url': 'https://m.media-amazon.com/images/M/MV5BZDA4ODhlMzctNGRmYi00NmViLTkxZGYtZjRkNGQ5YzYwYWVlXkEyXkFqcGc@._V1_QL75_UX280_CR0,0,280,414_.jpg', 'width': 280, 'height': 414}, {'url': 'https://m.media-amazon.com/images/M/MV5BZDA4ODhlMzctNGRmYi00NmViLTkxZGYtZjRkNGQ5YzYwYWVlXkEyXkFqcGc@._V1_QL75_UX380_CR0,0,380,562_.jpg', 'width': 380, 'height': 562}]",https://www.youtube.com/watch?v=taE3PwurhYM,PG,2019,,15-11-2019,"['Hand-Drawn Animation', 'Holiday Animation', 'Holiday Comedy', 'Holiday Family', 'Adventure', 'Animation', 'Comedy', 'Family', 'Fantasy', 'Holiday']","['ES', 'GB', 'US', 'AT', 'CA', 'FR']",['http://www.thespastudios.com/'],['en'],[],"[{'id': 'co0556296', 'name': 'The SPA Studios'}, {'id': 'co0435170', 'name': 'Atresmedia Cine'}, {'id': 'co0743375', 'name': 'Netflix Animation'}]",40000000,,"['Adventure', 'Animation', 'Comedy']",FALSE,96,8.2,240526,65
tt0055630,https://www.imdb.com/title/tt0055630/,Yojimbo,Yôjinbô,movie,A crafty ronin comes to a town divided by two criminal gangs and decides to play them against each other to free the town.,https://m.media-amazon.com/images/M/MV5BYzFkODA1N2QtY2UyMC00NTMwLWEyNzctMmE3YjIzNzE1MzY4XkEyXkFqcGc@.jpg,"[{'url': 'https://m.media-amazon.com/images/M/MV5BYzFkODA1N2QtY2UyMC00NTMwLWEyNzctMmE3YjIzNzE1MzY4XkEyXkFqcGc@._V1_QL75_UX100_CR0,0,100,148_.jpg', 'width': 100, 'height': 148}, {'url': 'https://m.media-amazon.com/images/M/MV5BYzFkODA1N2QtY2UyMC00NTMwLWEyNzctMmE3YjIzNzE1MzY4XkEyXkFqcGc@._V1_QL75_UX280_CR0,0,280,414_.jpg', 'width': 280, 'height': 414}, {'url': 'https://m.media-amazon.com/images/M/MV5BYzFkODA1N2QtY2UyMC00NTMwLWEyNzctMmE3YjIzNzE1MzY4XkEyXkFqcGc@._V1_QL75_UX380_CR0,0,380,562_.jpg', 'width': 380, 'height': 562}]",https://www.youtube.com/watch?v=nazk6Zpm_Ks,Not Rated,1961,,13-09-1961,"['Japanese', 'One-Person Army Action', 'Period Drama', 'Psychological Thriller', 'Samurai', 'Action', 'Drama', 'Thriller']",['JP'],[],['ja'],"['Toho Studios, Tokyo, Japan']","[{'id': 'co0095216', 'name': 'Kurosawa Production Co.'}, {'id': 'co0366837', 'name': 'Sammy'}, {'id': 'co0002219', 'name': 'Toho'}]",,73334,"['Action', 'Drama', 'Thriller']",FALSE,110,8.2,144080,93
tt0080678,https://www.imdb.com/title/tt0080678/,The Elephant Man,The Elephant Man,movie,"A Victorian surgeon rescues a heavily-disfigured and mistreated young man working as a sideshow freak, who gradually reveals his capacity for kindness, intelligence and sophistication.",https://m.media-amazon.com/images/M/MV5BMGE2MzViYzEtZDFmOC00YmViLWFkZTQtYmI2NmI3NDJjMDc0XkEyXkFqcGc@.jpg,"[{'url': 'https://m.media-amazon.com/images/M/MV5BMGE2MzViYzEtZDFmOC00YmViLWFkZTQtYmI2NmI3NDJjMDc0XkEyXkFqcGc@._V1_QL75_UX100_CR0,0,100,148_.jpg', 'width': 100, 'height': 148}, {'url': 'https://m.media-amazon.com/images/M/MV5BMGE2MzViYzEtZDFmOC00YmViLWFkZTQtYmI2NmI3NDJjMDc0XkEyXkFqcGc@._V1_QL75_UX280_CR0,0,280,414_.jpg', 'width': 280, 'height': 414}, {'url': 'https://m.media-amazon.com/images/M/MV5BMGE2MzViYzEtZDFmOC00YmViLWFkZTQtYmI2NmI3NDJjMDc0XkEyXkFqcGc@._V1_QL75_UX380_CR0,0,380,562_.jpg', 'width': 380, 'height': 562}]",https://www.youtube.com/watch?v=AF9gNKJi79g,PG,1980,,10-10-1980,"['Docudrama', 'Period Drama', 'Psychological Drama', 'Tragedy', 'Biography', 'Drama']","['US', 'GB']",[],"['en', 'fr']","[""Butler's Wharf, Shad Thames, Southwark, London, England, UK""]","[{'id': 'co0000858', 'name': 'Brooksfilms'}]",5000000,26078397,"['Biography', 'Drama']",FALSE,124,8.2,283153,78
tt0057115,https://www.imdb.com/title/tt0057115/,The Great Escape,The Great Escape,movie,Allied officers in a German POW camp during World War II make a daring plan for a mass escape.,https://m.media-amazon.com/images/M/MV5BMDRhNmJjMzEtMWU5MC00YmEyLTg3ZmYtNzYxZTI1ZGU4ZjI1XkEyXkFqcGc@.jpg,"[{'url': 'https://m.media-amazon.com/images/M/MV5BMDRhNmJjMzEtMWU5MC00YmEyLTg3ZmYtNzYxZTI1ZGU4ZjI1XkEyXkFqcGc@._V1_QL75_UX100_CR0,0,100,148_.jpg', 'width': 100, 'height': 148}, {'url': 'https://m.media-amazon.com/images/M/MV5BMDRhNmJjMzEtMWU5MC00YmEyLTg3ZmYtNzYxZTI1ZGU4ZjI1XkEyXkFqcGc@._V1_QL75_UX280_CR0,0,280,414_.jpg', 'width': 280, 'height': 414}, {'url': 'https://m.media-amazon.com/images/M/MV5BMDRhNmJjMzEtMWU5MC00YmEyLTg3ZmYtNzYxZTI1ZGU4ZjI1XkEyXkFqcGc@._V1_QL75_UX380_CR0,0,380,562_.jpg', 'width': 380, 'height': 562}]",https://www.youtube.com/watch?v=M2bEzJFVdQ4,Approved,1963,,04-07-1963,"['Epic', 'Period Drama', 'Prison Drama', 'War Epic', 'Adventure', 'Drama', 'Thriller', 'War']",['US'],[],"['en', 'de', 'fr', 'ru', 'es']","['Füssen, Bavaria, Germany']","[{'id': 'co0258862', 'name': 'The Mirisch Company'}, {'id': 'co0149497', 'name': 'Alpha Productions'}]",4000000,232707,"['Adventure', 'Drama', 'Thriller']",FALSE,172,8.2,278993,86
tt0071853,https://www.imdb.com/title/tt0071853/,Monty Python and the Holy Grail,Monty Python and the Holy Grail,movie,"King Arthur and his Knights of the Round Table embark on a surreal, low-budget search for the Holy Grail, encountering many, very silly obstacles.",https://m.media-amazon.com/images/M/MV5BYWY4YmUzZmUtMzQ0ZS00N2Y2LWJlODQtN2IwMDc1MWQwMmU3XkEyXkFqcGc@.jpg,"[{'url': 'https://m.media-amazon.com/images/M/MV5BYWY4YmUzZmUtMzQ0ZS00N2Y2LWJlODQtN2IwMDc1MWQwMmU3XkEyXkFqcGc@._V1_QL75_UX100_CR0,0,100,148_.jpg', 'width': 100, 'height': 148}, {'url': 'https://m.media-amazon.com/images/M/MV5BYWY4YmUzZmUtMzQ0ZS00N2Y2LWJlODQtN2IwMDc1MWQwMmU3XkEyXkFqcGc@._V1_QL75_UX280_CR0,0,280,414_.jpg', 'width': 280, 'height': 414}, {'url': 'https://m.media-amazon.com/images/M/MV5BYWY4YmUzZmUtMzQ0ZS00N2Y2LWJlODQtN2IwMDc1MWQwMmU3XkEyXkFqcGc@._V1_QL75_UX380_CR0,0,380,562_.jpg', 'width': 380, 'height': 562}]",https://www.youtube.com/watch?v=4b52A3sKz-I,PG,1975,,18-07-1975,"['Farce', 'Parody', 'Quest', 'Satire', 'Sketch Comedy', 'Slapstick', 'Sword & Sorcery', 'Adventure', 'Comedy', 'Fantasy']",['GB'],[],"['en', 'fr', 'la', 'sv']","['Castle Stalker, Appin, Argyll and Bute, Scotland, UK']","[{'id': 'co0103397', 'name': 'Python (Monty) Pictures'}, {'id': 'co0103461', 'name': 'Michael White Productions'}, {'id': 'co0061741', 'name': 'National Film Trustee Company'}]",229575,2942232,"['Adventure', 'Comedy', 'Fantasy']",FALSE,91,8.1,605899,91
tt0046912,https://www.imdb.com/title/tt0046912/,Dial M for Murder,Dial M for Murder,movie,"A London playboy plots the perfect murder of his rich, unfaithful wife.",https://m.media-amazon.com/images/M/MV5BZmYzNDgzYjgtNmU3Ny00YzUxLWE3OWUtMjIxZmNkYTVhNDZmXkEyXkFqcGc@.jpg,"[{'url': 'https://m.media-amazon.com/images/M/MV5BZmYzNDgzYjgtNmU3Ny00YzUxLWE3OWUtMjIxZmNkYTVhNDZmXkEyXkFqcGc@._V1_QL75_UX100_CR0,0,100,148_.jpg', 'width': 100, 'height': 148}, {'url': 'https://m.media-amazon.com/images/M/MV5BZmYzNDgzYjgtNmU3Ny00YzUxLWE3OWUtMjIxZmNkYTVhNDZmXkEyXkFqcGc@._V1_QL75_UX280_CR0,0,280,414_.jpg', 'width': 280, 'height': 414}, {'url': 'https://m.media-amazon.com/images/M/MV5BZmYzNDgzYjgtNmU3Ny00YzUxLWE3OWUtMjIxZmNkYTVhNDZmXkEyXkFqcGc@._V1_QL75_UX380_CR0,0,380,562_.jpg', 'width': 380, 'height': 562}]",https://www.youtube.com/watch?v=_rLa7HIkkQc,PG,1954,,29-05-1954,"['Crime', 'Drama', 'Mystery', 'Thriller']",['US'],[],['en'],"['Stage 5, Warner Brothers Burbank Studios - 4000 Warner Boulevard, Burbank, California, USA']","[{'id': 'co0002663', 'name': 'Warner Bros.'}]",1400000,45773,"['Crime', 'Drama', 'Mystery']",FALSE,105,8.1,206139,75
tt1305806,https://www.imdb.com/title/tt1305806/,The Secret in Their Eyes,El secreto de sus ojos,movie,"A retired court investigator revisits a decades old murder while trying to finish the story that has followed him ever since, forcing old evidence and unfinished feelings back into the light.",https://m.media-amazon.com/images/M/MV5BMTgwNTI3OTczOV5BMl5BanBnXkFtZTcwMTM3MTUyMw@@.jpg,"[{'url': 'https://m.media-amazon.com/images/M/MV5BMTgwNTI3OTczOV5BMl5BanBnXkFtZTcwMTM3MTUyMw@@._V1_QL75_UX100_CR0,0,100,148_.jpg', 'width': 100, 'height': 148}, {'url': 'https://m.media-amazon.com/images/M/MV5BMTgwNTI3OTczOV5BMl5BanBnXkFtZTcwMTM3MTUyMw@@._V1_QL75_UX280_CR0,0,280,414_.jpg', 'width': 280, 'height': 414}, {'url': 'https://m.media-amazon.com/images/M/MV5BMTgwNTI3OTczOV5BMl5BanBnXkFtZTcwMTM3MTUyMw@@._V1_QL75_UX380_CR0,0,380,562_.jpg', 'width': 380, 'height': 562}]",https://www.youtube.com/watch?v=dcK7WvdNSBc,R,2009,,21-05-2010,"['Spanish', 'Dark Romance', 'Legal Thriller', 'Period Drama', 'Psychological Drama', 'Psychological Thriller', 'Suspense Mystery', 'Tragedy', 'Whodunnit', 'Drama']","['AR', 'ES']",[],['es'],"['Estación Retiro, Retiro, Buenos Aires, Federal District, Argentina']","[{'id': 'co0033873', 'name': 'Tornasol Films'}, {'id': 'co0233453', 'name': 'Haddock Films'}, {'id': 'co0119804', 'name': '100 Bares'}]",2000000,35079650,"['Drama', 'Mystery', 'Romance']",FALSE,129,8.2,244184,80
tt0031381,https://www.imdb.com/title/tt0031381/,Gone with the Wind,Gone with the Wind,movie,A sheltered and manipulative Southern belle and a roguish profiteer face off in a turbulent romance as the society around them crumbles with the end of slavery and is rebuilt during the Civil War and Reconstruction periods.,https://m.media-amazon.com/images/M/MV5BYmYxZTE3YzMtYmE2Yy00NmFlLTkzYTAtYTAzN2IzNDFkN2E0XkEyXkFqcGc@.jpg,"[{'url': 'https://m.media-amazon.com/images/M/MV5BYmYxZTE3YzMtYmE2Yy00NmFlLTkzYTAtYTAzN2IzNDFkN2E0XkEyXkFqcGc@._V1_QL75_UX100_CR0,0,100,148_.jpg', 'width': 100, 'height': 148}, {'url': 'https://m.media-amazon.com/images/M/MV5BYmYxZTE3YzMtYmE2Yy00NmFlLTkzYTAtYTAzN2IzNDFkN2E0XkEyXkFqcGc@._V1_QL75_UX280_CR0,0,280,414_.jpg', 'width': 280, 'height': 414}, {'url': 'https://m.media-amazon.com/images/M/MV5BYmYxZTE3YzMtYmE2Yy00NmFlLTkzYTAtYTAzN2IzNDFkN2E0XkEyXkFqcGc@._V1_QL75_UX380_CR0,0,380,562_.jpg', 'width': 380, 'height': 562}]",https://www.youtube.com/watch?v=0dTsfsr6-X8,G,1939,,17-01-1940,"['Costume Drama', 'Epic', 'Period Drama', 'Psychological Drama', 'Romantic Epic', 'Tragic Romance', 'War Epic', 'Drama', 'Romance', 'War']",['US'],[],['en'],"['Big Bear Lake, Big Bear Valley, San Bernardino National Forest, California, USA']","[{'id': 'co0130901', 'name': 'Selznick International Pictures'}, {'id': 'co0007143', 'name': 'Metro-Goldwyn-Mayer (MGM)'}]",3977000,402382193,"['Drama', 'Romance', 'War']",FALSE,238,8.2,357410,97
tt0120735,https://www.imdb.com/title/tt0120735/,"Lock, Stock and Two Smoking Barrels","Lock, Stock and Two Smoking Barrels",movie,"When four small-time criminals lose a rigged poker game against a London kingpin, he gives them one week to settle their enormous debt.",https://m.media-amazon.com/images/M/MV5BMmY1M2M5ZmMtYzllZC00YzAxLTk4MjktZDJkNjA1MTUwMGQ4XkEyXkFqcGc@.jpg,"[{'url': 'https://m.media-amazon.com/images/M/MV5BMmY1M2M5ZmMtYzllZC00YzAxLTk4MjktZDJkNjA1MTUwMGQ4XkEyXkFqcGc@._V1_QL75_UX100_CR0,0,100,148_.jpg', 'width': 100, 'height': 148}, {'url': 'https://m.media-amazon.com/images/M/MV5BMmY1M2M5ZmMtYzllZC00YzAxLTk4MjktZDJkNjA1MTUwMGQ4XkEyXkFqcGc@._V1_QL75_UX280_CR0,0,280,414_.jpg', 'width': 280, 'height': 414}, {'url': 'https://m.media-amazon.com/images/M/MV5BMmY1M2M5ZmMtYzllZC00YzAxLTk4MjktZDJkNjA1MTUwMGQ4XkEyXkFqcGc@._V1_QL75_UX380_CR0,0,380,562_.jpg', 'width': 380, 'height': 562}]",https://www.youtube.com/watch?v=HY7mRdQuUSw,R,1998,,28-08-1998,"['Caper', 'Dark Comedy', 'Farce', 'Gangster', 'Heist', 'Comedy', 'Crime']","['GB', 'US']",['https://www.facebook.com/LSand2SB/'],['en'],"['St John Street, London, Greater London, England, UK']","[{'id': 'co0024369', 'name': 'The Steve Tisch Company'}, {'id': 'co0000750', 'name': 'SKA Films'}]",960000,3753929,"['Comedy', 'Crime']",FALSE,107,8.1,652077,67
tt0071315,https://www.imdb.com/title/tt0071315/,Chinatown,Chinatown,movie,"A private detective hired to expose an adulterer in 1930s Los Angeles finds himself caught up in a web of deceit, corruption, and murder.",https://m.media-amazon.com/images/M/MV5BNmRmZTE0NmUtZjhiZi00MzQ3LTk3ZjctN2Q3ODYzY2U3MDk3XkEyXkFqcGc@.jpg,"[{'url': 'https://m.media-amazon.com/images/M/MV5BNmRmZTE0NmUtZjhiZi00MzQ3LTk3ZjctN2Q3ODYzY2U3MDk3XkEyXkFqcGc@._V1_QL75_UX100_CR0,0,100,148_.jpg', 'width': 100, 'height': 148}, {'url': 'https://m.media-amazon.com/images/M/MV5BNmRmZTE0NmUtZjhiZi00MzQ3LTk3ZjctN2Q3ODYzY2U3MDk3XkEyXkFqcGc@._V1_QL75_UX280_CR0,0,280,414_.jpg', 'width': 280, 'height': 414}, {'url': 'https://m.media-amazon.com/images/M/MV5BNmRmZTE0NmUtZjhiZi00MzQ3LTk3ZjctN2Q3ODYzY2U3MDk3XkEyXkFqcGc@._V1_QL75_UX380_CR0,0,380,562_.jpg', 'width': 380, 'height': 562}]",https://www.youtube.com/watch?v=T37QkBc4IGY,R,1974,,20-06-1974,"['Conspiracy Thriller', 'Hard-boiled Detective', 'Period Drama', 'Psychological Drama', 'Psychological Thriller', 'Tragedy', 'Drama', 'Mystery', 'Thriller']",['US'],[],"['en', 'es']","['Big Tujunga Wash at Foothill Blvd., Sunland, Los Angeles, California, USA']","[{'id': 'co0023400', 'name': 'Paramount Pictures'}, {'id': 'co0001235', 'name': 'Penthouse Video'}, {'id': 'co0044146', 'name': 'Long Road Productions'}]",6000000,29236061,"['Drama', 'Mystery', 'Thriller']",FALSE,130,8.1,378538,92
tt0264464,https://www.imdb.com/title/tt0264464/,Catch Me If You Can,Catch Me If You Can,movie,"A runaway teenager lives an exciting life by forging checks and impersonating several professions, but his fraudulent activities soon attract the attention of the FBI.",https://m.media-amazon.com/images/M/MV5BMTY5MzYzNjc5NV5BMl5BanBnXkFtZTYwNTUyNTc2.jpg,"[{'url': 'https://m.media-amazon.com/images/M/MV5BMTY5MzYzNjc5NV5BMl5BanBnXkFtZTYwNTUyNTc2._V1_QL75_UX100_CR0,0,100,148_.jpg', 'width': 100, 'height': 148}, {'url': 'https://m.media-amazon.com/images/M/MV5BMTY5MzYzNjc5NV5BMl5BanBnXkFtZTYwNTUyNTc2._V1_QL75_UX280_CR0,0,280,414_.jpg', 'width': 280, 'height': 414}, {'url': 'https://m.media-amazon.com/images/M/MV5BMTY5MzYzNjc5NV5BMl5BanBnXkFtZTYwNTUyNTc2._V1_QL75_UX380_CR0,0,380,562_.jpg', 'width': 380, 'height': 562}]",https://www.youtube.com/watch?v=71rDQ7z4eFg,PG-13,2002,,25-12-2002,"['Caper', 'Docudrama', 'Globetrotting Adventure', 'Period Drama', 'True Crime', 'Biography', 'Crime', 'Drama']","['US', 'CA']",['https://www.facebook.com/CatchMeIfYouCanMovie'],"['en', 'fr']","['Alcatraz Prison, Alcatraz Island, San Francisco Bay, California, USA']","[{'id': 'co0819670', 'name': 'DreamWorks Pictures'}, {'id': 'co0084134', 'name': 'Kemp Company'}, {'id': 'co0112912', 'name': 'Splendid Pictures'}]",52000000,352114312,"['Biography', 'Crime', 'Drama']",FALSE,141,8.1,1255617,75
tt0434409,https://www.imdb.com/title/tt0434409/,V for Vendetta,V for Vendetta,movie,A young woman living in a dystopian society meets a shadowy freedom fighter who is plotting to overthrow their tyrannical government.,https://m.media-amazon.com/images/M/MV5BZDEwOTRjNjgtOGY0MC00NGYxLWFmYmQtNjc1ZjVhMTc0OWUxXkEyXkFqcGc@.jpg,"[{'url': 'https://m.media-amazon.com/images/M/MV5BZDEwOTRjNjgtOGY0MC00NGYxLWFmYmQtNjc1ZjVhMTc0OWUxXkEyXkFqcGc@._V1_QL75_UX100_CR0,0,100,148_.jpg', 'width': 100, 'height': 148}, {'url': 'https://m.media-amazon.com/images/M/MV5BZDEwOTRjNjgtOGY0MC00NGYxLWFmYmQtNjc1ZjVhMTc0OWUxXkEyXkFqcGc@._V1_QL75_UX280_CR0,0,280,414_.jpg', 'width': 280, 'height': 414}, {'url': 'https://m.media-amazon.com/images/M/MV5BZDEwOTRjNjgtOGY0MC00NGYxLWFmYmQtNjc1ZjVhMTc0OWUxXkEyXkFqcGc@._V1_QL75_UX380_CR0,0,380,562_.jpg', 'width': 380, 'height': 562}]",https://www.youtube.com/watch?v=V5VGq23aZ-g,R,2005,,17-03-2006,"['Action Epic', 'Dystopian Sci-Fi', 'Epic', 'Political Drama', 'Political Thriller', 'Psychological Thriller', 'Sci-Fi Epic', 'Superhero', 'Action', 'Drama']","['US', 'GB', 'DE']","['https://www.facebook.com/pages/V-For-Vendetta/191457994228848', 'http://vforvendetta.warnerbros.com/']","['en', 'fr', 'la', 'es']","['Aldwych Underground Railway Station, Surrey Street, Aldwych, Westminster, Greater London, England, UK']","[{'id': 'co0002663', 'name': 'Warner Bros.'}, {'id': 'co0167271', 'name': 'Virtual Studios'}, {'id': 'co0019968', 'name': 'Silver Pictures'}]",54000000,134686457,"['Action', 'Drama', 'Sci-Fi']",FALSE,132,8.1,1252347,62
tt0346336,https://www.imdb.com/title/tt0346336/,The Best of Youth,La meglio gioventù,movie,An Italian epic that follows the lives of two brothers from the 1960s to the 2000s.,https://m.media-amazon.com/images/M/MV5BYzcxMTE2YjUtMzIyMy00NDNjLWE3ZWYtODQzYmNhNDVhNDZmXkEyXkFqcGc@.jpg,"[{'url': 'https://m.media-amazon.com/images/M/MV5BYzcxMTE2YjUtMzIyMy00NDNjLWE3ZWYtODQzYmNhNDVhNDZmXkEyXkFqcGc@._V1_QL75_UX100_CR0,0,100,148_.jpg', 'width': 100, 'height': 148}, {'url': 'https://m.media-amazon.com/images/M/MV5BYzcxMTE2YjUtMzIyMy00NDNjLWE3ZWYtODQzYmNhNDVhNDZmXkEyXkFqcGc@._V1_QL75_UX280_CR0,0,280,414_.jpg', 'width': 280, 'height': 414}, {'url': 'https://m.media-amazon.com/images/M/MV5BYzcxMTE2YjUtMzIyMy00NDNjLWE3ZWYtODQzYmNhNDVhNDZmXkEyXkFqcGc@._V1_QL75_UX380_CR0,0,380,562_.jpg', 'width': 380, 'height': 562}]",https://www.youtube.com/watch?v=eIozQwKTxp0,R,2003,,20-06-2003,"['Italian', 'Epic', 'Drama', 'Romance']",['IT'],"['http://www.miramax.com/movie/the-best-of-youth-la-meglio-gioventu', 'https://www.raiplay.it/programmi/lamegliogioventu']","['it', 'en', 'no']","['Florence, Tuscany, Italy']","[{'id': 'co0089379', 'name': 'BiBi Film'}, {'id': 'co0068775', 'name': 'Rai Fiction'}, {'id': 'co0022818', 'name': 'Film Commission Torino-Piemonte'}]",,2799773,"['Drama', 'Romance']",FALSE,374,8.4,28539,89
tt2096673,https://www.imdb.com/title/tt2096673/,Inside Out,Inside Out,movie,"After a young girl is uprooted from her Midwest life and moved to San Francisco, her emotions conflict on how best to navigate her new reality.",https://m.media-amazon.com/images/M/MV5BOTgxMDQwMDk0OF5BMl5BanBnXkFtZTgwNjU5OTg2NDE@.jpg,"[{'url': 'https://m.media-amazon.com/images/M/MV5BOTgxMDQwMDk0OF5BMl5BanBnXkFtZTgwNjU5OTg2NDE@._V1_QL75_UX100_CR0,0,100,148_.jpg', 'width': 100, 'height': 148}, {'url': 'https://m.media-amazon.com/images/M/MV5BOTgxMDQwMDk0OF5BMl5BanBnXkFtZTgwNjU5OTg2NDE@._V1_QL75_UX280_CR0,0,280,414_.jpg', 'width': 280, 'height': 414}, {'url': 'https://m.media-amazon.com/images/M/MV5BOTgxMDQwMDk0OF5BMl5BanBnXkFtZTgwNjU5OTg2NDE@._V1_QL75_UX380_CR0,0,380,562_.jpg', 'width': 380, 'height': 562}]",https://www.youtube.com/watch?v=_MC3XuMvsDI,PG,2015,,19-06-2015,"['Coming-of-Age', 'Computer Animation', 'High-Concept Comedy', 'Psychological Drama', 'Adventure', 'Animation', 'Comedy', 'Drama', 'Family', 'Fantasy']",['US'],"['http://movies.disney.com/inside-out', 'http://aja.disney.com/inside-out']","['en', 'pt', 'lv']","['Pixar Animation Studios - 1200 Park Avenue, Emeryville, California, USA']","[{'id': 'co0008970', 'name': 'Walt Disney Pictures'}, {'id': 'co0017902', 'name': 'Pixar Animation Studios'}]",175000000,859076401,"['Adventure', 'Animation', 'Comedy']",FALSE,95,8.1,926683,94
tt0097165,https://www.imdb.com/title/tt0097165/,Dead Poets Society,Dead Poets Society,movie,A maverick teacher at a prestigious New England boys' boarding school uses poetry to embolden his pupils to new heights of self-expression.,https://m.media-amazon.com/images/M/MV5BMDYwNGVlY2ItMWYxMS00YjZiLWE5MTAtYWM5NWQ2ZWJjY2Q3XkEyXkFqcGc@.jpg,"[{'url': 'https://m.media-amazon.com/images/M/MV5BMDYwNGVlY2ItMWYxMS00YjZiLWE5MTAtYWM5NWQ2ZWJjY2Q3XkEyXkFqcGc@._V1_QL75_UX100_CR0,0,100,148_.jpg', 'width': 100, 'height': 148}, {'url': 'https://m.media-amazon.com/images/M/MV5BMDYwNGVlY2ItMWYxMS00YjZiLWE5MTAtYWM5NWQ2ZWJjY2Q3XkEyXkFqcGc@._V1_QL75_UX280_CR0,0,280,414_.jpg', 'width': 280, 'height': 414}, {'url': 'https://m.media-amazon.com/images/M/MV5BMDYwNGVlY2ItMWYxMS00YjZiLWE5MTAtYWM5NWQ2ZWJjY2Q3XkEyXkFqcGc@._V1_QL75_UX380_CR0,0,380,562_.jpg', 'width': 380, 'height': 562}]",https://www.youtube.com/watch?v=rLCJaTDdWtw,PG,1989,,09-06-1989,"['Coming-of-Age', 'Psychological Drama', 'Teen Drama', 'Comedy', 'Drama']",['US'],[],"['en', 'la', 'fr']","[""St. Andrew's School - 350 Noxontown Road, Middletown, Delaware, USA""]","[{'id': 'co0049348', 'name': 'Touchstone Pictures'}, {'id': 'co0133018', 'name': 'Silver Screen Partners IV'}, {'id': 'co0587257', 'name': 'A Steven Haft Production'}]",16400000,235860116,"['Comedy', 'Drama']",FALSE,128,8.1,663088,79
tt0117951,https://www.imdb.com/title/tt0117951/,Trainspotting,Trainspotting,movie,"Renton, deeply immersed in the Edinburgh drug scene, tries to clean up and get out despite the allure of drugs and the influence of friends.",https://m.media-amazon.com/images/M/MV5BYmVkNGJkMzQtYWQwOS00OTZmLThjODQtZjNjNzllYzRiNTE0XkEyXkFqcGc@.jpg,"[{'url': 'https://m.media-amazon.com/images/M/MV5BYmVkNGJkMzQtYWQwOS00OTZmLThjODQtZjNjNzllYzRiNTE0XkEyXkFqcGc@._V1_QL75_UX100_CR0,0,100,148_.jpg', 'width': 100, 'height': 148}, {'url': 'https://m.media-amazon.com/images/M/MV5BYmVkNGJkMzQtYWQwOS00OTZmLThjODQtZjNjNzllYzRiNTE0XkEyXkFqcGc@._V1_QL75_UX280_CR0,0,280,414_.jpg', 'width': 280, 'height': 414}, {'url': 'https://m.media-amazon.com/images/M/MV5BYmVkNGJkMzQtYWQwOS00OTZmLThjODQtZjNjNzllYzRiNTE0XkEyXkFqcGc@._V1_QL75_UX380_CR0,0,380,562_.jpg', 'width': 380, 'height': 562}]",https://www.youtube.com/watch?v=KhGT6itWByA,R,1996,,09-08-1996,"['Caper', 'Dark Comedy', 'Drug Crime', 'Psychological Drama', 'Crime', 'Drama']","['GB', 'US']","['http://www.facebook.com/TrainSpottingOfficial', 'http://www.miramax.com/movie/trainspotting']",['en'],"['Corrour Railway Station, Highland, Scotland, UK']","[{'id': 'co0103532', 'name': 'Channel Four Films'}, {'id': 'co0103732', 'name': 'Figment Films'}, {'id': 'co0011025', 'name': 'The Noel Gay Motion Picture Company'}]",1500000,17394237,"['Crime', 'Drama']",FALSE,93,8.1,771878,83
tt5027774,https://www.imdb.com/title/tt5027774/,"Three Billboards Outside Ebbing, Missouri","Three Billboards Outside Ebbing, Missouri",movie,A mother personally challenges the local authorities to solve her daughter's murder when they fail to catch the culprit.,https://m.media-amazon.com/images/M/MV5BMjI0ODcxNzM1N15BMl5BanBnXkFtZTgwMzIwMTEwNDI@.jpg,"[{'url': 'https://m.media-amazon.com/images/M/MV5BMjI0ODcxNzM1N15BMl5BanBnXkFtZTgwMzIwMTEwNDI@._V1_QL75_UX100_CR0,0,100,148_.jpg', 'width': 100, 'height': 148}, {'url': 'https://m.media-amazon.com/images/M/MV5BMjI0ODcxNzM1N15BMl5BanBnXkFtZTgwMzIwMTEwNDI@._V1_QL75_UX280_CR0,0,280,414_.jpg', 'width': 280, 'height': 414}, {'url': 'https://m.media-amazon.com/images/M/MV5BMjI0ODcxNzM1N15BMl5BanBnXkFtZTgwMzIwMTEwNDI@._V1_QL75_UX380_CR0,0,380,562_.jpg', 'width': 380, 'height': 562}]",https://www.youtube.com/watch?v=Jit3YhGx5pU,R,2017,,01-12-2017,"['Dark Comedy', 'Psychological Drama', 'Satire', 'Comedy', 'Crime', 'Drama']","['GB', 'US']","['https://www.channel4.com/programmes/three-billboards-outside-ebbing-missouri', 'http://www.facebook.com/ThreeBillboardsOutsideEbbing/']",['en'],"['Black Mountain, North Carolina, USA']","[{'id': 'co0010002', 'name': 'Blueprint Pictures'}, {'id': 'co0167631', 'name': 'Film4'}]",15000000,162729321,"['Comedy', 'Crime', 'Drama']",FALSE,115,8.1,612783,88
tt1201607,https://www.imdb.com/title/tt1201607/,Harry Potter and the Deathly Hallows: Part 2,Harry Potter and the Deathly Hallows: Part 2,movie,"Harry, Ron and Hermione set out on a quest to eliminate the remaining horcruxes. On the other hand, the students and teachers must unite to defend Hogwarts against Lord Voldemort and his army.",https://m.media-amazon.com/images/M/MV5BOTA1Mzc2N2ItZWRiNS00MjQzLTlmZDQtMjU0NmY1YWRkMGQ4XkEyXkFqcGc@.jpg,"[{'url': 'https://m.media-amazon.com/images/M/MV5BOTA1Mzc2N2ItZWRiNS00MjQzLTlmZDQtMjU0NmY1YWRkMGQ4XkEyXkFqcGc@._V1_QL75_UX100_CR0,0,100,148_.jpg', 'width': 100, 'height': 148}, {'url': 'https://m.media-amazon.com/images/M/MV5BOTA1Mzc2N2ItZWRiNS00MjQzLTlmZDQtMjU0NmY1YWRkMGQ4XkEyXkFqcGc@._V1_QL75_UX280_CR0,0,280,414_.jpg', 'width': 280, 'height': 414}, {'url': 'https://m.media-amazon.com/images/M/MV5BOTA1Mzc2N2ItZWRiNS00MjQzLTlmZDQtMjU0NmY1YWRkMGQ4XkEyXkFqcGc@._V1_QL75_UX380_CR0,0,380,562_.jpg', 'width': 380, 'height': 562}]",https://www.youtube.com/watch?v=mObK5XD8udk,PG-13,2011,,15-07-2011,"['Harry Potter', 'Adventure Epic', 'Coming-of-Age', 'Dark Fantasy', 'Fantasy Epic', 'Sword & Sorcery', 'Teen Adventure', 'Teen Fantasy', 'Adventure', 'Family']","['GB', 'US']","['http://www.facebook.com/harrypotter', 'http://www.instagram.com/harrypotter']","['en', 'la']","['Freshwater West Beach, Castlemartin, Pembroke, Pembrokeshire, Wales, UK']","[{'id': 'co0002663', 'name': 'Warner Bros.'}, {'id': 'co0159772', 'name': 'Heyday Films'}]",125000000,1342942050,"['Adventure', 'Family', 'Fantasy']",FALSE,130,8.1,1056349,85
tt0050212,https://www.imdb.com/title/tt0050212/,The Bridge on the River Kwai,The Bridge on the River Kwai,movie,"British POWs are forced to build a railway bridge across the river Kwai for their Japanese captors in occupied Burma, not knowing that the allied forces are planning a daring commando raid through the jungle to destroy it.",https://m.media-amazon.com/images/M/MV5BNzdkYmU2YmItNmZiYy00OWQyLTg0YWYtZmUxM2U3YTRiNTQ1XkEyXkFqcGc@.jpg,"[{'url': 'https://m.media-amazon.com/images/M/MV5BNzdkYmU2YmItNmZiYy00OWQyLTg0YWYtZmUxM2U3YTRiNTQ1XkEyXkFqcGc@._V1_QL75_UX100_CR0,0,100,148_.jpg', 'width': 100, 'height': 148}, {'url': 'https://m.media-amazon.com/images/M/MV5BNzdkYmU2YmItNmZiYy00OWQyLTg0YWYtZmUxM2U3YTRiNTQ1XkEyXkFqcGc@._V1_QL75_UX280_CR0,0,280,414_.jpg', 'width': 280, 'height': 414}, {'url': 'https://m.media-amazon.com/images/M/MV5BNzdkYmU2YmItNmZiYy00OWQyLTg0YWYtZmUxM2U3YTRiNTQ1XkEyXkFqcGc@._V1_QL75_UX380_CR0,0,380,562_.jpg', 'width': 380, 'height': 562}]",https://www.youtube.com/watch?v=RlC7XBayj0s,PG,1957,,14-12-1957,"['Jungle Adventure', 'War Epic', 'Adventure', 'Drama', 'War']","['GB', 'US']",[],"['en', 'ja', 'th']","['Ambepussa, Sri Lanka']","[{'id': 'co0103190', 'name': 'Horizon Pictures (II)'}]",3000000,27202719,"['Adventure', 'Drama', 'War']",FALSE,161,8.1,249829,88
tt0042876,https://www.imdb.com/title/tt0042876/,Rashomon,Rashômon,movie,Three parties and a witness have four versions of a rape/murder in ninth-century Japan.,https://m.media-amazon.com/images/M/MV5BZDlkYjViMDAtYjkxNy00ZDk1LWE5MmUtNDc4NDU3ZWJmOTYzXkEyXkFqcGc@.jpg,"[{'url': 'https://m.media-amazon.com/images/M/MV5BZDlkYjViMDAtYjkxNy00ZDk1LWE5MmUtNDc4NDU3ZWJmOTYzXkEyXkFqcGc@._V1_QL75_UX100_CR0,0,100,148_.jpg', 'width': 100, 'height': 148}, {'url': 'https://m.media-amazon.com/images/M/MV5BZDlkYjViMDAtYjkxNy00ZDk1LWE5MmUtNDc4NDU3ZWJmOTYzXkEyXkFqcGc@._V1_QL75_UX280_CR0,0,280,414_.jpg', 'width': 280, 'height': 414}, {'url': 'https://m.media-amazon.com/images/M/MV5BZDlkYjViMDAtYjkxNy00ZDk1LWE5MmUtNDc4NDU3ZWJmOTYzXkEyXkFqcGc@._V1_QL75_UX380_CR0,0,380,562_.jpg', 'width': 380, 'height': 562}]",https://www.youtube.com/watch?v=L2E_DfExUmU,Not Rated,1950,,26-12-1951,"['Japanese', 'Period Drama', 'Crime', 'Drama', 'Mystery']",['JP'],[],['ja'],"['Komyoji Temple, Kyoto, Japan']","[{'id': 'co0045027', 'name': 'Daiei'}]",250000,147443,"['Crime', 'Drama', 'Mystery']",FALSE,88,8.1,197918,98
tt0072684,https://www.imdb.com/title/tt0072684/,Barry Lyndon,Barry Lyndon,movie,An Irish rogue wins the heart of a rich widow and assumes her dead husband's aristocratic position in 18th-century England.,https://m.media-amazon.com/images/M/MV5BNmM2MGQ5Y2UtYzA3ZC00ZDJlLTkwNDYtMjBmZGExZDJiN2RlXkEyXkFqcGc@.jpg,"[{'url': 'https://m.media-amazon.com/images/M/MV5BNmM2MGQ5Y2UtYzA3ZC00ZDJlLTkwNDYtMjBmZGExZDJiN2RlXkEyXkFqcGc@._V1_QL75_UX100_CR0,0,100,148_.jpg', 'width': 100, 'height': 148}, {'url': 'https://m.media-amazon.com/images/M/MV5BNmM2MGQ5Y2UtYzA3ZC00ZDJlLTkwNDYtMjBmZGExZDJiN2RlXkEyXkFqcGc@._V1_QL75_UX280_CR0,0,280,414_.jpg', 'width': 280, 'height': 414}, {'url': 'https://m.media-amazon.com/images/M/MV5BNmM2MGQ5Y2UtYzA3ZC00ZDJlLTkwNDYtMjBmZGExZDJiN2RlXkEyXkFqcGc@._V1_QL75_UX380_CR0,0,380,562_.jpg', 'width': 380, 'height': 562}]",https://www.youtube.com/watch?v=9lzSoKOs1fc,PG,1975,,18-12-1975,"['Adventure Epic', 'Costume Drama', 'Dark Comedy', 'Epic', 'Globetrotting Adventure', 'Period Drama', 'Psychological Drama', 'Tragedy', 'Adventure', 'Drama']","['GB', 'US']",[],"['en', 'de', 'fr']","['Carton House, Maynooth, County Kildare, Ireland']","[{'id': 'co0025454', 'name': 'Peregrine'}, {'id': 'co0113563', 'name': 'Hawk Films'}, {'id': 'co0002663', 'name': 'Warner Bros.'}]",11000000,597331,"['Adventure', 'Drama', 'War']",FALSE,185,8.1,206992,89
tt29623480,https://www.imdb.com/title/tt29623480/,The Wild Robot,The Wild Robot,movie,A sentient robot stranded on an uninhabited island raises an orphaned gosling while trying to fit in with the local wildlife.,https://m.media-amazon.com/images/M/MV5BZWNiZjVlZTUtNGUwYi00MjJmLTg2MDctNWEzYTJiMzY1ODc4XkEyXkFqcGc@.jpg,"[{'url': 'https://m.media-amazon.com/images/M/MV5BZWNiZjVlZTUtNGUwYi00MjJmLTg2MDctNWEzYTJiMzY1ODc4XkEyXkFqcGc@._V1_QL75_UX100_CR0,0,100,148_.jpg', 'width': 100, 'height': 148}, {'url': 'https://m.media-amazon.com/images/M/MV5BZWNiZjVlZTUtNGUwYi00MjJmLTg2MDctNWEzYTJiMzY1ODc4XkEyXkFqcGc@._V1_QL75_UX280_CR0,0,280,414_.jpg', 'width': 280, 'height': 414}, {'url': 'https://m.media-amazon.com/images/M/MV5BZWNiZjVlZTUtNGUwYi00MjJmLTg2MDctNWEzYTJiMzY1ODc4XkEyXkFqcGc@._V1_QL75_UX380_CR0,0,380,562_.jpg', 'width': 380, 'height': 562}]",https://www.youtube.com/watch?v=67vbA5ZJdKQ,PG,2024,,27-09-2024,"['Animal Adventure', 'Artificial Intelligence', 'Computer Animation', 'Psychological Drama', 'Survival', 'Adventure', 'Animation', 'Family', 'Sci-Fi']","['US', 'JP']","['https://www.facebook.com/dreamworksthewildrobot/', 'https://www.instagram.com/thewildrobot/']","['en', 'de', 'fr', 'es', 'sw', 'ja']",[],"[{'id': 'co0169264', 'name': 'Dentsu'}, {'id': 'co0129164', 'name': 'DreamWorks Animation'}]",78000000,334509500,"['Adventure', 'Animation', 'Family']",FALSE,102,8.2,233159,85
tt0052618,https://www.imdb.com/title/tt0052618/,Ben-Hur,Ben-Hur,movie,"A Jewish prince is betrayed and sent into slavery by a Roman friend in 1st-century Jerusalem, but it's not long before he regains his freedom and comes back for revenge.",https://m.media-amazon.com/images/M/MV5BNjg2M2E1YzYtOThmMC00NjAyLWI5MzgtMDEwOGFiODdlOGUzXkEyXkFqcGc@.jpg,"[{'url': 'https://m.media-amazon.com/images/M/MV5BNjg2M2E1YzYtOThmMC00NjAyLWI5MzgtMDEwOGFiODdlOGUzXkEyXkFqcGc@._V1_QL75_UX100_CR0,0,100,148_.jpg', 'width': 100, 'height': 148}, {'url': 'https://m.media-amazon.com/images/M/MV5BNjg2M2E1YzYtOThmMC00NjAyLWI5MzgtMDEwOGFiODdlOGUzXkEyXkFqcGc@._V1_QL75_UX280_CR0,0,280,414_.jpg', 'width': 280, 'height': 414}, {'url': 'https://m.media-amazon.com/images/M/MV5BNjg2M2E1YzYtOThmMC00NjAyLWI5MzgtMDEwOGFiODdlOGUzXkEyXkFqcGc@._V1_QL75_UX380_CR0,0,380,562_.jpg', 'width': 380, 'height': 562}]",https://www.youtube.com/watch?v=f2y1gDeZ230,G,1959,,18-11-1959,"['Adventure Epic', 'Costume Drama', 'Epic', 'Period Drama', 'Sword & Sandal', 'Adventure', 'Drama']",['US'],"['https://www.facebook.com/BenHurMovie/', 'https://www.warnerbros.com/movies/ben-hur']",['en'],"['Corner of Via di Salone and Via delle Case Rosse, Salone Caves, Rome, Lazio, Italy']","[{'id': 'co0007143', 'name': 'Metro-Goldwyn-Mayer (MGM)'}]",15000000,74445133,"['Adventure', 'Drama']",FALSE,212,8.1,272480,90
tt1291584,https://www.imdb.com/title/tt1291584/,Warrior,Warrior,movie,"The youngest son of an alcoholic former boxer returns home, where he's trained by his father for competition in a mixed martial arts tournament - a path that puts the fighter on a collision course with his estranged, older brother.",https://m.media-amazon.com/images/M/MV5BMTk4ODk5MTMyNV5BMl5BanBnXkFtZTcwMDMyNTg0Ng@@.jpg,"[{'url': 'https://m.media-amazon.com/images/M/MV5BMTk4ODk5MTMyNV5BMl5BanBnXkFtZTcwMDMyNTg0Ng@@._V1_QL75_UX100_CR0,0,100,148_.jpg', 'width': 100, 'height': 148}, {'url': 'https://m.media-amazon.com/images/M/MV5BMTk4ODk5MTMyNV5BMl5BanBnXkFtZTcwMDMyNTg0Ng@@._V1_QL75_UX280_CR0,0,280,414_.jpg', 'width': 280, 'height': 414}, {'url': 'https://m.media-amazon.com/images/M/MV5BMTk4ODk5MTMyNV5BMl5BanBnXkFtZTcwMDMyNTg0Ng@@._V1_QL75_UX380_CR0,0,380,562_.jpg', 'width': 380, 'height': 562}]",https://www.youtube.com/watch?v=I5kzcwcQA1Q,PG-13,2011,,09-09-2011,"['Boxing', 'Action', 'Drama', 'Sport']",['US'],['http://www.warriorfilm.com/'],"['en', 'es']","['Meadows Racetrack & Casino - 210 Racetrack Road, Washington, Pennsylvania, USA']","[{'id': 'co0006881', 'name': 'Lionsgate'}, {'id': 'co0272027', 'name': 'Mimran Schur Pictures'}, {'id': 'co0018083', 'name': 'Solaris'}]",25000000,23308615,"['Action', 'Drama', 'Sport']",FALSE,140,8.1,531848,71
tt0116282,https://www.imdb.com/title/tt0116282/,Fargo,Fargo,movie,A car salesman's inept crime falls apart due to his and his henchmen's bungling and the persistent police work of a dogged detective.,https://m.media-amazon.com/images/M/MV5BNjg4MWE0MjEtODFhNy00MjA5LTg5ODktMzgwNWFmZTAwNjBlXkEyXkFqcGc@.jpg,"[{'url': 'https://m.media-amazon.com/images/M/MV5BNjg4MWE0MjEtODFhNy00MjA5LTg5ODktMzgwNWFmZTAwNjBlXkEyXkFqcGc@._V1_QL75_UX100_CR0,0,100,148_.jpg', 'width': 100, 'height': 148}, {'url': 'https://m.media-amazon.com/images/M/MV5BNjg4MWE0MjEtODFhNy00MjA5LTg5ODktMzgwNWFmZTAwNjBlXkEyXkFqcGc@._V1_QL75_UX280_CR0,0,280,414_.jpg', 'width': 280, 'height': 414}, {'url': 'https://m.media-amazon.com/images/M/MV5BNjg4MWE0MjEtODFhNy00MjA5LTg5ODktMzgwNWFmZTAwNjBlXkEyXkFqcGc@._V1_QL75_UX380_CR0,0,380,562_.jpg', 'width': 380, 'height': 562}]",https://www.youtube.com/watch?v=ju75Sd4yAZw,R,1996,,05-04-1996,"['Cop Drama', 'Dark Comedy', 'Police Procedural', 'Psychological Thriller', 'Tragedy', 'Crime', 'Drama', 'Thriller']","['GB', 'US']","['https://www.facebook.com/Fargo', 'https://fargo.officialwebsite.art/']",['en'],"['Grafton, North Dakota, USA']","[{'id': 'co0030612', 'name': 'Polygram Filmed Entertainment'}, {'id': 'co0057311', 'name': 'Working Title Films'}]",7000000,60611975,"['Crime', 'Drama', 'Thriller']",FALSE,98,8.1,792135,88
tt2119532,https://www.imdb.com/title/tt2119532/,Hacksaw Ridge,Hacksaw Ridge,movie,"World War II American Army Medic Desmond T. Doss, serving during the Battle of Okinawa, refuses to kill people and becomes the first man in American history to receive the Medal of Honor without firing a shot.",https://m.media-amazon.com/images/M/MV5BMjQ1NjM3MTUxNV5BMl5BanBnXkFtZTgwMDc5MTY5OTE@.jpg,"[{'url': 'https://m.media-amazon.com/images/M/MV5BMjQ1NjM3MTUxNV5BMl5BanBnXkFtZTgwMDc5MTY5OTE@._V1_QL75_UX100_CR0,0,100,148_.jpg', 'width': 100, 'height': 148}, {'url': 'https://m.media-amazon.com/images/M/MV5BMjQ1NjM3MTUxNV5BMl5BanBnXkFtZTgwMDc5MTY5OTE@._V1_QL75_UX280_CR0,0,280,414_.jpg', 'width': 280, 'height': 414}, {'url': 'https://m.media-amazon.com/images/M/MV5BMjQ1NjM3MTUxNV5BMl5BanBnXkFtZTgwMDc5MTY5OTE@._V1_QL75_UX380_CR0,0,380,562_.jpg', 'width': 380, 'height': 562}]",https://www.youtube.com/watch?v=s2-1hz1juBI,R,2016,,04-11-2016,"['Docudrama', 'Epic', 'Period Drama', 'Psychological Drama', 'War Epic', 'Biography', 'Drama', 'History', 'War']",['US'],"['https://www.facebook.com/HacksawRidge/', 'http://hacksawridge.jp/']","['en', 'ja']","['Sydney, New South Wales, Australia']","[{'id': 'co0046206', 'name': 'Summit Entertainment'}, {'id': 'co0285648', 'name': 'Cross Creek Pictures'}, {'id': 'co0317576', 'name': 'Demarest Films'}]",40000000,180563636,"['Biography', 'Drama', 'History']",FALSE,139,8.1,691126,71
tt1392190,https://www.imdb.com/title/tt1392190/,Mad Max: Fury Road,Mad Max: Fury Road,movie,"In a post-apocalyptic wasteland, a woman rebels against a tyrannical ruler in search for her homeland with the aid of a group of female prisoners, a psychotic worshipper and a drifter named Max.",https://m.media-amazon.com/images/M/MV5BZDRkODJhOTgtOTc1OC00NTgzLTk4NjItNDgxZDY4YjlmNDY2XkEyXkFqcGc@.jpg,"[{'url': 'https://m.media-amazon.com/images/M/MV5BZDRkODJhOTgtOTc1OC00NTgzLTk4NjItNDgxZDY4YjlmNDY2XkEyXkFqcGc@._V1_QL75_UX100_CR0,0,100,148_.jpg', 'width': 100, 'height': 148}, {'url': 'https://m.media-amazon.com/images/M/MV5BZDRkODJhOTgtOTc1OC00NTgzLTk4NjItNDgxZDY4YjlmNDY2XkEyXkFqcGc@._V1_QL75_UX280_CR0,0,280,414_.jpg', 'width': 280, 'height': 414}, {'url': 'https://m.media-amazon.com/images/M/MV5BZDRkODJhOTgtOTc1OC00NTgzLTk4NjItNDgxZDY4YjlmNDY2XkEyXkFqcGc@._V1_QL75_UX380_CR0,0,380,562_.jpg', 'width': 380, 'height': 562}]",https://www.youtube.com/watch?v=YWNWi-ZWL3c,R,2015,,15-05-2015,"['Action Epic', 'Adventure Epic', 'Car Action', 'Desert Adventure', 'Dystopian Sci-Fi', 'Epic', 'Quest', 'Road Trip', 'Sci-Fi Epic', 'Action']","['AU', 'US']","['https://www.facebook.com/MadMaxBE/', 'https://www.warnerbros.com/movies/mad-max-fury-road/']","['en', 'ru']","['Namib Desert, Namibia']","[{'id': 'co0002663', 'name': 'Warner Bros.'}, {'id': 'co0108864', 'name': 'Village Roadshow Pictures'}, {'id': 'co0351258', 'name': 'Kennedy Miller Mitchell'}]",150000000,380456026,"['Action', 'Adventure', 'Sci-Fi']",FALSE,120,8.1,1215252,90
tt0405159,https://www.imdb.com/title/tt0405159/,Million Dollar Baby,Million Dollar Baby,movie,"Frankie, an ill-tempered old coach, reluctantly agrees to train aspiring boxer Maggie. Impressed with her determination and talent, he helps her become the best and the two soon form a close bond.",https://m.media-amazon.com/images/M/MV5BMTkxNzA1NDQxOV5BMl5BanBnXkFtZTcwNTkyMTIzMw@@.jpg,"[{'url': 'https://m.media-amazon.com/images/M/MV5BMTkxNzA1NDQxOV5BMl5BanBnXkFtZTcwNTkyMTIzMw@@._V1_QL75_UX100_CR0,0,100,148_.jpg', 'width': 100, 'height': 148}, {'url': 'https://m.media-amazon.com/images/M/MV5BMTkxNzA1NDQxOV5BMl5BanBnXkFtZTcwNTkyMTIzMw@@._V1_QL75_UX280_CR0,0,280,414_.jpg', 'width': 280, 'height': 414}, {'url': 'https://m.media-amazon.com/images/M/MV5BMTkxNzA1NDQxOV5BMl5BanBnXkFtZTcwNTkyMTIzMw@@._V1_QL75_UX380_CR0,0,380,562_.jpg', 'width': 380, 'height': 562}]",https://www.youtube.com/watch?v=shbZOZmoyF0,PG-13,2004,,28-01-2005,"['Boxing', 'Psychological Drama', 'Tragedy', 'Drama', 'Sport']",['US'],"['https://www.facebook.com/MillionDollarBabyMovie', 'https://www.warnerbros.com/movies/million-dollar-baby']","['en', 'ga', 'de']","['Hollywood Athletic Club - 6525 W. Sunset Blvd., Hollywood, Los Angeles, California, USA']","[{'id': 'co0002663', 'name': 'Warner Bros.'}, {'id': 'co0005323', 'name': 'Lakeshore Entertainment'}, {'id': 'co0010258', 'name': 'Malpaso Productions'}]",30000000,216763646,"['Drama', 'Sport']",FALSE,132,8.1,770563,86
tt0382932,https://www.imdb.com/title/tt0382932/,Ratatouille,Ratatouille,movie,A rat who can cook makes an unusual alliance with a young kitchen worker at a famous Paris restaurant.,https://m.media-amazon.com/images/M/MV5BMTMzODU0NTkxMF5BMl5BanBnXkFtZTcwMjQ4MzMzMw@@.jpg,"[{'url': 'https://m.media-amazon.com/images/M/MV5BMTMzODU0NTkxMF5BMl5BanBnXkFtZTcwMjQ4MzMzMw@@._V1_QL75_UX100_CR0,0,100,148_.jpg', 'width': 100, 'height': 148}, {'url': 'https://m.media-amazon.com/images/M/MV5BMTMzODU0NTkxMF5BMl5BanBnXkFtZTcwMjQ4MzMzMw@@._V1_QL75_UX280_CR0,0,280,414_.jpg', 'width': 280, 'height': 414}, {'url': 'https://m.media-amazon.com/images/M/MV5BMTMzODU0NTkxMF5BMl5BanBnXkFtZTcwMjQ4MzMzMw@@._V1_QL75_UX380_CR0,0,380,562_.jpg', 'width': 380, 'height': 562}]",https://www.youtube.com/watch?v=-tNqfcZKn6k,G,2007,,29-06-2007,"['Animal Adventure', 'Buddy Comedy', 'Computer Animation', 'High-Concept Comedy', 'Quirky Comedy', 'Satire', 'Adventure', 'Animation', 'Comedy', 'Family']",['US'],"['https://movies.disney.com/ratatouille', 'https://www.facebook.com/PixarRatatouille']","['en', 'fr']","['Pixar Animation Studios - 1200 Park Avenue, Emeryville, California, USA']","[{'id': 'co0008970', 'name': 'Walt Disney Pictures'}, {'id': 'co0017902', 'name': 'Pixar Animation Studios'}]",150000000,623746563,"['Adventure', 'Animation', 'Comedy']",FALSE,111,8.1,958110,96
tt0118849,https://www.imdb.com/title/tt0118849/,Children of Heaven,Bacheha-ye aseman,movie,"After a boy loses his sister's pair of shoes, he goes on a series of adventures in order to find them. When he can't, he tries a new way to ""win"" a new pair.",https://m.media-amazon.com/images/M/MV5BZWZlMjNhNzgtZGRhOS00Y2U5LThjOTctODNjZTI0ZTBiYzBhXkEyXkFqcGc@.jpg,"[{'url': 'https://m.media-amazon.com/images/M/MV5BZWZlMjNhNzgtZGRhOS00Y2U5LThjOTctODNjZTI0ZTBiYzBhXkEyXkFqcGc@._V1_QL75_UX100_CR0,0,100,148_.jpg', 'width': 100, 'height': 148}, {'url': 'https://m.media-amazon.com/images/M/MV5BZWZlMjNhNzgtZGRhOS00Y2U5LThjOTctODNjZTI0ZTBiYzBhXkEyXkFqcGc@._V1_QL75_UX280_CR0,0,280,414_.jpg', 'width': 280, 'height': 414}, {'url': 'https://m.media-amazon.com/images/M/MV5BZWZlMjNhNzgtZGRhOS00Y2U5LThjOTctODNjZTI0ZTBiYzBhXkEyXkFqcGc@._V1_QL75_UX380_CR0,0,380,562_.jpg', 'width': 380, 'height': 562}]",https://www.youtube.com/watch?v=dqxvZeQsVzY,PG,1997,,22-01-1999,"['Persian', 'Drama', 'Family', 'Sport']",['IR'],"['http://www.facebook.com/ChildrenofHeavenMovie', 'http://www.miramax.com/movie/children-of-heaven']",['fa'],"['Tehran, Iran']","[{'id': 'co0053189', 'name': 'Kanoon Parvaresh Fekri'}]",180000,933933,"['Drama', 'Family', 'Sport']",FALSE,89,8.2,90819,77
tt0096283,https://www.imdb.com/title/tt0096283/,My Neighbor Totoro,Tonari no Totoro,movie,"When two girls move to the country to be near their ailing mother, they have adventures with the wondrous forest spirits who live nearby.",https://m.media-amazon.com/images/M/MV5BYWM3MDE3YjEtMzIzZC00ODE5LTgxNTItNmUyMTBkM2M2NmNiXkEyXkFqcGc@.jpg,"[{'url': 'https://m.media-amazon.com/images/M/MV5BYWM3MDE3YjEtMzIzZC00ODE5LTgxNTItNmUyMTBkM2M2NmNiXkEyXkFqcGc@._V1_QL75_UX100_CR0,0,100,148_.jpg', 'width': 100, 'height': 148}, {'url': 'https://m.media-amazon.com/images/M/MV5BYWM3MDE3YjEtMzIzZC00ODE5LTgxNTItNmUyMTBkM2M2NmNiXkEyXkFqcGc@._V1_QL75_UX280_CR0,0,280,414_.jpg', 'width': 280, 'height': 414}, {'url': 'https://m.media-amazon.com/images/M/MV5BYWM3MDE3YjEtMzIzZC00ODE5LTgxNTItNmUyMTBkM2M2NmNiXkEyXkFqcGc@._V1_QL75_UX380_CR0,0,380,562_.jpg', 'width': 380, 'height': 562}]",https://www.youtube.com/watch?v=srW-wajSxog,G,1988,,13-07-1990,"['Japanese', 'Anime', 'Fairy Tale', 'Hand-Drawn Animation', 'Iyashikei', 'Supernatural Fantasy', 'Adventure', 'Animation', 'Comedy', 'Family']",['JP'],"['https://www.ghibli.jp/works/totoro/', 'http://movies.disney.com/my-neighbor-totoro']",['ja'],[],"[{'id': 'co0006071', 'name': 'Tokuma Japan Communications'}, {'id': 'co0048420', 'name': 'Studio Ghibli'}, {'id': 'co0205112', 'name': 'Nibariki'}]",3700000,32034152,"['Adventure', 'Animation', 'Comedy']",FALSE,86,8.1,436795,87
tt1205489,https://www.imdb.com/title/tt1205489/,Gran Torino,Gran Torino,movie,"After a Hmong teenager tries to steal his prized 1972 Gran Torino, a disgruntled, prejudiced Korean War veteran seeks to redeem both the boy and himself.",https://m.media-amazon.com/images/M/MV5BMTc5NTk2OTU1Nl5BMl5BanBnXkFtZTcwMDc3NjAwMg@@.jpg,"[{'url': 'https://m.media-amazon.com/images/M/MV5BMTc5NTk2OTU1Nl5BMl5BanBnXkFtZTcwMDc3NjAwMg@@._V1_QL75_UX100_CR0,0,100,148_.jpg', 'width': 100, 'height': 148}, {'url': 'https://m.media-amazon.com/images/M/MV5BMTc5NTk2OTU1Nl5BMl5BanBnXkFtZTcwMDc3NjAwMg@@._V1_QL75_UX280_CR0,0,280,414_.jpg', 'width': 280, 'height': 414}, {'url': 'https://m.media-amazon.com/images/M/MV5BMTc5NTk2OTU1Nl5BMl5BanBnXkFtZTcwMDc3NjAwMg@@._V1_QL75_UX380_CR0,0,380,562_.jpg', 'width': 380, 'height': 562}]",https://www.youtube.com/watch?v=F8zue_BzNsw,R,2008,,09-01-2009,"['Dark Comedy', 'Psychological Drama', 'Drama']","['DE', 'US']","['https://www.facebook.com/GranTorinoFilm', 'http://wwws.warnerbros.co.jp/grantorino/']",['en'],"['238 Rhode Island Street Highland Park Michigan, USA']","[{'id': 'co0002663', 'name': 'Warner Bros.'}, {'id': 'co0108864', 'name': 'Village Roadshow Pictures'}, {'id': 'co0112616', 'name': 'Double Nickel Entertainment'}]",33000000,269958228,['Drama'],FALSE,116,8.1,867139,73
tt0081398,https://www.imdb.com/title/tt0081398/,Raging Bull,Raging Bull,movie,"The life of boxer Jake LaMotta, whose violence and temper that led him to the top in the ring destroyed his life outside of it.",https://m.media-amazon.com/images/M/MV5BMjlkYmYyZWQtNTZkOS00ZjA0LWEwNWUtNzE2ZGNiYjg0MjA2XkEyXkFqcGc@.jpg,"[{'url': 'https://m.media-amazon.com/images/M/MV5BMjlkYmYyZWQtNTZkOS00ZjA0LWEwNWUtNzE2ZGNiYjg0MjA2XkEyXkFqcGc@._V1_QL75_UX100_CR0,0,100,148_.jpg', 'width': 100, 'height': 148}, {'url': 'https://m.media-amazon.com/images/M/MV5BMjlkYmYyZWQtNTZkOS00ZjA0LWEwNWUtNzE2ZGNiYjg0MjA2XkEyXkFqcGc@._V1_QL75_UX280_CR0,0,280,414_.jpg', 'width': 280, 'height': 414}, {'url': 'https://m.media-amazon.com/images/M/MV5BMjlkYmYyZWQtNTZkOS00ZjA0LWEwNWUtNzE2ZGNiYjg0MjA2XkEyXkFqcGc@._V1_QL75_UX380_CR0,0,380,562_.jpg', 'width': 380, 'height': 562}]",https://www.youtube.com/watch?v=F2UKuKxCJqc,R,1980,,19-12-1980,"['Boxing', 'Docudrama', 'Period Drama', 'Psychological Drama', 'Biography', 'Drama', 'Sport']",['US'],[],['en'],"[""Hell's Kitchen, Manhattan, New York City, New York, USA""]","[{'id': 'co0054262', 'name': 'Chartoff-Winkler Productions'}]",18000000,23406558,"['Biography', 'Drama', 'Sport']",FALSE,129,8.1,412445,90
tt2024544,https://www.imdb.com/title/tt2024544/,12 Years a Slave,12 Years a Slave,movie,"In the antebellum United States, Solomon Northup, a free black man from upstate New York, is abducted and sold into slavery.",https://m.media-amazon.com/images/M/MV5BMjExMTEzODkyN15BMl5BanBnXkFtZTcwNTU4NTc4OQ@@.jpg,"[{'url': 'https://m.media-amazon.com/images/M/MV5BMjExMTEzODkyN15BMl5BanBnXkFtZTcwNTU4NTc4OQ@@._V1_QL75_UX100_CR0,0,100,148_.jpg', 'width': 100, 'height': 148}, {'url': 'https://m.media-amazon.com/images/M/MV5BMjExMTEzODkyN15BMl5BanBnXkFtZTcwNTU4NTc4OQ@@._V1_QL75_UX280_CR0,0,280,414_.jpg', 'width': 280, 'height': 414}, {'url': 'https://m.media-amazon.com/images/M/MV5BMjExMTEzODkyN15BMl5BanBnXkFtZTcwNTU4NTc4OQ@@._V1_QL75_UX380_CR0,0,380,562_.jpg', 'width': 380, 'height': 562}]",https://www.youtube.com/watch?v=z02Ie8wKKRg,R,2013,,08-11-2013,"['Costume Drama', 'Docudrama', 'Epic', 'Period Drama', 'Psychological Drama', 'Tragedy', 'Biography', 'Drama', 'History']","['GB', 'US']",['https://www.facebook.com/12YearsASlave'],['en'],"[""Madame John's Legacy, the French Quarter, New Orleans, Louisiana, USA""]","[{'id': 'co0172093', 'name': 'Regency Enterprizes'}, {'id': 'co0120121', 'name': 'River Road Entertainment'}, {'id': 'co0136967', 'name': 'Plan B Entertainment'}]",20000000,187734091,"['Biography', 'Drama', 'History']",FALSE,134,8.1,791703,96
tt0353969,https://www.imdb.com/title/tt0353969/,Memories of Murder,Salinui chueok,movie,"In a small Korean province in 1986, two detectives struggle with the case of multiple young women being found raped and murdered by an unknown culprit.",https://m.media-amazon.com/images/M/MV5BYmRjOWE5NmMtYTdkYS00ODFlLWJiMTMtYzE2NDZlZjlkZDQ0XkEyXkFqcGc@.jpg,"[{'url': 'https://m.media-amazon.com/images/M/MV5BYmRjOWE5NmMtYTdkYS00ODFlLWJiMTMtYzE2NDZlZjlkZDQ0XkEyXkFqcGc@._V1_QL75_UX100_CR0,0,100,148_.jpg', 'width': 100, 'height': 148}, {'url': 'https://m.media-amazon.com/images/M/MV5BYmRjOWE5NmMtYTdkYS00ODFlLWJiMTMtYzE2NDZlZjlkZDQ0XkEyXkFqcGc@._V1_QL75_UX280_CR0,0,280,414_.jpg', 'width': 280, 'height': 414}, {'url': 'https://m.media-amazon.com/images/M/MV5BYmRjOWE5NmMtYTdkYS00ODFlLWJiMTMtYzE2NDZlZjlkZDQ0XkEyXkFqcGc@._V1_QL75_UX380_CR0,0,380,562_.jpg', 'width': 380, 'height': 562}]",https://www.youtube.com/watch?v=pliylHilD_U,Not Rated,2003,,02-05-2003,"['Korean', 'Dark Comedy', 'Police Procedural', 'Psychological Drama', 'Psychological Thriller', 'Serial Killer', 'True Crime', 'Crime', 'Drama', 'Mystery']",['KR'],['http://www.cj-entertainment.com/movie/memories-of-murder/'],"['ko', 'en']",['South Korea'],"[{'id': 'co0073647', 'name': 'Sidus'}, {'id': 'co0043365', 'name': 'CJ Entertainment'}, {'id': 'co0338039', 'name': 'Muhan Investment'}]",2800000,1213056,"['Crime', 'Drama', 'Mystery']",FALSE,131,8.1,272127,82
tt0892769,https://www.imdb.com/title/tt0892769/,How to Train Your Dragon,How to Train Your Dragon,movie,"A hapless young Viking who aspires to hunt dragons becomes the unlikely friend of a young dragon himself, and learns there may be more to the creatures than he assumed.",https://m.media-amazon.com/images/M/MV5BMjA5NDQyMjc2NF5BMl5BanBnXkFtZTcwMjg5ODcyMw@@.jpg,"[{'url': 'https://m.media-amazon.com/images/M/MV5BMjA5NDQyMjc2NF5BMl5BanBnXkFtZTcwMjg5ODcyMw@@._V1_QL75_UX100_CR0,0,100,148_.jpg', 'width': 100, 'height': 148}, {'url': 'https://m.media-amazon.com/images/M/MV5BMjA5NDQyMjc2NF5BMl5BanBnXkFtZTcwMjg5ODcyMw@@._V1_QL75_UX280_CR0,0,280,414_.jpg', 'width': 280, 'height': 414}, {'url': 'https://m.media-amazon.com/images/M/MV5BMjA5NDQyMjc2NF5BMl5BanBnXkFtZTcwMjg5ODcyMw@@._V1_QL75_UX380_CR0,0,380,562_.jpg', 'width': 380, 'height': 562}]",https://www.youtube.com/watch?v=1huZhKwhIQc,PG,2010,,26-03-2010,"['Animal Adventure', 'Coming-of-Age', 'Computer Animation', 'Epic', 'Fantasy Epic', 'Sword & Sorcery', 'Teen Adventure', 'Teen Fantasy', 'Action', 'Adventure']","['US', 'FR', 'GB']","['https://www.dreamworks.com/movies/how-to-train-your-dragon', 'https://www.facebook.com/HowToTrainYourDragon']",['en'],"['DreamWorks Animation - 1000 Flower Street, Glendale, California, USA']","[{'id': 'co0129164', 'name': 'DreamWorks Animation'}]",165000000,494879860,"['Action', 'Adventure', 'Animation']",FALSE,98,8.1,903726,75
tt2278388,https://www.imdb.com/title/tt2278388/,The Grand Budapest Hotel,The Grand Budapest Hotel,movie,The owner of an aging high-class hotel regales a writer with tales of serving as a lobby boy under an exceptional concierge in the hotel's glory years.,https://m.media-amazon.com/images/M/MV5BMzM5NjUxOTEyMl5BMl5BanBnXkFtZTgwNjEyMDM0MDE@.jpg,"[{'url': 'https://m.media-amazon.com/images/M/MV5BMzM5NjUxOTEyMl5BMl5BanBnXkFtZTgwNjEyMDM0MDE@._V1_QL75_UX100_CR0,0,100,148_.jpg', 'width': 100, 'height': 148}, {'url': 'https://m.media-amazon.com/images/M/MV5BMzM5NjUxOTEyMl5BMl5BanBnXkFtZTgwNjEyMDM0MDE@._V1_QL75_UX280_CR0,0,280,414_.jpg', 'width': 280, 'height': 414}, {'url': 'https://m.media-amazon.com/images/M/MV5BMzM5NjUxOTEyMl5BMl5BanBnXkFtZTgwNjEyMDM0MDE@._V1_QL75_UX380_CR0,0,380,562_.jpg', 'width': 380, 'height': 562}]",https://www.youtube.com/watch?v=1Fg5iWmQjwk,R,2014,,28-03-2014,"['Period Drama', 'Quirky Comedy', 'Comedy', 'Drama']","['US', 'DE']",['http://www.facebook.com/TheGrandBudapestHotel'],"['en', 'fr', 'de']","['Görlitz, Saxony, Germany']","[{'id': 'co0982337', 'name': 'Fox Searchlight Pictures'}, {'id': 'co0215519', 'name': 'Indian Paintbrush'}, {'id': 'co0053177', 'name': 'Studio Babelsberg'}]",25000000,174567384,"['Comedy', 'Drama']",FALSE,99,8.1,981448,88
tt0112471,https://www.imdb.com/title/tt0112471/,Before Sunrise,Before Sunrise,movie,"A young man and woman meet on a train in Europe, and wind up spending one evening together in Vienna. Unfortunately, both know that this will probably be their only night together.",https://m.media-amazon.com/images/M/MV5BZDZhZmI1ZTUtYWI3NC00NTMwLTk3NWMtNDc0OGNjM2I0ZjlmXkEyXkFqcGc@.jpg,"[{'url': 'https://m.media-amazon.com/images/M/MV5BZDZhZmI1ZTUtYWI3NC00NTMwLTk3NWMtNDc0OGNjM2I0ZjlmXkEyXkFqcGc@._V1_QL75_UX100_CR0,0,100,148_.jpg', 'width': 100, 'height': 148}, {'url': 'https://m.media-amazon.com/images/M/MV5BZDZhZmI1ZTUtYWI3NC00NTMwLTk3NWMtNDc0OGNjM2I0ZjlmXkEyXkFqcGc@._V1_QL75_UX280_CR0,0,280,414_.jpg', 'width': 280, 'height': 414}, {'url': 'https://m.media-amazon.com/images/M/MV5BZDZhZmI1ZTUtYWI3NC00NTMwLTk3NWMtNDc0OGNjM2I0ZjlmXkEyXkFqcGc@._V1_QL75_UX380_CR0,0,380,562_.jpg', 'width': 380, 'height': 562}]",https://www.youtube.com/watch?v=jGvcbSabADM,R,1995,,27-01-1995,"['Romantic Comedy', 'Tragic Romance', 'Comedy', 'Drama', 'Romance']","['US', 'AT']",[],"['en', 'de', 'fr']","['Riesenrad, Prater, Vienna, Austria']","[{'id': 'co0040620', 'name': 'Castle Rock Entertainment'}, {'id': 'co0123642', 'name': 'Detour Filmproduction'}, {'id': 'co0258139', 'name': 'Filmhaus Wien Universa Filmproduktions'}]",2500000,6644294,"['Comedy', 'Drama', 'Romance']",FALSE,101,8.1,381809,79
tt0083658,https://www.imdb.com/title/tt0083658/,Blade Runner,Blade Runner,movie,A blade runner must pursue and terminate four replicants who stole a ship in space and have returned to Earth to find their creator.,https://m.media-amazon.com/images/M/MV5BOWQ4YTBmNTQtMDYxMC00NGFjLTkwOGQtNzdhNmY1Nzc1MzUxXkEyXkFqcGc@.jpg,"[{'url': 'https://m.media-amazon.com/images/M/MV5BOWQ4YTBmNTQtMDYxMC00NGFjLTkwOGQtNzdhNmY1Nzc1MzUxXkEyXkFqcGc@._V1_QL75_UX100_CR0,0,100,148_.jpg', 'width': 100, 'height': 148}, {'url': 'https://m.media-amazon.com/images/M/MV5BOWQ4YTBmNTQtMDYxMC00NGFjLTkwOGQtNzdhNmY1Nzc1MzUxXkEyXkFqcGc@._V1_QL75_UX280_CR0,0,280,414_.jpg', 'width': 280, 'height': 414}, {'url': 'https://m.media-amazon.com/images/M/MV5BOWQ4YTBmNTQtMDYxMC00NGFjLTkwOGQtNzdhNmY1Nzc1MzUxXkEyXkFqcGc@._V1_QL75_UX380_CR0,0,380,562_.jpg', 'width': 380, 'height': 562}]",https://www.youtube.com/watch?v=iYhJ7Mf2Oxs,R,1982,,25-06-1982,"['Blade Runner', 'Artificial Intelligence', 'Cyber Thriller', 'Cyberpunk', 'Dystopian Sci-Fi', 'Psychological Drama', 'Psychological Thriller', 'Tragedy', 'Action', 'Drama']","['US', 'GB']",['http://bladerunnerthemovie.warnerbros.com/'],"['en', 'de', 'ja', 'hu', 'ar', 'ko']","['Bradbury Building - 304 S. Broadway, Downtown, Los Angeles, California, USA']","[{'id': 'co0042559', 'name': 'The Ladd Company'}, {'id': 'co0128798', 'name': 'Shaw Brothers'}, {'id': 'co0002663', 'name': 'Warner Bros.'}]",28000000,41824552,"['Action', 'Drama', 'Sci-Fi']",FALSE,117,8.1,886953,84
tt0198781,https://www.imdb.com/title/tt0198781/,"Monsters, Inc.","Monsters, Inc.",movie,Two monsters whose job is to make human children scream accidentally let a little girl into their world and must now protect her from their own kind to return her home unscathed.,https://m.media-amazon.com/images/M/MV5BMTY1NTI0ODUyOF5BMl5BanBnXkFtZTgwNTEyNjQ0MDE@.jpg,"[{'url': 'https://m.media-amazon.com/images/M/MV5BMTY1NTI0ODUyOF5BMl5BanBnXkFtZTgwNTEyNjQ0MDE@._V1_QL75_UX100_CR0,0,100,148_.jpg', 'width': 100, 'height': 148}, {'url': 'https://m.media-amazon.com/images/M/MV5BMTY1NTI0ODUyOF5BMl5BanBnXkFtZTgwNTEyNjQ0MDE@._V1_QL75_UX280_CR0,0,280,414_.jpg', 'width': 280, 'height': 414}, {'url': 'https://m.media-amazon.com/images/M/MV5BMTY1NTI0ODUyOF5BMl5BanBnXkFtZTgwNTEyNjQ0MDE@._V1_QL75_UX380_CR0,0,380,562_.jpg', 'width': 380, 'height': 562}]",https://www.youtube.com/watch?v=6tCxnHCqqxg,G,2001,,02-11-2001,"['Buddy Comedy', 'Computer Animation', 'Dark Comedy', 'Farce', 'High-Concept Comedy', 'Satire', 'Slapstick', 'Supernatural Fantasy', 'Urban Adventure', 'Adventure']",['US'],"['https://www.facebook.com/PixarMonstersInc', 'https://www.pixar.com/monsters-inc']",['en'],"['Pixar Animation Studios - 1200 Park Avenue, Emeryville, California, USA']","[{'id': 'co0008970', 'name': 'Walt Disney Pictures'}, {'id': 'co0017902', 'name': 'Pixar Animation Studios'}]",115000000,579773055,"['Adventure', 'Animation', 'Comedy']",FALSE,92,8.1,1085337,79
tt2267998,https://www.imdb.com/title/tt2267998/,Gone Girl,Gone Girl,movie,The husband of a missing woman becomes the main suspect in her disappearance.,https://m.media-amazon.com/images/M/MV5BMTk0MDQ3MzAzOV5BMl5BanBnXkFtZTgwNzU1NzE3MjE@.jpg,"[{'url': 'https://m.media-amazon.com/images/M/MV5BMTk0MDQ3MzAzOV5BMl5BanBnXkFtZTgwNzU1NzE3MjE@._V1_QL75_UX100_CR0,0,100,148_.jpg', 'width': 100, 'height': 148}, {'url': 'https://m.media-amazon.com/images/M/MV5BMTk0MDQ3MzAzOV5BMl5BanBnXkFtZTgwNzU1NzE3MjE@._V1_QL75_UX280_CR0,0,280,414_.jpg', 'width': 280, 'height': 414}, {'url': 'https://m.media-amazon.com/images/M/MV5BMTk0MDQ3MzAzOV5BMl5BanBnXkFtZTgwNzU1NzE3MjE@._V1_QL75_UX380_CR0,0,380,562_.jpg', 'width': 380, 'height': 562}]",https://www.youtube.com/watch?v=2-_-1nJf8Vg,R,2014,,03-10-2014,"['Erotic Thriller', 'Psychological Drama', 'Psychological Thriller', 'Suspense Mystery', 'Tragedy', 'Whodunnit', 'Drama', 'Mystery', 'Thriller']",['US'],"['http://www.facebook.com/GoneGirlMovie', 'https://www.foxmovies.com/movies/gone-girl']",['en'],"['Cape Girardeau, Missouri, USA']","[{'id': 'co0000756', 'name': '20th Century Fox'}, {'id': 'co0867908', 'name': 'Regency Enterprises'}, {'id': 'co0420822', 'name': 'TSG Entertainment'}]",61000000,370890259,"['Drama', 'Mystery', 'Thriller']",FALSE,149,8.1,1180748,79
tt0073195,https://www.imdb.com/title/tt0073195/,Jaws,Jaws,movie,"When a massive killer shark unleashes chaos on a beach community off Long Island, it's up to the local police chief, a marine biologist, and an old seafarer to hunt the beast down.",https://m.media-amazon.com/images/M/MV5BYjViNDQzNmUtYzkxZi00NTk5LTljMmItYjJlZmZkODIxNjU1XkEyXkFqcGc@.jpg,"[{'url': 'https://m.media-amazon.com/images/M/MV5BYjViNDQzNmUtYzkxZi00NTk5LTljMmItYjJlZmZkODIxNjU1XkEyXkFqcGc@._V1_QL75_UX100_CR0,0,100,148_.jpg', 'width': 100, 'height': 148}, {'url': 'https://m.media-amazon.com/images/M/MV5BYjViNDQzNmUtYzkxZi00NTk5LTljMmItYjJlZmZkODIxNjU1XkEyXkFqcGc@._V1_QL75_UX280_CR0,0,280,414_.jpg', 'width': 280, 'height': 414}, {'url': 'https://m.media-amazon.com/images/M/MV5BYjViNDQzNmUtYzkxZi00NTk5LTljMmItYjJlZmZkODIxNjU1XkEyXkFqcGc@._V1_QL75_UX380_CR0,0,380,562_.jpg', 'width': 380, 'height': 562}]",https://www.youtube.com/watch?v=YIhxgIZJSbk,PG,1975,,20-06-1975,"['Monster Horror', 'Sea Adventure', 'Survival', 'Adventure', 'Drama', 'Horror', 'Thriller']",['US'],['https://www.facebook.com/JawsMovie/'],['en'],"[""Water Street, Edgartown, Martha's Vineyard, Massachusetts, USA""]","[{'id': 'co0019166', 'name': 'Zanuck/Brown Productions'}, {'id': 'co0005073', 'name': 'Universal Pictures'}]",7000000,490736300,"['Adventure', 'Drama', 'Horror']",FALSE,124,8.1,745824,87
tt1950186,https://www.imdb.com/title/tt1950186/,Ford v Ferrari,Ford v Ferrari,movie,American car designer Carroll Shelby and driver Ken Miles battle corporate interference and the laws of physics to build a revolutionary race car for Ford in order to defeat Ferrari at the 24 Hours of Le Mans in 1966.,https://m.media-amazon.com/images/M/MV5BOTBjNTEyNjYtYjdkNi00YzE5LTljYzUtZjVlYmYwZmJmZWYxXkEyXkFqcGc@.jpg,"[{'url': 'https://m.media-amazon.com/images/M/MV5BOTBjNTEyNjYtYjdkNi00YzE5LTljYzUtZjVlYmYwZmJmZWYxXkEyXkFqcGc@._V1_QL75_UX100_CR0,0,100,148_.jpg', 'width': 100, 'height': 148}, {'url': 'https://m.media-amazon.com/images/M/MV5BOTBjNTEyNjYtYjdkNi00YzE5LTljYzUtZjVlYmYwZmJmZWYxXkEyXkFqcGc@._V1_QL75_UX280_CR0,0,280,414_.jpg', 'width': 280, 'height': 414}, {'url': 'https://m.media-amazon.com/images/M/MV5BOTBjNTEyNjYtYjdkNi00YzE5LTljYzUtZjVlYmYwZmJmZWYxXkEyXkFqcGc@._V1_QL75_UX380_CR0,0,380,562_.jpg', 'width': 380, 'height': 562}]",https://www.youtube.com/watch?v=zyYgDtY2AMY,PG-13,2019,,15-11-2019,"['Car Action', 'Docudrama', 'Motorsport', 'Period Drama', 'Action', 'Biography', 'Drama', 'Sport']",['US'],"['https://www.facebook.com/FordvFerrari', 'https://www.instagram.com/fordvferrari/']","['en', 'it', 'fr', 'ja']","['Savannah, Georgia, USA']","[{'id': 'co0000756', 'name': '20th Century Fox'}, {'id': 'co0286257', 'name': 'Chernin Entertainment'}, {'id': 'co0420822', 'name': 'TSG Entertainment'}]",97600000,226299480,"['Action', 'Biography', 'Drama']",FALSE,152,8.1,580937,81
tt10872600,https://www.imdb.com/title/tt10872600/,Spider-Man: No Way Home,Spider-Man: No Way Home,movie,"With Spider-Man's identity now revealed, Peter asks Doctor Strange for help. When a spell goes wrong, dangerous foes from other worlds start to appear.",https://m.media-amazon.com/images/M/MV5BMmFiZGZjMmEtMTA0Ni00MzA2LTljMTYtZGI2MGJmZWYzZTQ2XkEyXkFqcGc@.jpg,"[{'url': 'https://m.media-amazon.com/images/M/MV5BMmFiZGZjMmEtMTA0Ni00MzA2LTljMTYtZGI2MGJmZWYzZTQ2XkEyXkFqcGc@._V1_QL75_UX100_CR0,0,100,148_.jpg', 'width': 100, 'height': 148}, {'url': 'https://m.media-amazon.com/images/M/MV5BMmFiZGZjMmEtMTA0Ni00MzA2LTljMTYtZGI2MGJmZWYzZTQ2XkEyXkFqcGc@._V1_QL75_UX280_CR0,0,280,414_.jpg', 'width': 280, 'height': 414}, {'url': 'https://m.media-amazon.com/images/M/MV5BMmFiZGZjMmEtMTA0Ni00MzA2LTljMTYtZGI2MGJmZWYzZTQ2XkEyXkFqcGc@._V1_QL75_UX380_CR0,0,380,562_.jpg', 'width': 380, 'height': 562}]",https://www.youtube.com/watch?v=WgU7P6o-GkM,PG-13,2021,,17-12-2021,"['Marvel', 'Action Epic', 'Adventure Epic', 'Fantasy Epic', 'Sci-Fi Epic', 'Superhero', 'Urban Adventure', 'Action', 'Adventure', 'Fantasy']",['US'],['https://www.spidermannowayhome.movie/'],"['en', 'tl']",['Iceland'],"[{'id': 'co0014351', 'name': 'Columbia Pictures'}, {'id': 'co0051941', 'name': 'Marvel Studios'}, {'id': 'co0532247', 'name': 'Pascal Pictures'}]",200000000,1921426073,"['Action', 'Adventure', 'Fantasy']",FALSE,148,8.1,1049415,71
tt0107207,https://www.imdb.com/title/tt0107207/,In the Name of the Father,In the Name of the Father,movie,"An Irish man's coerced confession to an I.R.A. bombing he did not commit results in the imprisonment of his father as well. Meanwhile, a British lawyer fights to clear their names and free them.",https://m.media-amazon.com/images/M/MV5BMGZiZDVjNzYtZWM4ZC00MzVkLThhNDEtMDJlOTBhYzVjMmNhXkEyXkFqcGc@.jpg,"[{'url': 'https://m.media-amazon.com/images/M/MV5BMGZiZDVjNzYtZWM4ZC00MzVkLThhNDEtMDJlOTBhYzVjMmNhXkEyXkFqcGc@._V1_QL75_UX100_CR0,0,100,148_.jpg', 'width': 100, 'height': 148}, {'url': 'https://m.media-amazon.com/images/M/MV5BMGZiZDVjNzYtZWM4ZC00MzVkLThhNDEtMDJlOTBhYzVjMmNhXkEyXkFqcGc@._V1_QL75_UX280_CR0,0,280,414_.jpg', 'width': 280, 'height': 414}, {'url': 'https://m.media-amazon.com/images/M/MV5BMGZiZDVjNzYtZWM4ZC00MzVkLThhNDEtMDJlOTBhYzVjMmNhXkEyXkFqcGc@._V1_QL75_UX380_CR0,0,380,562_.jpg', 'width': 380, 'height': 562}]",https://www.youtube.com/watch?v=H0ff5KjZ7vM,R,1993,,25-02-1994,"['Docudrama', 'Legal Drama', 'Period Drama', 'Political Drama', 'Prison Drama', 'Tragedy', 'True Crime', 'Biography', 'Crime', 'Drama']","['IE', 'US', 'GB']",[],['en'],"['Kilmainham Jail, Dublin, County Dublin, Ireland']","[{'id': 'co0019015', 'name': ""Hell's Kitchen Films""}, {'id': 'co0005073', 'name': 'Universal Pictures'}]",13000000,65796862,"['Biography', 'Crime', 'Drama']",FALSE,133,8.1,203962,84
tt3011894,https://www.imdb.com/title/tt3011894/,Wild Tales,Relatos salvajes,movie,Six short stories that explore the extremities of human behavior involving people in distress.,https://m.media-amazon.com/images/M/MV5BNzAzMjA1ODAxOV5BMl5BanBnXkFtZTgwODg4NTQzNDE@.jpg,"[{'url': 'https://m.media-amazon.com/images/M/MV5BNzAzMjA1ODAxOV5BMl5BanBnXkFtZTgwODg4NTQzNDE@._V1_QL75_UX100_CR0,0,100,148_.jpg', 'width': 100, 'height': 148}, {'url': 'https://m.media-amazon.com/images/M/MV5BNzAzMjA1ODAxOV5BMl5BanBnXkFtZTgwODg4NTQzNDE@._V1_QL75_UX280_CR0,0,280,414_.jpg', 'width': 280, 'height': 414}, {'url': 'https://m.media-amazon.com/images/M/MV5BNzAzMjA1ODAxOV5BMl5BanBnXkFtZTgwODg4NTQzNDE@._V1_QL75_UX380_CR0,0,380,562_.jpg', 'width': 380, 'height': 562}]",https://www.youtube.com/watch?v=Utq0aDEp084,R,2014,,21-08-2014,"['Spanish', 'Dark Comedy', 'Psychological Drama', 'Psychological Thriller', 'Satire', 'Comedy', 'Drama', 'Thriller']","['AR', 'ES', 'FR', 'GB']","['https://es-es.facebook.com/relatossalvajesoficial', 'http://www.relatos-salvajes.com/']",['es'],"['Cafayate, Salta, Argentina']","[{'id': 'co0196381', 'name': 'K&S Films'}, {'id': 'co0006440', 'name': 'El Deseo'}, {'id': 'co0037736', 'name': 'Televisión Federal (Telefe)'}]",3300000,31478893,"['Comedy', 'Drama', 'Thriller']",FALSE,122,8.1,240387,77
tt0015864,https://www.imdb.com/title/tt0015864/,The Gold Rush,The Gold Rush,movie,"A prospector goes to the Klondike during the 1890s gold rush in hopes of making his fortune, and is smitten with a girl he sees in a dance hall.",https://m.media-amazon.com/images/M/MV5BNGU1NjYzYTAtZmY0YS00NWIzLTkzNzUtYzc2ZTIyOTIxZjVhXkEyXkFqcGc@.jpg,"[{'url': 'https://m.media-amazon.com/images/M/MV5BNGU1NjYzYTAtZmY0YS00NWIzLTkzNzUtYzc2ZTIyOTIxZjVhXkEyXkFqcGc@._V1_QL75_UX100_CR0,0,100,148_.jpg', 'width': 100, 'height': 148}, {'url': 'https://m.media-amazon.com/images/M/MV5BNGU1NjYzYTAtZmY0YS00NWIzLTkzNzUtYzc2ZTIyOTIxZjVhXkEyXkFqcGc@._V1_QL75_UX280_CR0,0,280,414_.jpg', 'width': 280, 'height': 414}, {'url': 'https://m.media-amazon.com/images/M/MV5BNGU1NjYzYTAtZmY0YS00NWIzLTkzNzUtYzc2ZTIyOTIxZjVhXkEyXkFqcGc@._V1_QL75_UX380_CR0,0,380,562_.jpg', 'width': 380, 'height': 562}]",https://www.youtube.com/watch?v=kDlEvaKBkhU,Approved,1925,,16-08-1925,"['Farce', 'Feel-Good Romance', 'Romantic Comedy', 'Satire', 'Slapstick', 'Adventure', 'Comedy', 'Drama', 'Romance', 'Western']",['US'],"['https://www.instagram.com/charliechaplinofficial/', 'https://www.charliechaplin.com/en/films/2-The-Gold-Rush']",['en'],"['Sierra Nevada Mountains, California, USA']","[{'id': 'co0028083', 'name': 'Charles Chaplin Productions'}]",923000,83020,"['Adventure', 'Comedy', 'Drama']",FALSE,95,8.1,128741,90
tt0015324,https://www.imdb.com/title/tt0015324/,Sherlock Jr.,Sherlock Jr.,movie,"A film projectionist longs to be a detective, and puts his meagre skills to work when he is framed by a rival for stealing his girlfriend's father's pocketwatch.",https://m.media-amazon.com/images/M/MV5BMjQzM2E2NjYtYmRjMC00ZmVlLTljZTgtNmQ5MGZlNDYyZTc5XkEyXkFqcGc@.jpg,"[{'url': 'https://m.media-amazon.com/images/M/MV5BMjQzM2E2NjYtYmRjMC00ZmVlLTljZTgtNmQ5MGZlNDYyZTc5XkEyXkFqcGc@._V1_QL75_UX100_CR0,0,100,148_.jpg', 'width': 100, 'height': 148}, {'url': 'https://m.media-amazon.com/images/M/MV5BMjQzM2E2NjYtYmRjMC00ZmVlLTljZTgtNmQ5MGZlNDYyZTc5XkEyXkFqcGc@._V1_QL75_UX280_CR0,0,280,414_.jpg', 'width': 280, 'height': 414}, {'url': 'https://m.media-amazon.com/images/M/MV5BMjQzM2E2NjYtYmRjMC00ZmVlLTljZTgtNmQ5MGZlNDYyZTc5XkEyXkFqcGc@._V1_QL75_UX380_CR0,0,380,562_.jpg', 'width': 380, 'height': 562}]",https://www.youtube.com/watch?v=JSEK1NUPrGA,Passed,1924,,11-05-1924,"['Bumbling Detective', 'Farce', 'Feel-Good Romance', 'Satire', 'Slapstick', 'Action', 'Comedy', 'Romance']",['US'],['https://mk2films.com/film/sherlock-junior/'],['en'],"['3630 Pasadena Ave, Los Angeles, California, USA']","[{'id': 'co0081891', 'name': 'Buster Keaton Productions'}]",,12065,"['Action', 'Comedy', 'Romance']",FALSE,45,8.1,66560,
tt0978762,https://www.imdb.com/title/tt0978762/,Mary and Max,Mary and Max.,movie,"In 1976 Melbourne, a lonely 8-year-old girl strikes up a correspondence with an unlikely pen pal: a severely obese 44-year-old New Yorker with Asperger's syndrome.",https://m.media-amazon.com/images/M/MV5BNzY2Mjc4NjMtNGY4Mi00NzM5LTk3ZTQtN2VkNzVkMzRmM2Y2XkEyXkFqcGc@.jpg,"[{'url': 'https://m.media-amazon.com/images/M/MV5BNzY2Mjc4NjMtNGY4Mi00NzM5LTk3ZTQtN2VkNzVkMzRmM2Y2XkEyXkFqcGc@._V1_QL75_UX100_CR0,0,100,148_.jpg', 'width': 100, 'height': 148}, {'url': 'https://m.media-amazon.com/images/M/MV5BNzY2Mjc4NjMtNGY4Mi00NzM5LTk3ZTQtN2VkNzVkMzRmM2Y2XkEyXkFqcGc@._V1_QL75_UX280_CR0,0,280,414_.jpg', 'width': 280, 'height': 414}, {'url': 'https://m.media-amazon.com/images/M/MV5BNzY2Mjc4NjMtNGY4Mi00NzM5LTk3ZTQtN2VkNzVkMzRmM2Y2XkEyXkFqcGc@._V1_QL75_UX380_CR0,0,380,562_.jpg', 'width': 380, 'height': 562}]",https://www.youtube.com/watch?v=kGATShQbydk,Not Rated,2009,,09-04-2009,"['Adult Animation', 'Coming-of-Age', 'Dark Comedy', 'Period Drama', 'Psychological Drama', 'Stop Motion Animation', 'Animation', 'Comedy', 'Drama']",['AU'],['http://www.maryandmax.net/'],"['en', 'yi']","['Melbourne, Victoria, Australia']","[{'id': 'co0112023', 'name': 'Melodrama Pictures'}]",8240000,1740845,"['Animation', 'Comedy', 'Drama']",FALSE,92,8.1,202703,72
tt30472557,https://www.imdb.com/title/tt30472557/,Chainsaw Man - The Movie: Reze Arc,Gekijô-ban Chensô Man Reze-hen,movie,"A direct sequel to the first season of the series ""Chainsaw Man"", featuring Denji, a young man who co-exists with a chainsaw demon. Denji encounters a new romantic interest, but will his involvement place them both in danger?",https://m.media-amazon.com/images/M/MV5BZmMzNGVhODktYmU5MS00MDg1LThlNTEtNTMyYTg5MDA0Njk4XkEyXkFqcGc@.jpg,"[{'url': 'https://m.media-amazon.com/images/M/MV5BZmMzNGVhODktYmU5MS00MDg1LThlNTEtNTMyYTg5MDA0Njk4XkEyXkFqcGc@._V1_QL75_UX100_CR0,0,100,148_.jpg', 'width': 100, 'height': 148}, {'url': 'https://m.media-amazon.com/images/M/MV5BZmMzNGVhODktYmU5MS00MDg1LThlNTEtNTMyYTg5MDA0Njk4XkEyXkFqcGc@._V1_QL75_UX280_CR0,0,280,414_.jpg', 'width': 280, 'height': 414}, {'url': 'https://m.media-amazon.com/images/M/MV5BZmMzNGVhODktYmU5MS00MDg1LThlNTEtNTMyYTg5MDA0Njk4XkEyXkFqcGc@._V1_QL75_UX380_CR0,0,380,562_.jpg', 'width': 380, 'height': 562}]",,R,2025,,24-10-2025,"['Japanese', 'Adult Animation', 'Anime', 'Dark Comedy', 'Dark Fantasy', 'Dark Romance', 'Hand-Drawn Animation', 'Shōnen', 'Supernatural Fantasy', 'Teen Fantasy']",['JP'],"['https://chainsawman.dog/movie_reze/', 'https://chainsawman.movie/']",['ja'],[],"[{'id': 'co0376600', 'name': 'Mappa'}, {'id': 'co0049595', 'name': 'Shueisha'}]",,162440471,"['Action', 'Adventure', 'Animation']",FALSE,100,8.3,64410,71
tt5323662,https://www.imdb.com/title/tt5323662/,A Silent Voice: The Movie,Koe no katachi,movie,"A deaf girl, Shoko, is bullied by the popular Shoya. As Shoya continues to bully Shoko, the class turns its back on him. Shoko transfers and Shoya grows up as an outcast. Alone and depressed, the regretful Shoya finds Shoko to make amends.",https://m.media-amazon.com/images/M/MV5BOTFiNzRiOWEtYTQwNy00NmRiLWE0ZWYtNTE0YjExZjFmZjkwXkEyXkFqcGc@.jpg,"[{'url': 'https://m.media-amazon.com/images/M/MV5BOTFiNzRiOWEtYTQwNy00NmRiLWE0ZWYtNTE0YjExZjFmZjkwXkEyXkFqcGc@._V1_QL75_UX100_CR0,0,100,148_.jpg', 'width': 100, 'height': 148}, {'url': 'https://m.media-amazon.com/images/M/MV5BOTFiNzRiOWEtYTQwNy00NmRiLWE0ZWYtNTE0YjExZjFmZjkwXkEyXkFqcGc@._V1_QL75_UX280_CR0,0,280,414_.jpg', 'width': 280, 'height': 414}, {'url': 'https://m.media-amazon.com/images/M/MV5BOTFiNzRiOWEtYTQwNy00NmRiLWE0ZWYtNTE0YjExZjFmZjkwXkEyXkFqcGc@._V1_QL75_UX380_CR0,0,380,562_.jpg', 'width': 380, 'height': 562}]",https://www.youtube.com/watch?v=twUSlecQpGQ,Not Rated,2016,,17-09-2016,"['Japanese', 'Adult Animation', 'Anime', 'Coming-of-Age', 'Hand-Drawn Animation', 'Psychological Drama', 'Shōnen', 'Slice of Life', 'Animation', 'Drama']",['JP'],"['https://www.elevenarts.net/titles/a-silent-voice', 'https://www.fathomevents.com/events/a-silent-voice']","['ja', 'en']",[],"[{'id': 'co0623776', 'name': 'ABC Animation'}, {'id': 'co1099846', 'name': 'Kodansha'}, {'id': 'co0089081', 'name': 'Kyoto Animation'}]",,30819442,"['Animation', 'Drama']",FALSE,130,8.2,147251,78
tt0046268,https://www.imdb.com/title/tt0046268/,The Wages of Fear,Le salaire de la peur,movie,"In a decrepit South American village, four men are hired to transport an urgent nitroglycerine shipment without the equipment that would make it safe.",https://m.media-amazon.com/images/M/MV5BMjI3MjU2Mzg2MF5BMl5BanBnXkFtZTgwOTg2MTMzMjE@.jpg,"[{'url': 'https://m.media-amazon.com/images/M/MV5BMjI3MjU2Mzg2MF5BMl5BanBnXkFtZTgwOTg2MTMzMjE@._V1_QL75_UX100_CR0,0,100,148_.jpg', 'width': 100, 'height': 148}, {'url': 'https://m.media-amazon.com/images/M/MV5BMjI3MjU2Mzg2MF5BMl5BanBnXkFtZTgwOTg2MTMzMjE@._V1_QL75_UX280_CR0,0,280,414_.jpg', 'width': 280, 'height': 414}, {'url': 'https://m.media-amazon.com/images/M/MV5BMjI3MjU2Mzg2MF5BMl5BanBnXkFtZTgwOTg2MTMzMjE@._V1_QL75_UX380_CR0,0,380,562_.jpg', 'width': 380, 'height': 562}]",https://www.youtube.com/watch?v=ZYDZ3vNa-MQ,Not Rated,1953,,16-02-1955,"['French', 'Psychological Drama', 'Survival', 'Adventure', 'Drama', 'Thriller']","['FR', 'IT']",[],"['fr', 'en', 'es', 'de', 'it', 'ru']","['Bouches-du-Rhône, France']","[{'id': 'co0002264', 'name': 'Compagnie Industrielle et Commerciale Cinématographique (CICC)'}, {'id': 'co0010228', 'name': 'Filmsonor'}, {'id': 'co0132005', 'name': 'Vera Films'}]",,22326,"['Adventure', 'Drama', 'Thriller']",FALSE,156,8.1,74063,85
tt0077416,https://www.imdb.com/title/tt0077416/,The Deer Hunter,The Deer Hunter,movie,The lives of a group of friends are forever changed by the Vietnam War.,https://m.media-amazon.com/images/M/MV5BZGI4YmVhMzMtMWExMS00MGZiLTg2MmItM2I2MWZjODAyM2U5XkEyXkFqcGc@.jpg,"[{'url': 'https://m.media-amazon.com/images/M/MV5BZGI4YmVhMzMtMWExMS00MGZiLTg2MmItM2I2MWZjODAyM2U5XkEyXkFqcGc@._V1_QL75_UX100_CR0,0,100,148_.jpg', 'width': 100, 'height': 148}, {'url': 'https://m.media-amazon.com/images/M/MV5BZGI4YmVhMzMtMWExMS00MGZiLTg2MmItM2I2MWZjODAyM2U5XkEyXkFqcGc@._V1_QL75_UX280_CR0,0,280,414_.jpg', 'width': 280, 'height': 414}, {'url': 'https://m.media-amazon.com/images/M/MV5BZGI4YmVhMzMtMWExMS00MGZiLTg2MmItM2I2MWZjODAyM2U5XkEyXkFqcGc@._V1_QL75_UX380_CR0,0,380,562_.jpg', 'width': 380, 'height': 562}]",https://www.youtube.com/watch?v=g7q1SjVdsNk,R,1978,,23-02-1979,"['Epic', 'Psychological Drama', 'Tragedy', 'War Epic', 'Drama', 'War']","['US', 'GB']","['https://www.facebook.com/TheDeerHunterMovie/', 'https://www.uphe.com/movies/the-deer-hunter']","['en', 'vi', 'fr', 'ru']","['St. Theodosius Russian Orthodox Church - 733 Starkweather Avenue, Cleveland, Ohio, USA']","[{'id': 'co0103338', 'name': 'EMI Films'}]",15000000,49080334,"['Drama', 'War']",FALSE,183,8.1,388047,90
tt0075148,https://www.imdb.com/title/tt0075148/,Rocky,Rocky,movie,A small-time Philadelphia boxer gets a supremely rare chance to fight the world heavyweight champion in a bout in which he strives to go the distance for his self-respect.,https://m.media-amazon.com/images/M/MV5BZDEyY2M2MGMtYjg5OC00ZWFjLWFkZDQtNmQzZTdiYmYzZTBkXkEyXkFqcGc@.jpg,"[{'url': 'https://m.media-amazon.com/images/M/MV5BZDEyY2M2MGMtYjg5OC00ZWFjLWFkZDQtNmQzZTdiYmYzZTBkXkEyXkFqcGc@._V1_QL75_UX100_CR0,0,100,148_.jpg', 'width': 100, 'height': 148}, {'url': 'https://m.media-amazon.com/images/M/MV5BZDEyY2M2MGMtYjg5OC00ZWFjLWFkZDQtNmQzZTdiYmYzZTBkXkEyXkFqcGc@._V1_QL75_UX280_CR0,0,280,414_.jpg', 'width': 280, 'height': 414}, {'url': 'https://m.media-amazon.com/images/M/MV5BZDEyY2M2MGMtYjg5OC00ZWFjLWFkZDQtNmQzZTdiYmYzZTBkXkEyXkFqcGc@._V1_QL75_UX380_CR0,0,380,562_.jpg', 'width': 380, 'height': 562}]",https://www.youtube.com/watch?v=-Hk-LYcavrw,PG,1976,,03-12-1976,"['Boxing', 'Drama', 'Sport']",['US'],"['https://www.instagram.com/rockymovie/', 'https://www.mgm.com/movies/rocky']","['en', 'es', 'it']","['1818 East Tusculum Street, Kensington, North Philadelphia, Pennsylvania, USA']","[{'id': 'co0054262', 'name': 'Chartoff-Winkler Productions'}]",960000,117253345,"['Drama', 'Sport']",FALSE,120,8.1,696998,70
tt3315342,https://www.imdb.com/title/tt3315342/,Logan,Logan,movie,"In a future where mutants are nearly extinct, an elderly and weary Logan leads a quiet life. But when Laura, a mutant child pursued by scientists, comes to him for help, he must get her to safety.",https://m.media-amazon.com/images/M/MV5BM2JjODdkMGMtNmY2YS00OGM2LThiY2YtZGYyNzE4Nzc2ODA0XkEyXkFqcGc@.jpg,"[{'url': 'https://m.media-amazon.com/images/M/MV5BM2JjODdkMGMtNmY2YS00OGM2LThiY2YtZGYyNzE4Nzc2ODA0XkEyXkFqcGc@._V1_QL75_UX100_CR0,0,100,148_.jpg', 'width': 100, 'height': 148}, {'url': 'https://m.media-amazon.com/images/M/MV5BM2JjODdkMGMtNmY2YS00OGM2LThiY2YtZGYyNzE4Nzc2ODA0XkEyXkFqcGc@._V1_QL75_UX280_CR0,0,280,414_.jpg', 'width': 280, 'height': 414}, {'url': 'https://m.media-amazon.com/images/M/MV5BM2JjODdkMGMtNmY2YS00OGM2LThiY2YtZGYyNzE4Nzc2ODA0XkEyXkFqcGc@._V1_QL75_UX380_CR0,0,380,562_.jpg', 'width': 380, 'height': 562}]",https://www.youtube.com/watch?v=Div0iP65aZo,R,2017,,03-03-2017,"['Marvel', 'Contemporary Western', 'Dystopian Sci-Fi', 'Psychological Drama', 'Psychological Thriller', 'Quest', 'Road Trip', 'Superhero', 'Tragedy', 'Action']",['US'],"['https://www.marvel.com/movies/logan', 'https://www.hotstar.com/in/movies/logan/1770016994']","['en', 'es']","['Just outside Northern Meadows community, Rio Rancho, New Mexico, USA']","[{'id': 'co0000756', 'name': '20th Century Fox'}, {'id': 'co0047120', 'name': 'Marvel Entertainment'}, {'id': 'co0420822', 'name': 'TSG Entertainment'}]",97000000,619180476,"['Action', 'Drama', 'Sci-Fi']",FALSE,137,8.1,934339,77
tt0017925,https://www.imdb.com/title/tt0017925/,The General,The General,movie,"After being rejected by the Confederate military, not realizing it was due to his crucial civilian role, an engineer must single-handedly recapture his beloved locomotive after it is seized by Union spies and return it through enemy lines.",https://m.media-amazon.com/images/M/MV5BMTVhM2Y1MDUtMDkxYi00Y2UxLWI2MTMtZjMzYTY4ODM4MGIzXkEyXkFqcGc@.jpg,"[{'url': 'https://m.media-amazon.com/images/M/MV5BMTVhM2Y1MDUtMDkxYi00Y2UxLWI2MTMtZjMzYTY4ODM4MGIzXkEyXkFqcGc@._V1_QL75_UX100_CR0,0,100,148_.jpg', 'width': 100, 'height': 148}, {'url': 'https://m.media-amazon.com/images/M/MV5BMTVhM2Y1MDUtMDkxYi00Y2UxLWI2MTMtZjMzYTY4ODM4MGIzXkEyXkFqcGc@._V1_QL75_UX280_CR0,0,280,414_.jpg', 'width': 280, 'height': 414}, {'url': 'https://m.media-amazon.com/images/M/MV5BMTVhM2Y1MDUtMDkxYi00Y2UxLWI2MTMtZjMzYTY4ODM4MGIzXkEyXkFqcGc@._V1_QL75_UX380_CR0,0,380,562_.jpg', 'width': 380, 'height': 562}]",https://www.youtube.com/watch?v=rBWdhiOUyEw,Passed,1926,,02-01-1927,"['Farce', 'Slapstick', 'Action', 'Adventure', 'Comedy', 'Drama', 'War']",['US'],['https://www.sala46films.com/catalogue/the-general/1926'],['en'],"['Eugene, Oregon, USA']","[{'id': 'co0081891', 'name': 'Buster Keaton Productions'}, {'id': 'co0000357', 'name': 'Joseph M. Schenck Productions'}]",750000,2951,"['Action', 'Adventure', 'Comedy']",FALSE,78,8.1,105667,
tt0325980,https://www.imdb.com/title/tt0325980/,Pirates of the Caribbean: The Curse of the Black Pearl,Pirates of the Caribbean: The Curse of the Black Pearl,movie,An intrepid blacksmith teams up with an eccentric pirate captain to save his love from an undead pirate crew.,https://m.media-amazon.com/images/M/MV5BNDhlMzEyNzItMTA5Mi00YWRhLThlNTktYTQyMTA0MDIyNDEyXkEyXkFqcGc@.jpg,"[{'url': 'https://m.media-amazon.com/images/M/MV5BNDhlMzEyNzItMTA5Mi00YWRhLThlNTktYTQyMTA0MDIyNDEyXkEyXkFqcGc@._V1_QL75_UX100_CR0,0,100,148_.jpg', 'width': 100, 'height': 148}, {'url': 'https://m.media-amazon.com/images/M/MV5BNDhlMzEyNzItMTA5Mi00YWRhLThlNTktYTQyMTA0MDIyNDEyXkEyXkFqcGc@._V1_QL75_UX280_CR0,0,280,414_.jpg', 'width': 280, 'height': 414}, {'url': 'https://m.media-amazon.com/images/M/MV5BNDhlMzEyNzItMTA5Mi00YWRhLThlNTktYTQyMTA0MDIyNDEyXkEyXkFqcGc@._V1_QL75_UX380_CR0,0,380,562_.jpg', 'width': 380, 'height': 562}]",https://www.youtube.com/watch?v=naQr0uTrH_s,PG-13,2003,,09-07-2003,"['Action Epic', 'Adventure Epic', 'Dark Fantasy', 'Epic', 'Fantasy Epic', 'Sea Adventure', 'Supernatural Fantasy', 'Swashbuckler', 'Action', 'Adventure']",['US'],"['https://www.hotstar.com/in/movies/pirates-of-the-caribbean-the-curse-of-the-black-pearl/1660010115', 'https://www.facebook.com/PiratesoftheCaribbean']",['en'],"['Bequia, St Vincent and the Grenadines']","[{'id': 'co0008970', 'name': 'Walt Disney Pictures'}, {'id': 'co0026281', 'name': 'Jerry Bruckheimer Films'}]",140000000,654264835,"['Action', 'Adventure', 'Fantasy']",FALSE,143,8.1,1338214,63
tt22084616,https://www.imdb.com/title/tt22084616/,Spider-Man: Brand New Day,Spider-Man: Brand New Day,movie,A forgotten Peter Parker lives alone as a full-time Spider-Man until mounting pressure triggers a dangerous change and a powerful new enemy emerges.,https://m.media-amazon.com/images/M/MV5BOWNjYWM3NWItOGE0ZS00MWRjLThiZWEtYjc4ZmNmMmU5ZTVmXkEyXkFqcGc@.jpg,"[{'url': 'https://m.media-amazon.com/images/M/MV5BOWNjYWM3NWItOGE0ZS00MWRjLThiZWEtYjc4ZmNmMmU5ZTVmXkEyXkFqcGc@._V1_QL75_UX100_CR0,0,100,148_.jpg', 'width': 100, 'height': 148}, {'url': 'https://m.media-amazon.com/images/M/MV5BOWNjYWM3NWItOGE0ZS00MWRjLThiZWEtYjc4ZmNmMmU5ZTVmXkEyXkFqcGc@._V1_QL75_UX280_CR0,0,280,414_.jpg', 'width': 280, 'height': 414}, {'url': 'https://m.media-amazon.com/images/M/MV5BOWNjYWM3NWItOGE0ZS00MWRjLThiZWEtYjc4ZmNmMmU5ZTVmXkEyXkFqcGc@._V1_QL75_UX380_CR0,0,380,562_.jpg', 'width': 380, 'height': 562}]",,PG-13,2026,,31-07-2026,"['Marvel', 'Superhero', 'Urban Adventure', 'Action', 'Adventure', 'Sci-Fi']",['US'],"['https://www.marvel.com/movies/spider-man-brand-new-day', 'https://www.sonypictures.com/movies/spidermanbrandnewday']",['en'],"['Glasgow, Scotland, UK']","[{'id': 'co1050390', 'name': 'Canada Audio Visual Tax Credit'}, {'id': 'co0014351', 'name': 'Columbia Pictures'}, {'id': 'co0043117', 'name': 'Deutsche Film- und Fernsehakademie Berlin (DFFB)'}]",225000000,1052956180,"['Action', 'Adventure', 'Sci-Fi']",FALSE,145,8.2,140349,66
tt0031679,https://www.imdb.com/title/tt0031679/,Mr. Smith Goes to Washington,Mr. Smith Goes to Washington,movie,"A naive youth leader is appointed to fill a vacancy in the U.S. Senate. His idealistic plans promptly collide with corruption at home and subterfuge from his hero in Washington, but he tries to forge ahead despite attacks on his character.",https://m.media-amazon.com/images/M/MV5BMDU4ZjNmMjEtMjcxYi00NDAxLWFlMjQtNWIyNjg5NWUzNTdjXkEyXkFqcGc@.jpg,"[{'url': 'https://m.media-amazon.com/images/M/MV5BMDU4ZjNmMjEtMjcxYi00NDAxLWFlMjQtNWIyNjg5NWUzNTdjXkEyXkFqcGc@._V1_QL75_UX100_CR0,0,100,148_.jpg', 'width': 100, 'height': 148}, {'url': 'https://m.media-amazon.com/images/M/MV5BMDU4ZjNmMjEtMjcxYi00NDAxLWFlMjQtNWIyNjg5NWUzNTdjXkEyXkFqcGc@._V1_QL75_UX280_CR0,0,280,414_.jpg', 'width': 280, 'height': 414}, {'url': 'https://m.media-amazon.com/images/M/MV5BMDU4ZjNmMjEtMjcxYi00NDAxLWFlMjQtNWIyNjg5NWUzNTdjXkEyXkFqcGc@._V1_QL75_UX380_CR0,0,380,562_.jpg', 'width': 380, 'height': 562}]",https://www.youtube.com/watch?v=0bWfK3VTYGY,Approved,1939,,19-10-1939,"['Political Drama', 'Comedy', 'Drama']",['US'],[],['en'],"['Lincoln Memorial, National Mall, Washington, District of Columbia, USA']","[{'id': 'co0014351', 'name': 'Columbia Pictures'}]",1900000,146448,"['Comedy', 'Drama']",FALSE,129,8.1,130099,73
tt0046438,https://www.imdb.com/title/tt0046438/,Tokyo Story,Tôkyô monogatari,movie,"An old couple visit their children and grandchildren in the city, but receive little attention.",https://m.media-amazon.com/images/M/MV5BODdkNzcxZjItMDU2Yy00Y2JlLWFkYTQtNzIwM2Q4MWU5MTU2XkEyXkFqcGc@.jpg,"[{'url': 'https://m.media-amazon.com/images/M/MV5BODdkNzcxZjItMDU2Yy00Y2JlLWFkYTQtNzIwM2Q4MWU5MTU2XkEyXkFqcGc@._V1_QL75_UX100_CR0,0,100,148_.jpg', 'width': 100, 'height': 148}, {'url': 'https://m.media-amazon.com/images/M/MV5BODdkNzcxZjItMDU2Yy00Y2JlLWFkYTQtNzIwM2Q4MWU5MTU2XkEyXkFqcGc@._V1_QL75_UX280_CR0,0,280,414_.jpg', 'width': 280, 'height': 414}, {'url': 'https://m.media-amazon.com/images/M/MV5BODdkNzcxZjItMDU2Yy00Y2JlLWFkYTQtNzIwM2Q4MWU5MTU2XkEyXkFqcGc@._V1_QL75_UX380_CR0,0,380,562_.jpg', 'width': 380, 'height': 562}]",https://www.youtube.com/watch?v=5zEKw4VQIeY,Not Rated,1953,,03-11-1953,"['Japanese', 'Psychological Drama', 'Drama']",['JP'],[],"['ja', 'en']","['Tokyo, Japan']","[{'id': 'co0007001', 'name': 'Shochiku'}, {'id': 'co0837272', 'name': 'Entertain Me Productions'}]",,108861,['Drama'],FALSE,137,8.1,78394,100
tt0113247,https://www.imdb.com/title/tt0113247/,La haine,La Haine,movie,24 hours in the lives of three young men in the French suburbs the day after a violent riot.,https://m.media-amazon.com/images/M/MV5BMThlMDA3NDYtZGM2Zi00NmJhLThlYWItZjViZTkzZWU1ZWRiXkEyXkFqcGc@.jpg,"[{'url': 'https://m.media-amazon.com/images/M/MV5BMThlMDA3NDYtZGM2Zi00NmJhLThlYWItZjViZTkzZWU1ZWRiXkEyXkFqcGc@._V1_QL75_UX100_CR0,0,100,148_.jpg', 'width': 100, 'height': 148}, {'url': 'https://m.media-amazon.com/images/M/MV5BMThlMDA3NDYtZGM2Zi00NmJhLThlYWItZjViZTkzZWU1ZWRiXkEyXkFqcGc@._V1_QL75_UX280_CR0,0,280,414_.jpg', 'width': 280, 'height': 414}, {'url': 'https://m.media-amazon.com/images/M/MV5BMThlMDA3NDYtZGM2Zi00NmJhLThlYWItZjViZTkzZWU1ZWRiXkEyXkFqcGc@._V1_QL75_UX380_CR0,0,380,562_.jpg', 'width': 380, 'height': 562}]",https://www.youtube.com/watch?v=FKwcXt3JIaU,Not Rated,1995,,23-02-1996,"['French', 'Gangster', 'Psychological Drama', 'Crime', 'Drama']",['FR'],"['https://le-pacte.com/international/film/la-haine-2', 'http://www.lazennec.com/fiche.php?id=14']","['fr', 'yi']","['Chanteloup-les-Vignes, Yvelines, France']","[{'id': 'co0056741', 'name': 'Les Productions Lazennec'}, {'id': 'co0028557', 'name': 'Canal+'}, {'id': 'co0072659', 'name': 'La Sept Cinéma'}]",2590000,805316,"['Crime', 'Drama']",FALSE,98,8.1,229774,
tt1895587,https://www.imdb.com/title/tt1895587/,Spotlight,Spotlight,movie,"The true story of how the Boston Globe uncovered the massive scandal of child molestation and cover-up within the local Catholic Archdiocese, shaking the entire Catholic Church to its core.",https://m.media-amazon.com/images/M/MV5BMjIyOTM5OTIzNV5BMl5BanBnXkFtZTgwMDkzODE2NjE@.jpg,"[{'url': 'https://m.media-amazon.com/images/M/MV5BMjIyOTM5OTIzNV5BMl5BanBnXkFtZTgwMDkzODE2NjE@._V1_QL75_UX100_CR0,0,100,148_.jpg', 'width': 100, 'height': 148}, {'url': 'https://m.media-amazon.com/images/M/MV5BMjIyOTM5OTIzNV5BMl5BanBnXkFtZTgwMDkzODE2NjE@._V1_QL75_UX280_CR0,0,280,414_.jpg', 'width': 280, 'height': 414}, {'url': 'https://m.media-amazon.com/images/M/MV5BMjIyOTM5OTIzNV5BMl5BanBnXkFtZTgwMDkzODE2NjE@._V1_QL75_UX380_CR0,0,380,562_.jpg', 'width': 380, 'height': 562}]",https://www.youtube.com/watch?v=yXymzwz0V2g,R,2015,,20-11-2015,"['Docudrama', 'Legal Drama', 'Period Drama', 'Psychological Drama', 'True Crime', 'Workplace Drama', 'Biography', 'Crime', 'Drama']",['US'],"['http://www.anonymouscontent.com/work/film-tv/spotlight', 'https://www.facebook.com/SpotlightMovie']",['en'],"['333 Bay Street, Bay-Adelaide Centre, Toronto, Ontario, Canada']","[{'id': 'co0132772', 'name': 'Participant'}, {'id': 'co0732581', 'name': 'First Look Media'}, {'id': 'co0017525', 'name': 'Anonymous Content'}]",20000000,98690254,"['Biography', 'Crime', 'Drama']",FALSE,129,8.1,538613,93
tt0252488,https://www.imdb.com/title/tt0252488/,The Chaos Class Failed the Class,Hababam Sinifi: Sinifta Kaldi,movie,"A group of students have failed their exams and must return for another year. Distracting them all is a new young female teacher, who they try out their usual tricks on.",https://m.media-amazon.com/images/M/MV5BZmY3MjVhMmQtOTcwYy00ZjcyLWFiZDgtN2JiODVjNjQzYWQyXkEyXkFqcGc@.jpg,"[{'url': 'https://m.media-amazon.com/images/M/MV5BZmY3MjVhMmQtOTcwYy00ZjcyLWFiZDgtN2JiODVjNjQzYWQyXkEyXkFqcGc@._V1_QL75_UX100_CR0,0,100,148_.jpg', 'width': 100, 'height': 148}, {'url': 'https://m.media-amazon.com/images/M/MV5BZmY3MjVhMmQtOTcwYy00ZjcyLWFiZDgtN2JiODVjNjQzYWQyXkEyXkFqcGc@._V1_QL75_UX280_CR0,0,280,414_.jpg', 'width': 280, 'height': 414}, {'url': 'https://m.media-amazon.com/images/M/MV5BZmY3MjVhMmQtOTcwYy00ZjcyLWFiZDgtN2JiODVjNjQzYWQyXkEyXkFqcGc@._V1_QL75_UX380_CR0,0,380,562_.jpg', 'width': 380, 'height': 562}]",,,1975,,,"['Turkish', 'Satire', 'Comedy']",['TR'],[],['tr'],"['Istanbul, Turkey']","[{'id': 'co0003659', 'name': 'Arzu Film'}]",,,['Comedy'],FALSE,95,8.4,31156,
tt0059742,https://www.imdb.com/title/tt0059742/,The Sound of Music,The Sound of Music,movie,A young novice is sent by her convent in 1930s Austria to become a governess to the seven children of a widowed naval officer.,https://m.media-amazon.com/images/M/MV5BYWJhYmU4MjQtZDJhYi00ZGVjLTlkNTEtNzkzNGVjOWQ3MjcwXkEyXkFqcGc@.jpg,"[{'url': 'https://m.media-amazon.com/images/M/MV5BYWJhYmU4MjQtZDJhYi00ZGVjLTlkNTEtNzkzNGVjOWQ3MjcwXkEyXkFqcGc@._V1_QL75_UX100_CR0,0,100,148_.jpg', 'width': 100, 'height': 148}, {'url': 'https://m.media-amazon.com/images/M/MV5BYWJhYmU4MjQtZDJhYi00ZGVjLTlkNTEtNzkzNGVjOWQ3MjcwXkEyXkFqcGc@._V1_QL75_UX280_CR0,0,280,414_.jpg', 'width': 280, 'height': 414}, {'url': 'https://m.media-amazon.com/images/M/MV5BYWJhYmU4MjQtZDJhYi00ZGVjLTlkNTEtNzkzNGVjOWQ3MjcwXkEyXkFqcGc@._V1_QL75_UX380_CR0,0,380,562_.jpg', 'width': 380, 'height': 562}]",https://www.youtube.com/watch?v=ygyK0HStjwg,G,1965,,01-04-1965,"['Classic Musical', 'Epic', 'Period Drama', 'Biography', 'Drama', 'Family', 'Musical', 'Romance']",['US'],"['https://www.facebook.com/TheSoundOfMusic', 'https://www.foxmovies.com/movies/the-sound-of-music']","['en', 'de', 'la', 'fr']","['Felsenreitschule, Salzburg, Austria']","[{'id': 'co0024434', 'name': 'Robert Wise Productions'}, {'id': 'co0021486', 'name': 'Argyle Enterprises'}]",8200000,161519336,"['Biography', 'Drama', 'Family']",FALSE,174,8.1,293447,63
tt15097216,https://www.imdb.com/title/tt15097216/,Jai Bhim,Jai Bhim,movie,"When a tribal man is arrested for a case of alleged theft, his wife turns to a human-rights lawyer to help bring justice.",https://m.media-amazon.com/images/M/MV5BZjEyNDIzNmEtMjdkYS00ZDAwLTljOWYtNDRhYTVhYTlmOTk1XkEyXkFqcGc@.jpg,"[{'url': 'https://m.media-amazon.com/images/M/MV5BZjEyNDIzNmEtMjdkYS00ZDAwLTljOWYtNDRhYTVhYTlmOTk1XkEyXkFqcGc@._V1_QL75_UX100_CR0,0,100,148_.jpg', 'width': 100, 'height': 148}, {'url': 'https://m.media-amazon.com/images/M/MV5BZjEyNDIzNmEtMjdkYS00ZDAwLTljOWYtNDRhYTVhYTlmOTk1XkEyXkFqcGc@._V1_QL75_UX280_CR0,0,280,414_.jpg', 'width': 280, 'height': 414}, {'url': 'https://m.media-amazon.com/images/M/MV5BZjEyNDIzNmEtMjdkYS00ZDAwLTljOWYtNDRhYTVhYTlmOTk1XkEyXkFqcGc@._V1_QL75_UX380_CR0,0,380,562_.jpg', 'width': 380, 'height': 562}]",,TV-MA,2021,,02-11-2021,"['Tamil', 'Legal Drama', 'Crime', 'Drama']","['IN', 'US']",[],['ta'],[],"[{'id': 'co0536867', 'name': '2D Entertainment'}]",,,"['Crime', 'Drama']",FALSE,164,8.6,235531,
tt26548265,https://www.imdb.com/title/tt26548265/,Maharaja,Maharaja,movie,"A barber seeks vengeance after his home is burglarized, cryptically telling police his ""lakshmi"" has been taken, leaving them uncertain if it's a person or object. His quest to recover the elusive ""lakshmi"" unfolds.",https://m.media-amazon.com/images/M/MV5BOTFlMTIxOGItZTk0Zi00MTk2LWJiM2UtMzlhZWYzNjQ4N2Y3XkEyXkFqcGc@.jpg,"[{'url': 'https://m.media-amazon.com/images/M/MV5BOTFlMTIxOGItZTk0Zi00MTk2LWJiM2UtMzlhZWYzNjQ4N2Y3XkEyXkFqcGc@._V1_QL75_UX100_CR0,0,100,148_.jpg', 'width': 100, 'height': 148}, {'url': 'https://m.media-amazon.com/images/M/MV5BOTFlMTIxOGItZTk0Zi00MTk2LWJiM2UtMzlhZWYzNjQ4N2Y3XkEyXkFqcGc@._V1_QL75_UX280_CR0,0,280,414_.jpg', 'width': 280, 'height': 414}, {'url': 'https://m.media-amazon.com/images/M/MV5BOTFlMTIxOGItZTk0Zi00MTk2LWJiM2UtMzlhZWYzNjQ4N2Y3XkEyXkFqcGc@._V1_QL75_UX380_CR0,0,380,562_.jpg', 'width': 380, 'height': 562}]",https://www.youtube.com/watch?v=Otcr-vRuaQs,,2024,,13-06-2024,"['Tamil', 'One-Person Army Action', 'Action', 'Crime', 'Drama', 'Thriller']",['IN'],['https://www.netflix.com/title/81690671'],['ta'],[],"[{'id': 'co0717585', 'name': 'Passion Studios'}, {'id': 'co0946109', 'name': 'The Route'}]",200000000,975543,"['Action', 'Crime', 'Drama']",FALSE,141,8.3,84211,
tt0047296,https://www.imdb.com/title/tt0047296/,On the Waterfront,On the Waterfront,movie,"An ex-prize fighter turned New Jersey longshoreman struggles to stand up to his corrupt union bosses, including his older brother, as he starts to connect with the grieving sister of one of the syndicate's victims.",https://m.media-amazon.com/images/M/MV5BZDJlYTM1ZGYtZTM4YS00MzFhLThiZjktYzQ0ZjAzMGYwZTU3XkEyXkFqcGc@.jpg,"[{'url': 'https://m.media-amazon.com/images/M/MV5BZDJlYTM1ZGYtZTM4YS00MzFhLThiZjktYzQ0ZjAzMGYwZTU3XkEyXkFqcGc@._V1_QL75_UX100_CR0,0,100,148_.jpg', 'width': 100, 'height': 148}, {'url': 'https://m.media-amazon.com/images/M/MV5BZDJlYTM1ZGYtZTM4YS00MzFhLThiZjktYzQ0ZjAzMGYwZTU3XkEyXkFqcGc@._V1_QL75_UX280_CR0,0,280,414_.jpg', 'width': 280, 'height': 414}, {'url': 'https://m.media-amazon.com/images/M/MV5BZDJlYTM1ZGYtZTM4YS00MzFhLThiZjktYzQ0ZjAzMGYwZTU3XkEyXkFqcGc@._V1_QL75_UX380_CR0,0,380,562_.jpg', 'width': 380, 'height': 562}]",https://www.youtube.com/watch?v=boekTHsOIY8,Approved,1954,,22-06-1954,"['Legal Drama', 'Legal Thriller', 'Tragedy', 'Crime', 'Drama', 'Thriller']",['US'],[],"['en', 'la']","['St Peter and St Paul Church - 400 Hudson Street, Hoboken, New Jersey, USA']","[{'id': 'co0014351', 'name': 'Columbia Pictures'}, {'id': 'co0218910', 'name': 'Horizon Pictures'}]",910000,3768,"['Crime', 'Drama', 'Thriller']",FALSE,108,8.1,179993,91
tt0088247,https://www.imdb.com/title/tt0088247/,The Terminator,The Terminator,movie,A cyborg assassin from the future attempts to find and kill a young woman who is destined to give birth to a warrior that will lead a resistance to save humankind from extinction.,https://m.media-amazon.com/images/M/MV5BZmE0YzIxM2QtMGNlMi00MjRmLWE3MWMtOWQzMGVjMmU0YTFmXkEyXkFqcGc@.jpg,"[{'url': 'https://m.media-amazon.com/images/M/MV5BZmE0YzIxM2QtMGNlMi00MjRmLWE3MWMtOWQzMGVjMmU0YTFmXkEyXkFqcGc@._V1_QL75_UX100_CR0,0,100,148_.jpg', 'width': 100, 'height': 148}, {'url': 'https://m.media-amazon.com/images/M/MV5BZmE0YzIxM2QtMGNlMi00MjRmLWE3MWMtOWQzMGVjMmU0YTFmXkEyXkFqcGc@._V1_QL75_UX280_CR0,0,280,414_.jpg', 'width': 280, 'height': 414}, {'url': 'https://m.media-amazon.com/images/M/MV5BZmE0YzIxM2QtMGNlMi00MjRmLWE3MWMtOWQzMGVjMmU0YTFmXkEyXkFqcGc@._V1_QL75_UX380_CR0,0,380,562_.jpg', 'width': 380, 'height': 562}]",https://www.youtube.com/watch?v=nGrW-OR2uDk,R,1984,,26-10-1984,"['Terminator', 'Artificial Intelligence', 'Cyberpunk', 'Dystopian Sci-Fi', 'One-Person Army Action', 'Time Travel', 'Urban Adventure', 'Action', 'Adventure', 'Sci-Fi']","['GB', 'US']","['https://www.facebook.com/TheTerminatorMovie', 'https://valhallaentertainment.com/projects/the-terminator']","['en', 'es']","['720 South Hill Street, Los Angeles, California, USA']","[{'id': 'co0056805', 'name': 'Hemdale'}, {'id': 'co0777708', 'name': 'Pacific Western Productions'}, {'id': 'co0215706', 'name': 'Euro Film Funding'}]",6400000,78371200,"['Action', 'Adventure', 'Sci-Fi']",FALSE,107,8.1,1012578,84
tt0050986,https://www.imdb.com/title/tt0050986/,Wild Strawberries,Smultronstället,movie,"After living a life marked by coldness, an aging professor is forced to confront the emptiness of his existence.",https://m.media-amazon.com/images/M/MV5BZWQ5MDllM2EtZWRmNS00MmZiLWI4ZWQtMjRiY2Q5MTAxODY4XkEyXkFqcGc@.jpg,"[{'url': 'https://m.media-amazon.com/images/M/MV5BZWQ5MDllM2EtZWRmNS00MmZiLWI4ZWQtMjRiY2Q5MTAxODY4XkEyXkFqcGc@._V1_QL75_UX100_CR0,0,100,148_.jpg', 'width': 100, 'height': 148}, {'url': 'https://m.media-amazon.com/images/M/MV5BZWQ5MDllM2EtZWRmNS00MmZiLWI4ZWQtMjRiY2Q5MTAxODY4XkEyXkFqcGc@._V1_QL75_UX280_CR0,0,280,414_.jpg', 'width': 280, 'height': 414}, {'url': 'https://m.media-amazon.com/images/M/MV5BZWQ5MDllM2EtZWRmNS00MmZiLWI4ZWQtMjRiY2Q5MTAxODY4XkEyXkFqcGc@._V1_QL75_UX380_CR0,0,380,562_.jpg', 'width': 380, 'height': 562}]",https://www.youtube.com/watch?v=EwMgTyVbCS0,Not Rated,1957,,22-06-1959,"['Swedish', 'Psychological Drama', 'Drama', 'Romance']",['SE'],[],"['sv', 'la']","['Dalarö, Stockholms län, Sweden']","[{'id': 'co0050989', 'name': 'Svensk Filmindustri (SF)'}]",,104614,"['Drama', 'Romance']",FALSE,92,8.1,125290,88
tt0036868,https://www.imdb.com/title/tt0036868/,The Best Years of Our Lives,The Best Years of Our Lives,movie,Three WWII veterans return home forever changed and find it difficult to adjust to their new realities.,https://m.media-amazon.com/images/M/MV5BNTgxMzUyODQtMDJmZC00ZGMyLWI3MzAtZTYwYjBjZjFmMzIxXkEyXkFqcGc@.jpg,"[{'url': 'https://m.media-amazon.com/images/M/MV5BNTgxMzUyODQtMDJmZC00ZGMyLWI3MzAtZTYwYjBjZjFmMzIxXkEyXkFqcGc@._V1_QL75_UX100_CR0,0,100,148_.jpg', 'width': 100, 'height': 148}, {'url': 'https://m.media-amazon.com/images/M/MV5BNTgxMzUyODQtMDJmZC00ZGMyLWI3MzAtZTYwYjBjZjFmMzIxXkEyXkFqcGc@._V1_QL75_UX280_CR0,0,280,414_.jpg', 'width': 280, 'height': 414}, {'url': 'https://m.media-amazon.com/images/M/MV5BNTgxMzUyODQtMDJmZC00ZGMyLWI3MzAtZTYwYjBjZjFmMzIxXkEyXkFqcGc@._V1_QL75_UX380_CR0,0,380,562_.jpg', 'width': 380, 'height': 562}]",https://www.youtube.com/watch?v=X9lufYAOxes,Approved,1946,,29-05-1947,"['Epic', 'Feel-Good Romance', 'Romantic Epic', 'War Epic', 'Drama', 'Romance', 'War']",['US'],[],['en'],"['Ontario International Airport - 2900 E. Airport Drive, Ontario, California, USA']","[{'id': 'co0189536', 'name': 'Samuel Goldwyn Productions'}]",2100000,23667133,"['Drama', 'Romance', 'War']",FALSE,170,8.1,76776,93
tt0041959,https://www.imdb.com/title/tt0041959/,The Third Man,The Third Man,movie,"Pulp novelist Holly Martins travels to shadowy, mystifying post-war Vienna only to find himself investigating the mysterious sudden death of old friend Harry Lime.",https://m.media-amazon.com/images/M/MV5BNGVjMTMxZTQtMmVlNy00YmI0LWJjMDUtYTgyZWU1Njg5ZGRiXkEyXkFqcGc@.jpg,"[{'url': 'https://m.media-amazon.com/images/M/MV5BNGVjMTMxZTQtMmVlNy00YmI0LWJjMDUtYTgyZWU1Njg5ZGRiXkEyXkFqcGc@._V1_QL75_UX100_CR0,0,100,148_.jpg', 'width': 100, 'height': 148}, {'url': 'https://m.media-amazon.com/images/M/MV5BNGVjMTMxZTQtMmVlNy00YmI0LWJjMDUtYTgyZWU1Njg5ZGRiXkEyXkFqcGc@._V1_QL75_UX280_CR0,0,280,414_.jpg', 'width': 280, 'height': 414}, {'url': 'https://m.media-amazon.com/images/M/MV5BNGVjMTMxZTQtMmVlNy00YmI0LWJjMDUtYTgyZWU1Njg5ZGRiXkEyXkFqcGc@._V1_QL75_UX380_CR0,0,380,562_.jpg', 'width': 380, 'height': 562}]",https://www.youtube.com/watch?v=r9yyDEDGlr0,Approved,1949,,01-02-1950,"['Film Noir', 'Hard-boiled Detective', 'Psychological Thriller', 'Spy', 'Whodunnit', 'Drama', 'Mystery', 'Thriller']","['GB', 'US']",['https://www.studiocanal.com/title/the-third-man-1949/'],"['en', 'de', 'ru', 'fr']","['8 Schreyvogelgasse, Vienna, Austria']","[{'id': 'co0103018', 'name': 'London Film Productions'}]",,1429209,"['Drama', 'Film-Noir', 'Mystery']",FALSE,104,8.1,196655,97
tt0118715,https://www.imdb.com/title/tt0118715/,The Big Lebowski,The Big Lebowski,movie,"Jeff ""The Dude"" Lebowski, mistaken for a millionaire of the same name, seeks restitution for his ruined rug and enlists his bowling buddies to help get it.",https://m.media-amazon.com/images/M/MV5BY2E3OWQ5OWYtYTRkMC00NjVjLWIzZDQtNmRmM2ZiYTIyYmYxXkEyXkFqcGc@.jpg,"[{'url': 'https://m.media-amazon.com/images/M/MV5BY2E3OWQ5OWYtYTRkMC00NjVjLWIzZDQtNmRmM2ZiYTIyYmYxXkEyXkFqcGc@._V1_QL75_UX100_CR0,0,100,148_.jpg', 'width': 100, 'height': 148}, {'url': 'https://m.media-amazon.com/images/M/MV5BY2E3OWQ5OWYtYTRkMC00NjVjLWIzZDQtNmRmM2ZiYTIyYmYxXkEyXkFqcGc@._V1_QL75_UX280_CR0,0,280,414_.jpg', 'width': 280, 'height': 414}, {'url': 'https://m.media-amazon.com/images/M/MV5BY2E3OWQ5OWYtYTRkMC00NjVjLWIzZDQtNmRmM2ZiYTIyYmYxXkEyXkFqcGc@._V1_QL75_UX380_CR0,0,380,562_.jpg', 'width': 380, 'height': 562}]",https://www.youtube.com/watch?v=cd-go0oBF4Y,R,1998,,06-03-1998,"['Buddy Comedy', 'Drug Crime', 'Satire', 'Stoner Comedy', 'Comedy', 'Crime']","['GB', 'US']",[],"['en', 'de', 'he', 'es']","['South Pasadena, California, USA']","[{'id': 'co0030612', 'name': 'Polygram Filmed Entertainment'}, {'id': 'co0057311', 'name': 'Working Title Films'}]",15000000,48261691,"['Comedy', 'Crime']",FALSE,117,8.1,921354,71
tt0317705,https://www.imdb.com/title/tt0317705/,The Incredibles,The Incredibles,movie,"While trying to lead a quiet suburban life, a family of undercover superheroes are forced into action to save the world.",https://m.media-amazon.com/images/M/MV5BMTY5OTU0OTc2NV5BMl5BanBnXkFtZTcwMzU4MDcyMQ@@.jpg,"[{'url': 'https://m.media-amazon.com/images/M/MV5BMTY5OTU0OTc2NV5BMl5BanBnXkFtZTcwMzU4MDcyMQ@@._V1_QL75_UX100_CR0,0,100,148_.jpg', 'width': 100, 'height': 148}, {'url': 'https://m.media-amazon.com/images/M/MV5BMTY5OTU0OTc2NV5BMl5BanBnXkFtZTcwMzU4MDcyMQ@@._V1_QL75_UX280_CR0,0,280,414_.jpg', 'width': 280, 'height': 414}, {'url': 'https://m.media-amazon.com/images/M/MV5BMTY5OTU0OTc2NV5BMl5BanBnXkFtZTcwMzU4MDcyMQ@@._V1_QL75_UX380_CR0,0,380,562_.jpg', 'width': 380, 'height': 562}]",https://www.youtube.com/watch?v=sZwWCrFNfzQ,PG,2004,,05-11-2004,"['Action Epic', 'Adventure Epic', 'Computer Animation', 'Superhero', 'Urban Adventure', 'Action', 'Adventure', 'Animation', 'Family']",['US'],['https://www.pixar.com/the-incredibles'],"['en', 'fr', 'de', 'it', 'pt', 'ru']","['Pixar Animation Studios - 1200 Park Avenue, Emeryville, California, USA']","[{'id': 'co0008970', 'name': 'Walt Disney Pictures'}, {'id': 'co0017902', 'name': 'Pixar Animation Studios'}]",92000000,631688498,"['Action', 'Adventure', 'Animation']",FALSE,115,8,911125,90
tt0381681,https://www.imdb.com/title/tt0381681/,Before Sunset,Before Sunset,movie,"Nine years after Jesse and Celine first met, they encounter each other again on the French leg of Jesse's book tour.",https://m.media-amazon.com/images/M/MV5BMTQ1MjAwNTM5Ml5BMl5BanBnXkFtZTYwNDM0MTc3.jpg,"[{'url': 'https://m.media-amazon.com/images/M/MV5BMTQ1MjAwNTM5Ml5BMl5BanBnXkFtZTYwNDM0MTc3._V1_QL75_UX100_CR0,0,100,148_.jpg', 'width': 100, 'height': 148}, {'url': 'https://m.media-amazon.com/images/M/MV5BMTQ1MjAwNTM5Ml5BMl5BanBnXkFtZTYwNDM0MTc3._V1_QL75_UX280_CR0,0,280,414_.jpg', 'width': 280, 'height': 414}, {'url': 'https://m.media-amazon.com/images/M/MV5BMTQ1MjAwNTM5Ml5BMl5BanBnXkFtZTYwNDM0MTc3._V1_QL75_UX380_CR0,0,380,562_.jpg', 'width': 380, 'height': 562}]",https://www.youtube.com/watch?v=jx0UWbMMZOQ,R,2004,,30-07-2004,"['Feel-Good Romance', 'Drama', 'Romance']","['FR', 'US']","['http://www.facebook.com/BeforeSunsetMovie', 'https://www.warnerbros.com/movies/sunset']","['en', 'fr']","['Seine River, Paris, France']","[{'id': 'co0106448', 'name': 'Warner Independent Pictures (WIP)'}, {'id': 'co0040620', 'name': 'Castle Rock Entertainment'}, {'id': 'co0123642', 'name': 'Detour Filmproduction'}]",2700000,16373310,"['Drama', 'Romance']",FALSE,80,8.1,318123,91
tt1028532,https://www.imdb.com/title/tt1028532/,Hachi: A Dog's Tale,Hachi: A Dog's Tale,movie,"Professor Wilson discovers a lost Akita puppy on his way home. Despite objections from his wife, Hachi endears himself to the family and grows to be Parker's loyal companion. As their bond grows deeper, a beautiful relationship unfolds.",https://m.media-amazon.com/images/M/MV5BNTU5NjYyYTgtZGQ3My00MzRhLThjNGYtZmVjN2JjYjhkMjhhXkEyXkFqcGc@.jpg,"[{'url': 'https://m.media-amazon.com/images/M/MV5BNTU5NjYyYTgtZGQ3My00MzRhLThjNGYtZmVjN2JjYjhkMjhhXkEyXkFqcGc@._V1_QL75_UX100_CR0,0,100,148_.jpg', 'width': 100, 'height': 148}, {'url': 'https://m.media-amazon.com/images/M/MV5BNTU5NjYyYTgtZGQ3My00MzRhLThjNGYtZmVjN2JjYjhkMjhhXkEyXkFqcGc@._V1_QL75_UX280_CR0,0,280,414_.jpg', 'width': 280, 'height': 414}, {'url': 'https://m.media-amazon.com/images/M/MV5BNTU5NjYyYTgtZGQ3My00MzRhLThjNGYtZmVjN2JjYjhkMjhhXkEyXkFqcGc@._V1_QL75_UX380_CR0,0,380,562_.jpg', 'width': 380, 'height': 562}]",https://www.youtube.com/watch?v=Y6U7mAnPtw4,G,2009,,12-03-2010,"['Animal Adventure', 'Biography', 'Drama', 'Family']","['GB', 'US']","['http://www.hachithemovie.com/', 'http://www.hachiko-derfilm.de/']","['en', 'ja']","['Rhode Island, USA']","[{'id': 'co0222021', 'name': 'Stage 6 Films'}, {'id': 'co0119195', 'name': 'Inferno Distribution'}, {'id': 'co0341749', 'name': 'Hachiko'}]",16000000,46749646,"['Biography', 'Drama', 'Family']",FALSE,93,8.1,346271,
tt3170832,https://www.imdb.com/title/tt3170832/,Room,Room,movie,"A little boy is held captive in a room with his mother since his birth, so he has never known the world outside.",https://m.media-amazon.com/images/M/MV5BMjE4NzgzNzEwMl5BMl5BanBnXkFtZTgwMTMzMDE0NjE@.jpg,"[{'url': 'https://m.media-amazon.com/images/M/MV5BMjE4NzgzNzEwMl5BMl5BanBnXkFtZTgwMTMzMDE0NjE@._V1_QL75_UX100_CR0,0,100,148_.jpg', 'width': 100, 'height': 148}, {'url': 'https://m.media-amazon.com/images/M/MV5BMjE4NzgzNzEwMl5BMl5BanBnXkFtZTgwMTMzMDE0NjE@._V1_QL75_UX280_CR0,0,280,414_.jpg', 'width': 280, 'height': 414}, {'url': 'https://m.media-amazon.com/images/M/MV5BMjE4NzgzNzEwMl5BMl5BanBnXkFtZTgwMTMzMDE0NjE@._V1_QL75_UX380_CR0,0,380,562_.jpg', 'width': 380, 'height': 562}]",https://www.youtube.com/watch?v=6C6fZ-fwDws,R,2015,,22-01-2016,"['Psychological Drama', 'Drama', 'Thriller']","['IE', 'CA', 'GB', 'US']","['https://www.facebook.com/RoomTheMovie/', 'http://roomthemovie.com/#/']",['en'],"['Apache Burgers, 5236 Dundas St. W., Etobicoke, Ontario, Canada']","[{'id': 'co0214624', 'name': 'Element Pictures'}, {'id': 'co0018776', 'name': 'Bord Scannán na hÉireann / The Irish Film Board'}, {'id': 'co0167631', 'name': 'Film4'}]",13000000,35402766,"['Drama', 'Thriller']",FALSE,118,8.1,483005,86
tt0050976,https://www.imdb.com/title/tt0050976/,The Seventh Seal,Det sjunde inseglet,movie,"A knight returning to Sweden after the Crusades seeks answers about life, death, and the existence of God as he plays chess against the Grim Reaper during the Black Plague.",https://m.media-amazon.com/images/M/MV5BZDlmYTkzOWUtODQ0MS00MmM4LWE3ZjMtYTEwNGUwMmJkYzIxXkEyXkFqcGc@.jpg,"[{'url': 'https://m.media-amazon.com/images/M/MV5BZDlmYTkzOWUtODQ0MS00MmM4LWE3ZjMtYTEwNGUwMmJkYzIxXkEyXkFqcGc@._V1_QL75_UX100_CR0,0,100,148_.jpg', 'width': 100, 'height': 148}, {'url': 'https://m.media-amazon.com/images/M/MV5BZDlmYTkzOWUtODQ0MS00MmM4LWE3ZjMtYTEwNGUwMmJkYzIxXkEyXkFqcGc@._V1_QL75_UX280_CR0,0,280,414_.jpg', 'width': 280, 'height': 414}, {'url': 'https://m.media-amazon.com/images/M/MV5BZDlmYTkzOWUtODQ0MS00MmM4LWE3ZjMtYTEwNGUwMmJkYzIxXkEyXkFqcGc@._V1_QL75_UX380_CR0,0,380,562_.jpg', 'width': 380, 'height': 562}]",https://www.youtube.com/watch?v=vZucwtdSvJ8,Not Rated,1957,,13-10-1958,"['Swedish', 'Dark Comedy', 'Period Drama', 'Psychological Drama', 'Drama', 'Fantasy']",['SE'],[],"['sv', 'la']","['Hovs Hallar - Naturreservat, Skåne län, Sweden']","[{'id': 'co0050989', 'name': 'Svensk Filmindustri (SF)'}]",150000,335862,"['Drama', 'Fantasy']",FALSE,96,8.1,216733,88
tt0395169,https://www.imdb.com/title/tt0395169/,Hotel Rwanda,Hotel Rwanda,movie,"Paul Rusesabagina, a hotel manager, houses over a thousand Tutsi refugees during their struggle against the Hutu militia in Rwanda, Africa.",https://m.media-amazon.com/images/M/MV5BY2FmMWRmZmQtN2IzMS00OGVmLWFmNjktMTM0YWQzODcwYTEwXkEyXkFqcGc@.jpg,"[{'url': 'https://m.media-amazon.com/images/M/MV5BY2FmMWRmZmQtN2IzMS00OGVmLWFmNjktMTM0YWQzODcwYTEwXkEyXkFqcGc@._V1_QL75_UX100_CR0,0,100,148_.jpg', 'width': 100, 'height': 148}, {'url': 'https://m.media-amazon.com/images/M/MV5BY2FmMWRmZmQtN2IzMS00OGVmLWFmNjktMTM0YWQzODcwYTEwXkEyXkFqcGc@._V1_QL75_UX280_CR0,0,280,414_.jpg', 'width': 280, 'height': 414}, {'url': 'https://m.media-amazon.com/images/M/MV5BY2FmMWRmZmQtN2IzMS00OGVmLWFmNjktMTM0YWQzODcwYTEwXkEyXkFqcGc@._V1_QL75_UX380_CR0,0,380,562_.jpg', 'width': 380, 'height': 562}]",https://www.youtube.com/watch?v=2x8UzELvKlY,PG-13,2004,,04-02-2005,"['Docudrama', 'Epic', 'Psychological Drama', 'Biography', 'Drama', 'History', 'War']","['US', 'GB', 'ZA']","['http://www.metrofilms.com/hotelrwanda/', 'http://www.mgm.com/ua/hotelrwanda/']","['en', 'fr', 'rw']","['Kigali, Rwanda']","[{'id': 'co0026841', 'name': 'United Artists'}, {'id': 'co0006881', 'name': 'Lionsgate'}, {'id': 'co0127643', 'name': 'Industrial Development Corporation of South Africa'}]",17500000,33882243,"['Biography', 'Drama', 'History']",FALSE,121,8.1,393775,79
tt0070047,https://www.imdb.com/title/tt0070047/,The Exorcist,The Exorcist,movie,"When a mysterious entity possesses a young girl, her mother seeks the help of two Catholic priests to save her life.",https://m.media-amazon.com/images/M/MV5BZjg3YjE4ZjAtYTdmYS00ZTBkLWE1ZjgtNzAzODUwNzRiYjlmXkEyXkFqcGc@.jpg,"[{'url': 'https://m.media-amazon.com/images/M/MV5BZjg3YjE4ZjAtYTdmYS00ZTBkLWE1ZjgtNzAzODUwNzRiYjlmXkEyXkFqcGc@._V1_QL75_UX100_CR0,0,100,148_.jpg', 'width': 100, 'height': 148}, {'url': 'https://m.media-amazon.com/images/M/MV5BZjg3YjE4ZjAtYTdmYS00ZTBkLWE1ZjgtNzAzODUwNzRiYjlmXkEyXkFqcGc@._V1_QL75_UX280_CR0,0,280,414_.jpg', 'width': 280, 'height': 414}, {'url': 'https://m.media-amazon.com/images/M/MV5BZjg3YjE4ZjAtYTdmYS00ZTBkLWE1ZjgtNzAzODUwNzRiYjlmXkEyXkFqcGc@._V1_QL75_UX380_CR0,0,380,562_.jpg', 'width': 380, 'height': 562}]",https://www.youtube.com/watch?v=BU2eYAO31Cc,R,1973,,26-12-1973,"['Body Horror', 'Psychological Drama', 'Psychological Horror', 'Supernatural Horror', 'Tragedy', 'Horror']",['US'],"['https://www.facebook.com/TheExorcist.Official', 'http://theexorcist.warnerbros.com/']","['en', 'la', 'el', 'fr', 'de', 'ar', 'ku']","['Mosul, Iraq']","[{'id': 'co0002663', 'name': 'Warner Bros.'}, {'id': 'co0069305', 'name': 'Hoya Productions'}]",11000000,430872776,['Horror'],FALSE,122,8.1,501992,83
tt0091763,https://www.imdb.com/title/tt0091763/,Platoon,Platoon,movie,"Chris Taylor, a neophyte recruit in Vietnam, finds himself caught in a battle of wills between two sergeants, one good and the other evil. A shrewd examination of the brutality of war and the duality of man in conflict.",https://m.media-amazon.com/images/M/MV5BZjE4YjllODAtZGMxZS00Mjg2LThkOWUtZjNkMjQ5YThiNDU4XkEyXkFqcGc@.jpg,"[{'url': 'https://m.media-amazon.com/images/M/MV5BZjE4YjllODAtZGMxZS00Mjg2LThkOWUtZjNkMjQ5YThiNDU4XkEyXkFqcGc@._V1_QL75_UX100_CR0,0,100,148_.jpg', 'width': 100, 'height': 148}, {'url': 'https://m.media-amazon.com/images/M/MV5BZjE4YjllODAtZGMxZS00Mjg2LThkOWUtZjNkMjQ5YThiNDU4XkEyXkFqcGc@._V1_QL75_UX280_CR0,0,280,414_.jpg', 'width': 280, 'height': 414}, {'url': 'https://m.media-amazon.com/images/M/MV5BZjE4YjllODAtZGMxZS00Mjg2LThkOWUtZjNkMjQ5YThiNDU4XkEyXkFqcGc@._V1_QL75_UX380_CR0,0,380,562_.jpg', 'width': 380, 'height': 562}]",https://www.youtube.com/watch?v=R8weLPF4qBQ,R,1986,,19-12-1986,"['Docudrama', 'Epic', 'Period Drama', 'Tragedy', 'War Epic', 'Drama', 'War']","['US', 'GB']",['https://www.facebook.com/PlatoonMovie'],"['en', 'vi']",['Philippines'],"[{'id': 'co0056805', 'name': 'Hemdale'}, {'id': 'co0106410', 'name': ""Cinema '84""}, {'id': 'co0043707', 'name': 'Cinema 86'}]",6000000,138547185,"['Drama', 'War']",FALSE,120,8,475069,92
tt0129167,https://www.imdb.com/title/tt0129167/,The Iron Giant,The Iron Giant,movie,A young boy befriends a giant robot from outer space that a paranoid government agent wants to destroy.,https://m.media-amazon.com/images/M/MV5BODM4ZjZjMGEtYmFiMy00MThjLWIzZjUtMDU0ODg1NTI2MzIwXkEyXkFqcGc@.jpg,"[{'url': 'https://m.media-amazon.com/images/M/MV5BODM4ZjZjMGEtYmFiMy00MThjLWIzZjUtMDU0ODg1NTI2MzIwXkEyXkFqcGc@._V1_QL75_UX100_CR0,0,100,148_.jpg', 'width': 100, 'height': 148}, {'url': 'https://m.media-amazon.com/images/M/MV5BODM4ZjZjMGEtYmFiMy00MThjLWIzZjUtMDU0ODg1NTI2MzIwXkEyXkFqcGc@._V1_QL75_UX280_CR0,0,280,414_.jpg', 'width': 280, 'height': 414}, {'url': 'https://m.media-amazon.com/images/M/MV5BODM4ZjZjMGEtYmFiMy00MThjLWIzZjUtMDU0ODg1NTI2MzIwXkEyXkFqcGc@._V1_QL75_UX380_CR0,0,380,562_.jpg', 'width': 380, 'height': 562}]",https://www.youtube.com/watch?v=obLtyj8hfFk,PG,1999,,06-08-1999,"['Hand-Drawn Animation', 'Period Drama', 'Action', 'Adventure', 'Animation', 'Family', 'Sci-Fi']","['US', 'CZ', 'GB']",['http://www.warnerbros.com/movies/iron-giant'],['en'],"['Los Angeles, California, USA']","[{'id': 'co0002663', 'name': 'Warner Bros.'}, {'id': 'co0072876', 'name': 'Warner Bros. Animation'}, {'id': 'co0012442', 'name': 'Warner Bros. Feature Animation'}]",70000000,23340070,"['Action', 'Adventure', 'Animation']",FALSE,86,8.1,263673,85
tt1979320,https://www.imdb.com/title/tt1979320/,Rush,Rush,movie,"James Hunt and Niki Lauda, two extremely skilled Formula One racers, have an intense rivalry with each other. However, it is their enmity that pushes them to their limits.",https://m.media-amazon.com/images/M/MV5BMTZhOGQxM2ItNGQyYy00YzE5LWI5MjMtNmMzNGQzNDE1OTUzXkEyXkFqcGc@.jpg,"[{'url': 'https://m.media-amazon.com/images/M/MV5BMTZhOGQxM2ItNGQyYy00YzE5LWI5MjMtNmMzNGQzNDE1OTUzXkEyXkFqcGc@._V1_QL75_UX100_CR0,0,100,148_.jpg', 'width': 100, 'height': 148}, {'url': 'https://m.media-amazon.com/images/M/MV5BMTZhOGQxM2ItNGQyYy00YzE5LWI5MjMtNmMzNGQzNDE1OTUzXkEyXkFqcGc@._V1_QL75_UX280_CR0,0,280,414_.jpg', 'width': 280, 'height': 414}, {'url': 'https://m.media-amazon.com/images/M/MV5BMTZhOGQxM2ItNGQyYy00YzE5LWI5MjMtNmMzNGQzNDE1OTUzXkEyXkFqcGc@._V1_QL75_UX380_CR0,0,380,562_.jpg', 'width': 380, 'height': 562}]",https://www.youtube.com/watch?v=9ZJqxgR-5Xc,R,2013,,27-09-2013,"['Docudrama', 'Motorsport', 'Period Drama', 'Biography', 'Drama', 'Sport']","['GB', 'US']","['https://tv.apple.com/movie/rush/umc.cmc.2n3ko6yr05rnlyj0pybkrru24', 'https://www.facebook.com/rushmovie/']","['en', 'de', 'it', 'fr', 'ja', 'es']","['Nürburgring, Rhineland-Palatinate, Germany']","[{'id': 'co0234935', 'name': 'Exclusive Media Group'}, {'id': 'co0285648', 'name': 'Cross Creek Pictures'}, {'id': 'co0003687', 'name': 'Imagine Entertainment'}]",38000000,93328577,"['Biography', 'Drama', 'Sport']",FALSE,123,8.1,563909,74
tt0092005,https://www.imdb.com/title/tt0092005/,Stand by Me,Stand by Me,movie,A writer recounts a childhood journey with his friends to view the body of a boy who went missing in the woods.,https://m.media-amazon.com/images/M/MV5BNGJkNTUwM2MtZWE2MS00YjNkLWE3MjktNWQwZDQxMDIyZWVmXkEyXkFqcGc@.jpg,"[{'url': 'https://m.media-amazon.com/images/M/MV5BNGJkNTUwM2MtZWE2MS00YjNkLWE3MjktNWQwZDQxMDIyZWVmXkEyXkFqcGc@._V1_QL75_UX100_CR0,0,100,148_.jpg', 'width': 100, 'height': 148}, {'url': 'https://m.media-amazon.com/images/M/MV5BNGJkNTUwM2MtZWE2MS00YjNkLWE3MjktNWQwZDQxMDIyZWVmXkEyXkFqcGc@._V1_QL75_UX280_CR0,0,280,414_.jpg', 'width': 280, 'height': 414}, {'url': 'https://m.media-amazon.com/images/M/MV5BNGJkNTUwM2MtZWE2MS00YjNkLWE3MjktNWQwZDQxMDIyZWVmXkEyXkFqcGc@._V1_QL75_UX380_CR0,0,380,562_.jpg', 'width': 380, 'height': 562}]",https://www.youtube.com/watch?v=Ao9AI1pLeG0,R,1986,,22-08-1986,"['Coming-of-Age', 'Dark Comedy', 'Psychological Drama', 'Quest', 'Adventure', 'Drama']",['US'],['https://www.facebook.com/standbymemovie'],['en'],"['Lake Britton Bridge, Shasta-Trinity National Forest, Burney, California, USA']","[{'id': 'co0043140', 'name': 'Act III Communications'}]",8000000,54318325,"['Adventure', 'Drama']",FALSE,89,8.1,491764,76
tt0032138,https://www.imdb.com/title/tt0032138/,The Wizard of Oz,The Wizard of Oz,movie,"Young Dorothy Gale and her dog Toto are swept away by a tornado from their Kansas farm to the magical Land of Oz and embark on a quest with three new friends to see the Wizard, who can return her to her home and fulfill the others' wishes.",https://m.media-amazon.com/images/M/MV5BYWRmY2I0MGItYTQ0OC00NWZmLWIwMDktYjJlNDc0MzVhMmViXkEyXkFqcGc@.jpg,"[{'url': 'https://m.media-amazon.com/images/M/MV5BYWRmY2I0MGItYTQ0OC00NWZmLWIwMDktYjJlNDc0MzVhMmViXkEyXkFqcGc@._V1_QL75_UX100_CR0,0,100,148_.jpg', 'width': 100, 'height': 148}, {'url': 'https://m.media-amazon.com/images/M/MV5BYWRmY2I0MGItYTQ0OC00NWZmLWIwMDktYjJlNDc0MzVhMmViXkEyXkFqcGc@._V1_QL75_UX280_CR0,0,280,414_.jpg', 'width': 280, 'height': 414}, {'url': 'https://m.media-amazon.com/images/M/MV5BYWRmY2I0MGItYTQ0OC00NWZmLWIwMDktYjJlNDc0MzVhMmViXkEyXkFqcGc@._V1_QL75_UX380_CR0,0,380,562_.jpg', 'width': 380, 'height': 562}]",https://www.youtube.com/watch?v=FfpF8UUVTeM,G,1939,,25-08-1939,"['Adventure Epic', 'Classic Musical', 'Fairy Tale', 'Fantasy Epic', 'Quest', 'Adventure', 'Family', 'Fantasy', 'Musical']",['US'],['https://www.warnerbros.com/movies/wizard-oz'],['en'],"['Stage 28, Sony Pictures Studios - 10202 W. Washington Blvd., Culver City, California, USA']","[{'id': 'co0007143', 'name': 'Metro-Goldwyn-Mayer (MGM)'}]",2777000,25637669,"['Adventure', 'Family', 'Fantasy']",FALSE,102,8.1,470727,92
tt0058946,https://www.imdb.com/title/tt0058946/,The Battle of Algiers,La battaglia di Algeri,movie,"In the 1950s, fear and violence escalate as the people of Algiers fight for independence from the French government.",https://m.media-amazon.com/images/M/MV5BMTY2Mjk0OGEtYTM3Yy00ZWZiLWFhNjAtNGExMjEzNGVmMDMxXkEyXkFqcGc@.jpg,"[{'url': 'https://m.media-amazon.com/images/M/MV5BMTY2Mjk0OGEtYTM3Yy00ZWZiLWFhNjAtNGExMjEzNGVmMDMxXkEyXkFqcGc@._V1_QL75_UX100_CR0,0,100,148_.jpg', 'width': 100, 'height': 148}, {'url': 'https://m.media-amazon.com/images/M/MV5BMTY2Mjk0OGEtYTM3Yy00ZWZiLWFhNjAtNGExMjEzNGVmMDMxXkEyXkFqcGc@._V1_QL75_UX280_CR0,0,280,414_.jpg', 'width': 280, 'height': 414}, {'url': 'https://m.media-amazon.com/images/M/MV5BMTY2Mjk0OGEtYTM3Yy00ZWZiLWFhNjAtNGExMjEzNGVmMDMxXkEyXkFqcGc@._V1_QL75_UX380_CR0,0,380,562_.jpg', 'width': 380, 'height': 562}]",https://www.youtube.com/watch?v=vhhoS3zOskE,Not Rated,1966,,20-09-1967,"['Arabic', 'Docudrama', 'Political Drama', 'Drama', 'War']","['IT', 'DZ']",['https://www.criterion.com/films/248-the-battle-of-algiers'],"['ar', 'fr', 'en', 'es']","['Casbah, Algiers, Algeria']","[{'id': 'co0136687', 'name': 'Casbah Film'}, {'id': 'co0054014', 'name': 'Igor Film'}]",800000,963474,"['Drama', 'War']",FALSE,121,8.1,76541,96
tt0476735,https://www.imdb.com/title/tt0476735/,My Father and My Son,Babam ve Oglum,movie,The family of a left-wing journalist is torn apart after the military coup of Turkey in 1980.,https://m.media-amazon.com/images/M/MV5BZDE3MTBkNmQtNGFjMC00YTcwLWExY2ItN2MyMGZkNWJlMmFmXkEyXkFqcGc@.jpg,"[{'url': 'https://m.media-amazon.com/images/M/MV5BZDE3MTBkNmQtNGFjMC00YTcwLWExY2ItN2MyMGZkNWJlMmFmXkEyXkFqcGc@._V1_QL75_UX100_CR0,0,100,148_.jpg', 'width': 100, 'height': 148}, {'url': 'https://m.media-amazon.com/images/M/MV5BZDE3MTBkNmQtNGFjMC00YTcwLWExY2ItN2MyMGZkNWJlMmFmXkEyXkFqcGc@._V1_QL75_UX280_CR0,0,280,414_.jpg', 'width': 280, 'height': 414}, {'url': 'https://m.media-amazon.com/images/M/MV5BZDE3MTBkNmQtNGFjMC00YTcwLWExY2ItN2MyMGZkNWJlMmFmXkEyXkFqcGc@._V1_QL75_UX380_CR0,0,380,562_.jpg', 'width': 380, 'height': 562}]",https://www.youtube.com/watch?v=KTmrUXNxwWI,Not Rated,2005,,18-11-2005,"['Turkish', 'Coming-of-Age', 'Political Drama', 'Psychological Drama', 'Drama']",['TR'],[],['tr'],"['Seferihisar, Turkey']","[{'id': 'co0209851', 'name': 'Avsar Film'}]",,18612999,['Drama'],FALSE,112,8.2,101710,
tt0019254,https://www.imdb.com/title/tt0019254/,The Passion of Joan of Arc,La passion de Jeanne d'Arc,movie,"In 1431, Jeanne d'Arc is placed on trial on charges of heresy, and the ecclesiastical jurists attempt to force her to recant her claims of holy visions.",https://m.media-amazon.com/images/M/MV5BNTE1MDliZjgtYTU2Yy00YjAxLTljYTItNDE2ZGYwYTY1MGQ1XkEyXkFqcGc@.jpg,"[{'url': 'https://m.media-amazon.com/images/M/MV5BNTE1MDliZjgtYTU2Yy00YjAxLTljYTItNDE2ZGYwYTY1MGQ1XkEyXkFqcGc@._V1_QL75_UX100_CR0,0,100,148_.jpg', 'width': 100, 'height': 148}, {'url': 'https://m.media-amazon.com/images/M/MV5BNTE1MDliZjgtYTU2Yy00YjAxLTljYTItNDE2ZGYwYTY1MGQ1XkEyXkFqcGc@._V1_QL75_UX280_CR0,0,280,414_.jpg', 'width': 280, 'height': 414}, {'url': 'https://m.media-amazon.com/images/M/MV5BNTE1MDliZjgtYTU2Yy00YjAxLTljYTItNDE2ZGYwYTY1MGQ1XkEyXkFqcGc@._V1_QL75_UX380_CR0,0,380,562_.jpg', 'width': 380, 'height': 562}]",https://www.youtube.com/watch?v=Iz3XmfNzrNs,Passed,1928,,25-10-1928,"['Costume Drama', 'Legal Drama', 'Period Drama', 'Psychological Drama', 'Tragedy', 'Biography', 'Drama', 'History']",['FR'],[],"['fr', 'la']","['Boulogne-Billancourt, Hauts-de-Seine, France']","[{'id': 'co0065371', 'name': 'Société générale des films'}]",,22731,"['Biography', 'Drama', 'History']",FALSE,114,8.1,68877,98
tt4016934,https://www.imdb.com/title/tt4016934/,The Handmaiden,Ah-ga-ssi,movie,"In 1930s Korea, a girl is hired as a handmaiden to a Japanese heiress who lives a secluded life on a countryside estate. But the maid has a secret: She is a pickpocket recruited by a swindler to help seduce the Lady and steal her fortune.",https://m.media-amazon.com/images/M/MV5BOTllZDI1OGItOGUxNS00OGZhLWIzMjAtYzllZTY1YTA0ZmYwXkEyXkFqcGc@.jpg,"[{'url': 'https://m.media-amazon.com/images/M/MV5BOTllZDI1OGItOGUxNS00OGZhLWIzMjAtYzllZTY1YTA0ZmYwXkEyXkFqcGc@._V1_QL75_UX100_CR0,0,100,148_.jpg', 'width': 100, 'height': 148}, {'url': 'https://m.media-amazon.com/images/M/MV5BOTllZDI1OGItOGUxNS00OGZhLWIzMjAtYzllZTY1YTA0ZmYwXkEyXkFqcGc@._V1_QL75_UX280_CR0,0,280,414_.jpg', 'width': 280, 'height': 414}, {'url': 'https://m.media-amazon.com/images/M/MV5BOTllZDI1OGItOGUxNS00OGZhLWIzMjAtYzllZTY1YTA0ZmYwXkEyXkFqcGc@._V1_QL75_UX380_CR0,0,380,562_.jpg', 'width': 380, 'height': 562}]",https://www.youtube.com/watch?v=6sVYumzrKvs,Not Rated,2016,,02-09-2017,"['Korean', 'Dark Romance', 'Erotic Thriller', 'Psychological Thriller', 'Romantic Epic', 'Steamy Romance', 'Drama', 'Romance', 'Thriller']",['KR'],"['https://www.amazon.com/dp/B01M0K5JA5', 'https://www.facebook.com/handmaidenmovie']","['ko', 'ja']","['Nagoya, Aichi, Japan']","[{'id': 'co0043365', 'name': 'CJ Entertainment'}, {'id': 'co0157434', 'name': 'Moho Film'}, {'id': 'co0484128', 'name': 'Yong Film'}]",10000000000,37962797,"['Drama', 'Romance', 'Thriller']",FALSE,145,8.1,206661,85
